case_id,time_s,z_center_m,velocity_m_s,acceleration_m_s2,submerged_length_m,immersion_fraction,submerged_volume_m3,buoyancy_N,weight_N,net_hydrostatic_force_N,free_surface_force_N,constraint_force_N,constraint_force_abs_N
Ref-01B-B-0p50mps,0.0,-0.24225000000000002,0.5,0.0,0.323,1.0,0.002054837214896744,20.151069373467152,19.907499499999997,0.24356987346715542,0.0,-0.24356987346715542,0.24356987346715542
Ref-01B-B-0p50mps,0.001,-0.24175000000000002,0.5,0.0,0.323,1.0,0.002054837214896744,20.151069373467152,19.907499499999997,0.24356987346715542,0.0,-0.24356987346715542,0.24356987346715542
Ref-01B-B-0p50mps,0.002,-0.24125000000000002,0.5,0.0,0.323,1.0,0.002054837214896744,20.151069373467152,19.907499499999997,0.24356987346715542,0.0,-0.24356987346715542,0.24356987346715542
Ref-01B-B-0p50mps,0.003,-0.24075000000000002,0.5,0.0,0.323,1.0,0.002054837214896744,20.151069373467152,19.907499499999997,0.24356987346715542,0.0,-0.24356987346715542,0.24356987346715542
Ref-01B-B-0p50mps,0.004,-0.24025000000000002,0.5,0.0,0.323,1.0,0.002054837214896744,20.151069373467152,19.907499499999997,0.24356987346715542,0.0,-0.24356987346715542,0.24356987346715542
Ref-01B-B-0p50mps,0.005,-0.23975000000000002,0.5,0.0,0.323,1.0,0.002054837214896744,20.151069373467152,19.907499499999997,0.24356987346715542,0.0,-0.24356987346715542,0.24356987346715542
Ref-01B-B-0p50mps,0.006,-0.23925000000000002,0.5,0.0,0.323,1.0,0.002054837214896744,20.151069373467152,19.907499499999997,0.24356987346715542,0.0,-0.24356987346715542,0.24356987346715542
Ref-01B-B-0p50mps,0.007,-0.23875000000000002,0.5,0.0,0.323,1.0,0.002054837214896744,20.151069373467152,19.907499499999997,0.24356987346715542,0.0,-0.24356987346715542,0.24356987346715542
Ref-01B-B-0p50mps,0.008,-0.23825000000000002,0.5,0.0,0.323,1.0,0.002054837214896744,20.151069373467152,19.907499499999997,0.24356987346715542,0.0,-0.24356987346715542,0.24356987346715542
Ref-01B-B-0p50mps,0.009000000000000001,-0.23775000000000002,0.5,0.0,0.323,1.0,0.002054837214896744,20.151069373467152,19.907499499999997,0.24356987346715542,0.0,-0.24356987346715542,0.24356987346715542
Ref-01B-B-0p50mps,0.01,-0.23725000000000002,0.5,0.0,0.323,1.0,0.002054837214896744,20.151069373467152,19.907499499999997,0.24356987346715542,0.0,-0.24356987346715542,0.24356987346715542
Ref-01B-B-0p50mps,0.011,-0.23675000000000002,0.5,0.0,0.323,1.0,0.002054837214896744,20.151069373467152,19.907499499999997,0.24356987346715542,0.0,-0.24356987346715542,0.24356987346715542
Ref-01B-B-0p50mps,0.012,-0.23625000000000002,0.5,0.0,0.323,1.0,0.002054837214896744,20.151069373467152,19.907499499999997,0.24356987346715542,0.0,-0.24356987346715542,0.24356987346715542
Ref-01B-B-0p50mps,0.013000000000000001,-0.23575000000000002,0.5,0.0,0.323,1.0,0.002054837214896744,20.151069373467152,19.907499499999997,0.24356987346715542,0.0,-0.24356987346715542,0.24356987346715542
Ref-01B-B-0p50mps,0.014,-0.23525000000000001,0.5,0.0,0.323,1.0,0.002054837214896744,20.151069373467152,19.907499499999997,0.24356987346715542,0.0,-0.24356987346715542,0.24356987346715542
Ref-01B-B-0p50mps,0.015,-0.23475000000000001,0.5,0.0,0.323,1.0,0.002054837214896744,20.151069373467152,19.907499499999997,0.24356987346715542,0.0,-0.24356987346715542,0.24356987346715542
Ref-01B-B-0p50mps,0.016,-0.23425,0.5,0.0,0.323,1.0,0.002054837214896744,20.151069373467152,19.907499499999997,0.24356987346715542,0.0,-0.24356987346715542,0.24356987346715542
Ref-01B-B-0p50mps,0.017,-0.23375,0.5,0.0,0.323,1.0,0.002054837214896744,20.151069373467152,19.907499499999997,0.24356987346715542,0.0,-0.24356987346715542,0.24356987346715542
Ref-01B-B-0p50mps,0.018000000000000002,-0.23325,0.5,0.0,0.323,1.0,0.002054837214896744,20.151069373467152,19.907499499999997,0.24356987346715542,0.0,-0.24356987346715542,0.24356987346715542
Ref-01B-B-0p50mps,0.019,-0.23275,0.5,0.0,0.323,1.0,0.002054837214896744,20.151069373467152,19.907499499999997,0.24356987346715542,0.0,-0.24356987346715542,0.24356987346715542
Ref-01B-B-0p50mps,0.02,-0.23225,0.5,0.0,0.323,1.0,0.002054837214896744,20.151069373467152,19.907499499999997,0.24356987346715542,0.0,-0.24356987346715542,0.24356987346715542
Ref-01B-B-0p50mps,0.021,-0.23175,0.5,0.0,0.323,1.0,0.002054837214896744,20.151069373467152,19.907499499999997,0.24356987346715542,0.0,-0.24356987346715542,0.24356987346715542
Ref-01B-B-0p50mps,0.022,-0.23125,0.5,0.0,0.323,1.0,0.002054837214896744,20.151069373467152,19.907499499999997,0.24356987346715542,0.0,-0.24356987346715542,0.24356987346715542
Ref-01B-B-0p50mps,0.023,-0.23075,0.5,0.0,0.323,1.0,0.002054837214896744,20.151069373467152,19.907499499999997,0.24356987346715542,0.0,-0.24356987346715542,0.24356987346715542
Ref-01B-B-0p50mps,0.024,-0.23025,0.5,0.0,0.323,1.0,0.002054837214896744,20.151069373467152,19.907499499999997,0.24356987346715542,0.0,-0.24356987346715542,0.24356987346715542
Ref-01B-B-0p50mps,0.025,-0.22975,0.5,0.0,0.323,1.0,0.002054837214896744,20.151069373467152,19.907499499999997,0.24356987346715542,0.0,-0.24356987346715542,0.24356987346715542
Ref-01B-B-0p50mps,0.026000000000000002,-0.22925,0.5,0.0,0.323,1.0,0.002054837214896744,20.151069373467152,19.907499499999997,0.24356987346715542,0.0,-0.24356987346715542,0.24356987346715542
Ref-01B-B-0p50mps,0.027,-0.22875,0.5,0.0,0.323,1.0,0.002054837214896744,20.151069373467152,19.907499499999997,0.24356987346715542,0.0,-0.24356987346715542,0.24356987346715542
Ref-01B-B-0p50mps,0.028,-0.22825,0.5,0.0,0.323,1.0,0.002054837214896744,20.151069373467152,19.907499499999997,0.24356987346715542,0.0,-0.24356987346715542,0.24356987346715542
Ref-01B-B-0p50mps,0.029,-0.22775,0.5,0.0,0.323,1.0,0.002054837214896744,20.151069373467152,19.907499499999997,0.24356987346715542,0.0,-0.24356987346715542,0.24356987346715542
Ref-01B-B-0p50mps,0.03,-0.22725,0.5,0.0,0.323,1.0,0.002054837214896744,20.151069373467152,19.907499499999997,0.24356987346715542,0.0,-0.24356987346715542,0.24356987346715542
Ref-01B-B-0p50mps,0.031,-0.22675,0.5,0.0,0.323,1.0,0.002054837214896744,20.151069373467152,19.907499499999997,0.24356987346715542,0.0,-0.24356987346715542,0.24356987346715542
Ref-01B-B-0p50mps,0.032,-0.22625,0.5,0.0,0.323,1.0,0.002054837214896744,20.151069373467152,19.907499499999997,0.24356987346715542,0.0,-0.24356987346715542,0.24356987346715542
Ref-01B-B-0p50mps,0.033,-0.22575,0.5,0.0,0.323,1.0,0.002054837214896744,20.151069373467152,19.907499499999997,0.24356987346715542,0.0,-0.24356987346715542,0.24356987346715542
Ref-01B-B-0p50mps,0.034,-0.22525,0.5,0.0,0.323,1.0,0.002054837214896744,20.151069373467152,19.907499499999997,0.24356987346715542,0.0,-0.24356987346715542,0.24356987346715542
Ref-01B-B-0p50mps,0.035,-0.22475,0.5,0.0,0.323,1.0,0.002054837214896744,20.151069373467152,19.907499499999997,0.24356987346715542,0.0,-0.24356987346715542,0.24356987346715542
Ref-01B-B-0p50mps,0.036000000000000004,-0.22425,0.5,0.0,0.323,1.0,0.002054837214896744,20.151069373467152,19.907499499999997,0.24356987346715542,0.0,-0.24356987346715542,0.24356987346715542
Ref-01B-B-0p50mps,0.037,-0.22375000000000003,0.5,0.0,0.323,1.0,0.002054837214896744,20.151069373467152,19.907499499999997,0.24356987346715542,0.0,-0.24356987346715542,0.24356987346715542
Ref-01B-B-0p50mps,0.038,-0.22325000000000003,0.5,0.0,0.323,1.0,0.002054837214896744,20.151069373467152,19.907499499999997,0.24356987346715542,0.0,-0.24356987346715542,0.24356987346715542
Ref-01B-B-0p50mps,0.039,-0.22275000000000003,0.5,0.0,0.323,1.0,0.002054837214896744,20.151069373467152,19.907499499999997,0.24356987346715542,0.0,-0.24356987346715542,0.24356987346715542
Ref-01B-B-0p50mps,0.04,-0.22225000000000003,0.5,0.0,0.323,1.0,0.002054837214896744,20.151069373467152,19.907499499999997,0.24356987346715542,0.0,-0.24356987346715542,0.24356987346715542
Ref-01B-B-0p50mps,0.041,-0.22175000000000003,0.5,0.0,0.323,1.0,0.002054837214896744,20.151069373467152,19.907499499999997,0.24356987346715542,0.0,-0.24356987346715542,0.24356987346715542
Ref-01B-B-0p50mps,0.042,-0.22125000000000003,0.5,0.0,0.323,1.0,0.002054837214896744,20.151069373467152,19.907499499999997,0.24356987346715542,0.0,-0.24356987346715542,0.24356987346715542
Ref-01B-B-0p50mps,0.043000000000000003,-0.22075000000000003,0.5,0.0,0.323,1.0,0.002054837214896744,20.151069373467152,19.907499499999997,0.24356987346715542,0.0,-0.24356987346715542,0.24356987346715542
Ref-01B-B-0p50mps,0.044,-0.22025000000000003,0.5,0.0,0.323,1.0,0.002054837214896744,20.151069373467152,19.907499499999997,0.24356987346715542,0.0,-0.24356987346715542,0.24356987346715542
Ref-01B-B-0p50mps,0.045,-0.21975000000000003,0.5,0.0,0.323,1.0,0.002054837214896744,20.151069373467152,19.907499499999997,0.24356987346715542,0.0,-0.24356987346715542,0.24356987346715542
Ref-01B-B-0p50mps,0.046,-0.21925000000000003,0.5,0.0,0.323,1.0,0.002054837214896744,20.151069373467152,19.907499499999997,0.24356987346715542,0.0,-0.24356987346715542,0.24356987346715542
Ref-01B-B-0p50mps,0.047,-0.21875000000000003,0.5,0.0,0.323,1.0,0.002054837214896744,20.151069373467152,19.907499499999997,0.24356987346715542,0.0,-0.24356987346715542,0.24356987346715542
Ref-01B-B-0p50mps,0.048,-0.21825000000000003,0.5,0.0,0.323,1.0,0.002054837214896744,20.151069373467152,19.907499499999997,0.24356987346715542,0.0,-0.24356987346715542,0.24356987346715542
Ref-01B-B-0p50mps,0.049,-0.21775000000000003,0.5,0.0,0.323,1.0,0.002054837214896744,20.151069373467152,19.907499499999997,0.24356987346715542,0.0,-0.24356987346715542,0.24356987346715542
Ref-01B-B-0p50mps,0.05,-0.21725000000000003,0.5,0.0,0.323,1.0,0.002054837214896744,20.151069373467152,19.907499499999997,0.24356987346715542,0.0,-0.24356987346715542,0.24356987346715542
Ref-01B-B-0p50mps,0.051000000000000004,-0.21675000000000003,0.5,0.0,0.323,1.0,0.002054837214896744,20.151069373467152,19.907499499999997,0.24356987346715542,0.0,-0.24356987346715542,0.24356987346715542
Ref-01B-B-0p50mps,0.052000000000000005,-0.21625000000000003,0.5,0.0,0.323,1.0,0.002054837214896744,20.151069373467152,19.907499499999997,0.24356987346715542,0.0,-0.24356987346715542,0.24356987346715542
Ref-01B-B-0p50mps,0.053,-0.21575000000000003,0.5,0.0,0.323,1.0,0.002054837214896744,20.151069373467152,19.907499499999997,0.24356987346715542,0.0,-0.24356987346715542,0.24356987346715542
Ref-01B-B-0p50mps,0.054,-0.21525000000000002,0.5,0.0,0.323,1.0,0.002054837214896744,20.151069373467152,19.907499499999997,0.24356987346715542,0.0,-0.24356987346715542,0.24356987346715542
Ref-01B-B-0p50mps,0.055,-0.21475000000000002,0.5,0.0,0.323,1.0,0.002054837214896744,20.151069373467152,19.907499499999997,0.24356987346715542,0.0,-0.24356987346715542,0.24356987346715542
Ref-01B-B-0p50mps,0.056,-0.21425000000000002,0.5,0.0,0.323,1.0,0.002054837214896744,20.151069373467152,19.907499499999997,0.24356987346715542,0.0,-0.24356987346715542,0.24356987346715542
Ref-01B-B-0p50mps,0.057,-0.21375000000000002,0.5,0.0,0.323,1.0,0.002054837214896744,20.151069373467152,19.907499499999997,0.24356987346715542,0.0,-0.24356987346715542,0.24356987346715542
Ref-01B-B-0p50mps,0.058,-0.21325000000000002,0.5,0.0,0.323,1.0,0.002054837214896744,20.151069373467152,19.907499499999997,0.24356987346715542,0.0,-0.24356987346715542,0.24356987346715542
Ref-01B-B-0p50mps,0.059000000000000004,-0.21275000000000002,0.5,0.0,0.323,1.0,0.002054837214896744,20.151069373467152,19.907499499999997,0.24356987346715542,0.0,-0.24356987346715542,0.24356987346715542
Ref-01B-B-0p50mps,0.06,-0.21225000000000002,0.5,0.0,0.323,1.0,0.002054837214896744,20.151069373467152,19.907499499999997,0.24356987346715542,0.0,-0.24356987346715542,0.24356987346715542
Ref-01B-B-0p50mps,0.061,-0.21175000000000002,0.5,0.0,0.323,1.0,0.002054837214896744,20.151069373467152,19.907499499999997,0.24356987346715542,0.0,-0.24356987346715542,0.24356987346715542
Ref-01B-B-0p50mps,0.062,-0.21125000000000002,0.5,0.0,0.323,1.0,0.002054837214896744,20.151069373467152,19.907499499999997,0.24356987346715542,0.0,-0.24356987346715542,0.24356987346715542
Ref-01B-B-0p50mps,0.063,-0.21075000000000002,0.5,0.0,0.323,1.0,0.002054837214896744,20.151069373467152,19.907499499999997,0.24356987346715542,0.0,-0.24356987346715542,0.24356987346715542
Ref-01B-B-0p50mps,0.064,-0.21025000000000002,0.5,0.0,0.323,1.0,0.002054837214896744,20.151069373467152,19.907499499999997,0.24356987346715542,0.0,-0.24356987346715542,0.24356987346715542
Ref-01B-B-0p50mps,0.065,-0.20975000000000002,0.5,0.0,0.323,1.0,0.002054837214896744,20.151069373467152,19.907499499999997,0.24356987346715542,0.0,-0.24356987346715542,0.24356987346715542
Ref-01B-B-0p50mps,0.066,-0.20925000000000002,0.5,0.0,0.323,1.0,0.002054837214896744,20.151069373467152,19.907499499999997,0.24356987346715542,0.0,-0.24356987346715542,0.24356987346715542
Ref-01B-B-0p50mps,0.067,-0.20875000000000002,0.5,0.0,0.323,1.0,0.002054837214896744,20.151069373467152,19.907499499999997,0.24356987346715542,0.0,-0.24356987346715542,0.24356987346715542
Ref-01B-B-0p50mps,0.068,-0.20825000000000002,0.5,0.0,0.323,1.0,0.002054837214896744,20.151069373467152,19.907499499999997,0.24356987346715542,0.0,-0.24356987346715542,0.24356987346715542
Ref-01B-B-0p50mps,0.069,-0.20775000000000002,0.5,0.0,0.323,1.0,0.002054837214896744,20.151069373467152,19.907499499999997,0.24356987346715542,0.0,-0.24356987346715542,0.24356987346715542
Ref-01B-B-0p50mps,0.07,-0.20725000000000002,0.5,0.0,0.323,1.0,0.002054837214896744,20.151069373467152,19.907499499999997,0.24356987346715542,0.0,-0.24356987346715542,0.24356987346715542
Ref-01B-B-0p50mps,0.07100000000000001,-0.20675000000000002,0.5,0.0,0.323,1.0,0.002054837214896744,20.151069373467152,19.907499499999997,0.24356987346715542,0.0,-0.24356987346715542,0.24356987346715542
Ref-01B-B-0p50mps,0.07200000000000001,-0.20625000000000002,0.5,0.0,0.323,1.0,0.002054837214896744,20.151069373467152,19.907499499999997,0.24356987346715542,0.0,-0.24356987346715542,0.24356987346715542
Ref-01B-B-0p50mps,0.073,-0.20575000000000002,0.5,0.0,0.323,1.0,0.002054837214896744,20.151069373467152,19.907499499999997,0.24356987346715542,0.0,-0.24356987346715542,0.24356987346715542
Ref-01B-B-0p50mps,0.074,-0.20525000000000002,0.5,0.0,0.323,1.0,0.002054837214896744,20.151069373467152,19.907499499999997,0.24356987346715542,0.0,-0.24356987346715542,0.24356987346715542
Ref-01B-B-0p50mps,0.075,-0.20475000000000002,0.5,0.0,0.323,1.0,0.002054837214896744,20.151069373467152,19.907499499999997,0.24356987346715542,0.0,-0.24356987346715542,0.24356987346715542
Ref-01B-B-0p50mps,0.076,-0.20425000000000001,0.5,0.0,0.323,1.0,0.002054837214896744,20.151069373467152,19.907499499999997,0.24356987346715542,0.0,-0.24356987346715542,0.24356987346715542
Ref-01B-B-0p50mps,0.077,-0.20375000000000001,0.5,0.0,0.323,1.0,0.002054837214896744,20.151069373467152,19.907499499999997,0.24356987346715542,0.0,-0.24356987346715542,0.24356987346715542
Ref-01B-B-0p50mps,0.078,-0.20325000000000001,0.5,0.0,0.323,1.0,0.002054837214896744,20.151069373467152,19.907499499999997,0.24356987346715542,0.0,-0.24356987346715542,0.24356987346715542
Ref-01B-B-0p50mps,0.079,-0.20275,0.5,0.0,0.323,1.0,0.002054837214896744,20.151069373467152,19.907499499999997,0.24356987346715542,0.0,-0.24356987346715542,0.24356987346715542
Ref-01B-B-0p50mps,0.08,-0.20225,0.5,0.0,0.323,1.0,0.002054837214896744,20.151069373467152,19.907499499999997,0.24356987346715542,0.0,-0.24356987346715542,0.24356987346715542
Ref-01B-B-0p50mps,0.081,-0.20175,0.5,0.0,0.323,1.0,0.002054837214896744,20.151069373467152,19.907499499999997,0.24356987346715542,0.0,-0.24356987346715542,0.24356987346715542
Ref-01B-B-0p50mps,0.082,-0.20125,0.5,0.0,0.323,1.0,0.002054837214896744,20.151069373467152,19.907499499999997,0.24356987346715542,0.0,-0.24356987346715542,0.24356987346715542
Ref-01B-B-0p50mps,0.083,-0.20075,0.5,0.0,0.323,1.0,0.002054837214896744,20.151069373467152,19.907499499999997,0.24356987346715542,0.0,-0.24356987346715542,0.24356987346715542
Ref-01B-B-0p50mps,0.084,-0.20025,0.5,0.0,0.323,1.0,0.002054837214896744,20.151069373467152,19.907499499999997,0.24356987346715542,0.0,-0.24356987346715542,0.24356987346715542
Ref-01B-B-0p50mps,0.085,-0.19975,0.5,0.0,0.323,1.0,0.002054837214896744,20.151069373467152,19.907499499999997,0.24356987346715542,0.0,-0.24356987346715542,0.24356987346715542
Ref-01B-B-0p50mps,0.08600000000000001,-0.19925,0.5,0.0,0.323,1.0,0.002054837214896744,20.151069373467152,19.907499499999997,0.24356987346715542,0.0,-0.24356987346715542,0.24356987346715542
Ref-01B-B-0p50mps,0.08700000000000001,-0.19875,0.5,0.0,0.323,1.0,0.002054837214896744,20.151069373467152,19.907499499999997,0.24356987346715542,0.0,-0.24356987346715542,0.24356987346715542
Ref-01B-B-0p50mps,0.088,-0.19825000000000004,0.5,0.0,0.323,1.0,0.002054837214896744,20.151069373467152,19.907499499999997,0.24356987346715542,0.0,-0.24356987346715542,0.24356987346715542
Ref-01B-B-0p50mps,0.089,-0.19775000000000004,0.5,0.0,0.323,1.0,0.002054837214896744,20.151069373467152,19.907499499999997,0.24356987346715542,0.0,-0.24356987346715542,0.24356987346715542
Ref-01B-B-0p50mps,0.09,-0.19725000000000004,0.5,0.0,0.323,1.0,0.002054837214896744,20.151069373467152,19.907499499999997,0.24356987346715542,0.0,-0.24356987346715542,0.24356987346715542
Ref-01B-B-0p50mps,0.091,-0.19675000000000004,0.5,0.0,0.323,1.0,0.002054837214896744,20.151069373467152,19.907499499999997,0.24356987346715542,0.0,-0.24356987346715542,0.24356987346715542
Ref-01B-B-0p50mps,0.092,-0.19625000000000004,0.5,0.0,0.323,1.0,0.002054837214896744,20.151069373467152,19.907499499999997,0.24356987346715542,0.0,-0.24356987346715542,0.24356987346715542
Ref-01B-B-0p50mps,0.093,-0.19575000000000004,0.5,0.0,0.323,1.0,0.002054837214896744,20.151069373467152,19.907499499999997,0.24356987346715542,0.0,-0.24356987346715542,0.24356987346715542
Ref-01B-B-0p50mps,0.094,-0.19525000000000003,0.5,0.0,0.323,1.0,0.002054837214896744,20.151069373467152,19.907499499999997,0.24356987346715542,0.0,-0.24356987346715542,0.24356987346715542
Ref-01B-B-0p50mps,0.095,-0.19475000000000003,0.5,0.0,0.323,1.0,0.002054837214896744,20.151069373467152,19.907499499999997,0.24356987346715542,0.0,-0.24356987346715542,0.24356987346715542
Ref-01B-B-0p50mps,0.096,-0.19425000000000003,0.5,0.0,0.323,1.0,0.002054837214896744,20.151069373467152,19.907499499999997,0.24356987346715542,0.0,-0.24356987346715542,0.24356987346715542
Ref-01B-B-0p50mps,0.097,-0.19375000000000003,0.5,0.0,0.323,1.0,0.002054837214896744,20.151069373467152,19.907499499999997,0.24356987346715542,0.0,-0.24356987346715542,0.24356987346715542
Ref-01B-B-0p50mps,0.098,-0.19325000000000003,0.5,0.0,0.323,1.0,0.002054837214896744,20.151069373467152,19.907499499999997,0.24356987346715542,0.0,-0.24356987346715542,0.24356987346715542
Ref-01B-B-0p50mps,0.099,-0.19275000000000003,0.5,0.0,0.323,1.0,0.002054837214896744,20.151069373467152,19.907499499999997,0.24356987346715542,0.0,-0.24356987346715542,0.24356987346715542
Ref-01B-B-0p50mps,0.1,-0.19225000000000003,0.5,0.0,0.323,1.0,0.002054837214896744,20.151069373467152,19.907499499999997,0.24356987346715542,0.0,-0.24356987346715542,0.24356987346715542
Ref-01B-B-0p50mps,0.101,-0.19175000000000003,0.5,0.0,0.323,1.0,0.002054837214896744,20.151069373467152,19.907499499999997,0.24356987346715542,0.0,-0.24356987346715542,0.24356987346715542
Ref-01B-B-0p50mps,0.10200000000000001,-0.19125000000000003,0.5,0.0,0.323,1.0,0.002054837214896744,20.151069373467152,19.907499499999997,0.24356987346715542,0.0,-0.24356987346715542,0.24356987346715542
Ref-01B-B-0p50mps,0.10300000000000001,-0.19075000000000003,0.5,0.0,0.323,1.0,0.002054837214896744,20.151069373467152,19.907499499999997,0.24356987346715542,0.0,-0.24356987346715542,0.24356987346715542
Ref-01B-B-0p50mps,0.10400000000000001,-0.19025000000000003,0.5,0.0,0.323,1.0,0.002054837214896744,20.151069373467152,19.907499499999997,0.24356987346715542,0.0,-0.24356987346715542,0.24356987346715542
Ref-01B-B-0p50mps,0.105,-0.18975000000000003,0.5,0.0,0.323,1.0,0.002054837214896744,20.151069373467152,19.907499499999997,0.24356987346715542,0.0,-0.24356987346715542,0.24356987346715542
Ref-01B-B-0p50mps,0.106,-0.18925000000000003,0.5,0.0,0.323,1.0,0.002054837214896744,20.151069373467152,19.907499499999997,0.24356987346715542,0.0,-0.24356987346715542,0.24356987346715542
Ref-01B-B-0p50mps,0.107,-0.18875000000000003,0.5,0.0,0.323,1.0,0.002054837214896744,20.151069373467152,19.907499499999997,0.24356987346715542,0.0,-0.24356987346715542,0.24356987346715542
Ref-01B-B-0p50mps,0.108,-0.18825000000000003,0.5,0.0,0.323,1.0,0.002054837214896744,20.151069373467152,19.907499499999997,0.24356987346715542,0.0,-0.24356987346715542,0.24356987346715542
Ref-01B-B-0p50mps,0.109,-0.18775000000000003,0.5,0.0,0.323,1.0,0.002054837214896744,20.151069373467152,19.907499499999997,0.24356987346715542,0.0,-0.24356987346715542,0.24356987346715542
Ref-01B-B-0p50mps,0.11,-0.18725000000000003,0.5,0.0,0.323,1.0,0.002054837214896744,20.151069373467152,19.907499499999997,0.24356987346715542,0.0,-0.24356987346715542,0.24356987346715542
Ref-01B-B-0p50mps,0.111,-0.18675000000000003,0.5,0.0,0.323,1.0,0.002054837214896744,20.151069373467152,19.907499499999997,0.24356987346715542,0.0,-0.24356987346715542,0.24356987346715542
Ref-01B-B-0p50mps,0.112,-0.18625000000000003,0.5,0.0,0.323,1.0,0.002054837214896744,20.151069373467152,19.907499499999997,0.24356987346715542,0.0,-0.24356987346715542,0.24356987346715542
Ref-01B-B-0p50mps,0.113,-0.18575000000000003,0.5,0.0,0.323,1.0,0.002054837214896744,20.151069373467152,19.907499499999997,0.24356987346715542,0.0,-0.24356987346715542,0.24356987346715542
Ref-01B-B-0p50mps,0.114,-0.18525000000000003,0.5,0.0,0.323,1.0,0.002054837214896744,20.151069373467152,19.907499499999997,0.24356987346715542,0.0,-0.24356987346715542,0.24356987346715542
Ref-01B-B-0p50mps,0.115,-0.18475000000000003,0.5,0.0,0.323,1.0,0.002054837214896744,20.151069373467152,19.907499499999997,0.24356987346715542,0.0,-0.24356987346715542,0.24356987346715542
Ref-01B-B-0p50mps,0.116,-0.18425000000000002,0.5,0.0,0.323,1.0,0.002054837214896744,20.151069373467152,19.907499499999997,0.24356987346715542,0.0,-0.24356987346715542,0.24356987346715542
Ref-01B-B-0p50mps,0.117,-0.18375000000000002,0.5,0.0,0.323,1.0,0.002054837214896744,20.151069373467152,19.907499499999997,0.24356987346715542,0.0,-0.24356987346715542,0.24356987346715542
Ref-01B-B-0p50mps,0.11800000000000001,-0.18325000000000002,0.5,0.0,0.323,1.0,0.002054837214896744,20.151069373467152,19.907499499999997,0.24356987346715542,0.0,-0.24356987346715542,0.24356987346715542
Ref-01B-B-0p50mps,0.11900000000000001,-0.18275000000000002,0.5,0.0,0.323,1.0,0.002054837214896744,20.151069373467152,19.907499499999997,0.24356987346715542,0.0,-0.24356987346715542,0.24356987346715542
Ref-01B-B-0p50mps,0.12,-0.18225000000000002,0.5,0.0,0.323,1.0,0.002054837214896744,20.151069373467152,19.907499499999997,0.24356987346715542,0.0,-0.24356987346715542,0.24356987346715542
Ref-01B-B-0p50mps,0.121,-0.18175000000000002,0.5,0.0,0.323,1.0,0.002054837214896744,20.151069373467152,19.907499499999997,0.24356987346715542,0.0,-0.24356987346715542,0.24356987346715542
Ref-01B-B-0p50mps,0.122,-0.18125000000000002,0.5,0.0,0.323,1.0,0.002054837214896744,20.151069373467152,19.907499499999997,0.24356987346715542,0.0,-0.24356987346715542,0.24356987346715542
Ref-01B-B-0p50mps,0.123,-0.18075000000000002,0.5,0.0,0.323,1.0,0.002054837214896744,20.151069373467152,19.907499499999997,0.24356987346715542,0.0,-0.24356987346715542,0.24356987346715542
Ref-01B-B-0p50mps,0.124,-0.18025000000000002,0.5,0.0,0.323,1.0,0.002054837214896744,20.151069373467152,19.907499499999997,0.24356987346715542,0.0,-0.24356987346715542,0.24356987346715542
Ref-01B-B-0p50mps,0.125,-0.17975000000000002,0.5,0.0,0.323,1.0,0.002054837214896744,20.151069373467152,19.907499499999997,0.24356987346715542,0.0,-0.24356987346715542,0.24356987346715542
Ref-01B-B-0p50mps,0.126,-0.17925000000000002,0.5,0.0,0.323,1.0,0.002054837214896744,20.151069373467152,19.907499499999997,0.24356987346715542,0.0,-0.24356987346715542,0.24356987346715542
Ref-01B-B-0p50mps,0.127,-0.17875000000000002,0.5,0.0,0.323,1.0,0.002054837214896744,20.151069373467152,19.907499499999997,0.24356987346715542,0.0,-0.24356987346715542,0.24356987346715542
Ref-01B-B-0p50mps,0.128,-0.17825000000000002,0.5,0.0,0.323,1.0,0.002054837214896744,20.151069373467152,19.907499499999997,0.24356987346715542,0.0,-0.24356987346715542,0.24356987346715542
Ref-01B-B-0p50mps,0.129,-0.17775000000000002,0.5,0.0,0.323,1.0,0.002054837214896744,20.151069373467152,19.907499499999997,0.24356987346715542,0.0,-0.24356987346715542,0.24356987346715542
Ref-01B-B-0p50mps,0.13,-0.17725000000000002,0.5,0.0,0.323,1.0,0.002054837214896744,20.151069373467152,19.907499499999997,0.24356987346715542,0.0,-0.24356987346715542,0.24356987346715542
Ref-01B-B-0p50mps,0.131,-0.17675000000000002,0.5,0.0,0.323,1.0,0.002054837214896744,20.151069373467152,19.907499499999997,0.24356987346715542,0.0,-0.24356987346715542,0.24356987346715542
Ref-01B-B-0p50mps,0.132,-0.17625000000000002,0.5,0.0,0.323,1.0,0.002054837214896744,20.151069373467152,19.907499499999997,0.24356987346715542,0.0,-0.24356987346715542,0.24356987346715542
Ref-01B-B-0p50mps,0.133,-0.17575000000000002,0.5,0.0,0.323,1.0,0.002054837214896744,20.151069373467152,19.907499499999997,0.24356987346715542,0.0,-0.24356987346715542,0.24356987346715542
Ref-01B-B-0p50mps,0.134,-0.17525000000000002,0.5,0.0,0.323,1.0,0.002054837214896744,20.151069373467152,19.907499499999997,0.24356987346715542,0.0,-0.24356987346715542,0.24356987346715542
Ref-01B-B-0p50mps,0.135,-0.17475000000000002,0.5,0.0,0.323,1.0,0.002054837214896744,20.151069373467152,19.907499499999997,0.24356987346715542,0.0,-0.24356987346715542,0.24356987346715542
Ref-01B-B-0p50mps,0.136,-0.17425000000000002,0.5,0.0,0.323,1.0,0.002054837214896744,20.151069373467152,19.907499499999997,0.24356987346715542,0.0,-0.24356987346715542,0.24356987346715542
Ref-01B-B-0p50mps,0.137,-0.17375000000000002,0.5,0.0,0.323,1.0,0.002054837214896744,20.151069373467152,19.907499499999997,0.24356987346715542,0.0,-0.24356987346715542,0.24356987346715542
Ref-01B-B-0p50mps,0.138,-0.17325000000000002,0.5,0.0,0.323,1.0,0.002054837214896744,20.151069373467152,19.907499499999997,0.24356987346715542,0.0,-0.24356987346715542,0.24356987346715542
Ref-01B-B-0p50mps,0.139,-0.17275000000000001,0.5,0.0,0.323,1.0,0.002054837214896744,20.151069373467152,19.907499499999997,0.24356987346715542,0.0,-0.24356987346715542,0.24356987346715542
Ref-01B-B-0p50mps,0.14,-0.17225000000000001,0.5,0.0,0.323,1.0,0.002054837214896744,20.151069373467152,19.907499499999997,0.24356987346715542,0.0,-0.24356987346715542,0.24356987346715542
Ref-01B-B-0p50mps,0.14100000000000001,-0.17175,0.5,0.0,0.323,1.0,0.002054837214896744,20.151069373467152,19.907499499999997,0.24356987346715542,0.0,-0.24356987346715542,0.24356987346715542
Ref-01B-B-0p50mps,0.14200000000000002,-0.17125,0.5,0.0,0.323,1.0,0.002054837214896744,20.151069373467152,19.907499499999997,0.24356987346715542,0.0,-0.24356987346715542,0.24356987346715542
Ref-01B-B-0p50mps,0.14300000000000002,-0.17075,0.5,0.0,0.323,1.0,0.002054837214896744,20.151069373467152,19.907499499999997,0.24356987346715542,0.0,-0.24356987346715542,0.24356987346715542
Ref-01B-B-0p50mps,0.14400000000000002,-0.17025,0.5,0.0,0.323,1.0,0.002054837214896744,20.151069373467152,19.907499499999997,0.24356987346715542,0.0,-0.24356987346715542,0.24356987346715542
Ref-01B-B-0p50mps,0.145,-0.16975,0.5,0.0,0.323,1.0,0.002054837214896744,20.151069373467152,19.907499499999997,0.24356987346715542,0.0,-0.24356987346715542,0.24356987346715542
Ref-01B-B-0p50mps,0.146,-0.16925,0.5,0.0,0.323,1.0,0.002054837214896744,20.151069373467152,19.907499499999997,0.24356987346715542,0.0,-0.24356987346715542,0.24356987346715542
Ref-01B-B-0p50mps,0.147,-0.16875,0.5,0.0,0.323,1.0,0.002054837214896744,20.151069373467152,19.907499499999997,0.24356987346715542,0.0,-0.24356987346715542,0.24356987346715542
Ref-01B-B-0p50mps,0.148,-0.16825,0.5,0.0,0.323,1.0,0.002054837214896744,20.151069373467152,19.907499499999997,0.24356987346715542,0.0,-0.24356987346715542,0.24356987346715542
Ref-01B-B-0p50mps,0.149,-0.16775,0.5,0.0,0.323,1.0,0.002054837214896744,20.151069373467152,19.907499499999997,0.24356987346715542,0.0,-0.24356987346715542,0.24356987346715542
Ref-01B-B-0p50mps,0.15,-0.16725,0.5,0.0,0.323,1.0,0.002054837214896744,20.151069373467152,19.907499499999997,0.24356987346715542,0.0,-0.24356987346715542,0.24356987346715542
Ref-01B-B-0p50mps,0.151,-0.16675,0.5,0.0,0.323,1.0,0.002054837214896744,20.151069373467152,19.907499499999997,0.24356987346715542,0.0,-0.24356987346715542,0.24356987346715542
Ref-01B-B-0p50mps,0.152,-0.16625,0.5,0.0,0.323,1.0,0.002054837214896744,20.151069373467152,19.907499499999997,0.24356987346715542,0.0,-0.24356987346715542,0.24356987346715542
Ref-01B-B-0p50mps,0.153,-0.16575,0.5,0.0,0.323,1.0,0.002054837214896744,20.151069373467152,19.907499499999997,0.24356987346715542,0.0,-0.24356987346715542,0.24356987346715542
Ref-01B-B-0p50mps,0.154,-0.16525,0.5,0.0,0.323,1.0,0.002054837214896744,20.151069373467152,19.907499499999997,0.24356987346715542,0.0,-0.24356987346715542,0.24356987346715542
Ref-01B-B-0p50mps,0.155,-0.16475,0.5,0.0,0.323,1.0,0.002054837214896744,20.151069373467152,19.907499499999997,0.24356987346715542,0.0,-0.24356987346715542,0.24356987346715542
Ref-01B-B-0p50mps,0.156,-0.16425,0.5,0.0,0.323,1.0,0.002054837214896744,20.151069373467152,19.907499499999997,0.24356987346715542,0.0,-0.24356987346715542,0.24356987346715542
Ref-01B-B-0p50mps,0.157,-0.16375,0.5,0.0,0.323,1.0,0.002054837214896744,20.151069373467152,19.907499499999997,0.24356987346715542,0.0,-0.24356987346715542,0.24356987346715542
Ref-01B-B-0p50mps,0.158,-0.16325,0.5,0.0,0.323,1.0,0.002054837214896744,20.151069373467152,19.907499499999997,0.24356987346715542,0.0,-0.24356987346715542,0.24356987346715542
Ref-01B-B-0p50mps,0.159,-0.16275,0.5,0.0,0.323,1.0,0.002054837214896744,20.151069373467152,19.907499499999997,0.24356987346715542,0.0,-0.24356987346715542,0.24356987346715542
Ref-01B-B-0p50mps,0.16,-0.16225,0.5,0.0,0.323,1.0,0.002054837214896744,20.151069373467152,19.907499499999997,0.24356987346715542,0.0,-0.24356987346715542,0.24356987346715542
Ref-01B-B-0p50mps,0.161,-0.16175,0.5,0.0,0.323,1.0,0.002054837214896744,20.151069373467152,19.907499499999997,0.24356987346715542,0.0,-0.24356987346715542,0.24356987346715542
Ref-01B-B-0p50mps,0.162,-0.16125,0.5,0.0,0.32275,0.9992260061919503,0.002053246783615864,20.13547257054651,19.907499499999997,0.22797307054651483,0.0,-0.22797307054651483,0.22797307054651483
Ref-01B-B-0p50mps,0.163,-0.16075,0.5,0.0,0.32225000000000004,0.9976780185758515,0.0020500659210541043,20.10427896470523,19.907499499999997,0.19677946470523366,0.0,-0.19677946470523366,0.19677946470523366
Ref-01B-B-0p50mps,0.164,-0.16025,0.5,0.0,0.32175,0.9961300309597523,0.0020468850584923447,20.073085358863953,19.907499499999997,0.16558585886395605,0.0,-0.16558585886395605,0.16558585886395605
Ref-01B-B-0p50mps,0.165,-0.15975,0.5,0.0,0.32125000000000004,0.9945820433436533,0.002043704195930585,20.04189175302267,19.907499499999997,0.13439225302267488,0.0,-0.13439225302267488,0.13439225302267488
Ref-01B-B-0p50mps,0.166,-0.15925,0.5,0.0,0.32075,0.9930340557275541,0.002040523333368825,20.010698147181387,19.907499499999997,0.10319864718139016,0.0,-0.10319864718139016,0.10319864718139016
Ref-01B-B-0p50mps,0.167,-0.15875,0.5,0.0,0.32025000000000003,0.9914860681114552,0.002037342470807066,19.979504541340113,19.907499499999997,0.0720050413401161,0.0,-0.0720050413401161,0.0720050413401161
Ref-01B-B-0p50mps,0.168,-0.15825,0.5,0.0,0.31975,0.9899380804953559,0.0020341616082453057,19.948310935498828,19.907499499999997,0.04081143549883137,0.0,-0.04081143549883137,0.04081143549883137
Ref-01B-B-0p50mps,0.169,-0.15775,0.5,0.0,0.31925000000000003,0.988390092879257,0.0020309807456835465,19.91711732965755,19.907499499999997,0.009617829657553756,0.0,-0.009617829657553756,0.009617829657553756
Ref-01B-B-0p50mps,0.17,-0.15725,0.5,0.0,0.31875,0.9868421052631577,0.0020277998831217865,19.885923723816266,19.907499499999997,-0.021575776183730966,0.0,0.021575776183730966,0.021575776183730966
Ref-01B-B-0p50mps,0.171,-0.15675,0.5,0.0,0.31825000000000003,0.9852941176470589,0.0020246190205600273,19.85473011797499,19.907499499999997,-0.05276938202500503,0.0,0.05276938202500503,0.05276938202500503
Ref-01B-B-0p50mps,0.17200000000000001,-0.15625,0.5,0.0,0.31775,0.9837461300309597,0.002021438157998267,19.823536512133707,19.907499499999997,-0.08396298786628975,0.0,0.08396298786628975,0.08396298786628975
Ref-01B-B-0p50mps,0.17300000000000001,-0.15575,0.5,0.0,0.31725000000000003,0.9821981424148607,0.002018257295436508,19.79234290629243,19.907499499999997,-0.11515659370756737,0.0,0.11515659370756737,0.11515659370756737
Ref-01B-B-0p50mps,0.17400000000000002,-0.15525,0.5,0.0,0.31675,0.9806501547987615,0.002015076432874748,19.761149300451148,19.907499499999997,-0.14635019954884854,0.0,0.14635019954884854,0.14635019954884854
Ref-01B-B-0p50mps,0.17500000000000002,-0.15475,0.5,0.0,0.31625000000000003,0.9791021671826626,0.0020118955703129883,19.729955694609867,19.907499499999997,-0.1775438053901297,0.0,0.1775438053901297,0.1775438053901297
Ref-01B-B-0p50mps,0.176,-0.15425000000000003,0.5,0.0,0.31575000000000003,0.9775541795665635,0.0020087147077512287,19.698762088768586,19.907499499999997,-0.20873741123141087,0.0,0.20873741123141087,0.20873741123141087
Ref-01B-B-0p50mps,0.177,-0.15375000000000003,0.5,0.0,0.31525000000000003,0.9760061919504645,0.002005533845189469,19.667568482927305,19.907499499999997,-0.23993101707269204,0.0,0.23993101707269204,0.23993101707269204
Ref-01B-B-0p50mps,0.178,-0.15325000000000003,0.5,0.0,0.31475000000000003,0.9744582043343654,0.0020023529826277094,19.636374877086027,19.907499499999997,-0.27112462291396966,0.0,0.27112462291396966,0.27112462291396966
Ref-01B-B-0p50mps,0.179,-0.15275000000000002,0.5,0.0,0.31425000000000003,0.9729102167182663,0.00199917212006595,19.605181271244746,19.907499499999997,-0.30231822875525083,0.0,0.30231822875525083,0.30231822875525083
Ref-01B-B-0p50mps,0.18,-0.15225000000000002,0.5,0.0,0.31375000000000003,0.9713622291021673,0.00199599125750419,19.573987665403465,19.907499499999997,-0.333511834596532,0.0,0.333511834596532,0.333511834596532
Ref-01B-B-0p50mps,0.181,-0.15175000000000002,0.5,0.0,0.31325000000000003,0.9698142414860682,0.0019928103949424306,19.542794059562187,19.907499499999997,-0.3647054404378096,0.0,0.3647054404378096,0.3647054404378096
Ref-01B-B-0p50mps,0.182,-0.15125000000000002,0.5,0.0,0.31275000000000003,0.9682662538699691,0.001989629532380671,19.511600453720906,19.907499499999997,-0.3958990462790908,0.0,0.3958990462790908,0.3958990462790908
Ref-01B-B-0p50mps,0.183,-0.15075000000000002,0.5,0.0,0.31225,0.96671826625387,0.0019864486698189113,19.480406847879625,19.907499499999997,-0.42709265212037195,0.0,0.42709265212037195,0.42709265212037195
Ref-01B-B-0p50mps,0.184,-0.15025000000000002,0.5,0.0,0.31175,0.9651702786377709,0.0019832678072571517,19.449213242038347,19.907499499999997,-0.45828625796164957,0.0,0.45828625796164957,0.45828625796164957
Ref-01B-B-0p50mps,0.185,-0.14975000000000002,0.5,0.0,0.31125,0.9636222910216719,0.0019800869446953916,19.418019636197062,19.907499499999997,-0.4894798638029343,0.0,0.4894798638029343,0.4894798638029343
Ref-01B-B-0p50mps,0.186,-0.14925000000000002,0.5,0.0,0.31075,0.9620743034055728,0.001976906082133632,19.38682603035578,19.907499499999997,-0.5206734696442155,0.0,0.5206734696442155,0.5206734696442155
Ref-01B-B-0p50mps,0.187,-0.14875000000000002,0.5,0.0,0.31025,0.9605263157894738,0.0019737252195718724,19.3556324245145,19.907499499999997,-0.5518670754854966,0.0,0.5518670754854966,0.5518670754854966
Ref-01B-B-0p50mps,0.188,-0.14825000000000002,0.5,0.0,0.30975,0.9589783281733747,0.0019705443570101127,19.324438818673222,19.907499499999997,-0.5830606813267742,0.0,0.5830606813267742,0.5830606813267742
Ref-01B-B-0p50mps,0.189,-0.14775000000000002,0.5,0.0,0.30925,0.9574303405572756,0.001967363494448353,19.29324521283194,19.907499499999997,-0.6142542871680554,0.0,0.6142542871680554,0.6142542871680554
Ref-01B-B-0p50mps,0.19,-0.14725000000000002,0.5,0.0,0.30875,0.9558823529411765,0.0019641826318865935,19.26205160699066,19.907499499999997,-0.6454478930093366,0.0,0.6454478930093366,0.6454478930093366
Ref-01B-B-0p50mps,0.191,-0.14675000000000002,0.5,0.0,0.30825,0.9543343653250774,0.001961001769324834,19.230858001149382,19.907499499999997,-0.6766414988506142,0.0,0.6766414988506142,0.6766414988506142
Ref-01B-B-0p50mps,0.192,-0.14625000000000002,0.5,0.0,0.30775,0.9527863777089783,0.0019578209067630742,19.1996643953081,19.907499499999997,-0.7078351046918954,0.0,0.7078351046918954,0.7078351046918954
Ref-01B-B-0p50mps,0.193,-0.14575000000000002,0.5,0.0,0.30725,0.9512383900928792,0.0019546400442013146,19.16847078946682,19.907499499999997,-0.7390287105331765,0.0,0.7390287105331765,0.7390287105331765
Ref-01B-B-0p50mps,0.194,-0.14525000000000002,0.5,0.0,0.30675,0.9496904024767803,0.0019514591816395547,19.13727718362554,19.907499499999997,-0.7702223163744577,0.0,0.7702223163744577,0.7702223163744577
Ref-01B-B-0p50mps,0.195,-0.14475000000000002,0.5,0.0,0.30625,0.9481424148606812,0.0019482783190777951,19.106083577784258,19.907499499999997,-0.8014159222157389,0.0,0.8014159222157389,0.8014159222157389
Ref-01B-B-0p50mps,0.196,-0.14425000000000002,0.5,0.0,0.30575,0.9465944272445821,0.0019450974565160355,19.07488997194298,19.907499499999997,-0.8326095280570165,0.0,0.8326095280570165,0.8326095280570165
Ref-01B-B-0p50mps,0.197,-0.14375000000000002,0.5,0.0,0.30525,0.945046439628483,0.0019419165939542759,19.0436963661017,19.907499499999997,-0.8638031338982977,0.0,0.8638031338982977,0.8638031338982977
Ref-01B-B-0p50mps,0.198,-0.14325000000000002,0.5,0.0,0.30475,0.9434984520123839,0.001938735731392516,19.012502760260418,19.907499499999997,-0.8949967397395788,0.0,0.8949967397395788,0.8949967397395788
Ref-01B-B-0p50mps,0.199,-0.14275000000000002,0.5,0.0,0.30425,0.9419504643962848,0.0019355548688307564,18.981309154419137,19.907499499999997,-0.92619034558086,0.0,0.92619034558086,0.92619034558086
Ref-01B-B-0p50mps,0.2,-0.14225000000000002,0.5,0.0,0.30375,0.9404024767801858,0.0019323740062689968,18.950115548577855,19.907499499999997,-0.9573839514221412,0.0,0.9573839514221412,0.9573839514221412
Ref-01B-B-0p50mps,0.201,-0.14175000000000001,0.5,0.0,0.30325,0.9388544891640868,0.0019291931437072371,18.918921942736578,19.907499499999997,-0.9885775572634188,0.0,0.9885775572634188,0.9885775572634188
Ref-01B-B-0p50mps,0.202,-0.14125000000000001,0.5,0.0,0.30275,0.9373065015479877,0.0019260122811454775,18.887728336895297,19.907499499999997,-1.0197711631047,0.0,1.0197711631047,1.0197711631047
Ref-01B-B-0p50mps,0.203,-0.14075000000000001,0.5,0.0,0.30225,0.9357585139318886,0.0019228314185837179,18.856534731054015,19.907499499999997,-1.0509647689459811,0.0,1.0509647689459811,1.0509647689459811
Ref-01B-B-0p50mps,0.20400000000000001,-0.14025,0.5,0.0,0.30175,0.9342105263157895,0.001919650556021958,18.825341125212734,19.907499499999997,-1.0821583747872623,0.0,1.0821583747872623,1.0821583747872623
Ref-01B-B-0p50mps,0.20500000000000002,-0.13975,0.5,0.0,0.30125,0.9326625386996904,0.0019164696934601984,18.794147519371453,19.907499499999997,-1.1133519806285435,0.0,1.1133519806285435,1.1133519806285435
Ref-01B-B-0p50mps,0.20600000000000002,-0.13925,0.5,0.0,0.30075,0.9311145510835913,0.0019132888308984388,18.762953913530175,19.907499499999997,-1.144545586469821,0.0,1.144545586469821,1.144545586469821
Ref-01B-B-0p50mps,0.20700000000000002,-0.13875,0.5,0.0,0.30025,0.9295665634674923,0.0019101079683366792,18.731760307688894,19.907499499999997,-1.1757391923111022,0.0,1.1757391923111022,1.1757391923111022
Ref-01B-B-0p50mps,0.20800000000000002,-0.13825,0.5,0.0,0.29975,0.9280185758513932,0.0019069271057749195,18.700566701847613,19.907499499999997,-1.2069327981523834,0.0,1.2069327981523834,1.2069327981523834
Ref-01B-B-0p50mps,0.209,-0.13775000000000004,0.5,0.0,0.29925,0.9264705882352942,0.0019037462432131597,18.669373096006332,19.907499499999997,-1.2381264039936646,0.0,1.2381264039936646,1.2381264039936646
Ref-01B-B-0p50mps,0.21,-0.13725000000000004,0.5,0.0,0.29875000000000007,0.9249226006191953,0.0019005653806514005,18.638179490165054,19.907499499999997,-1.2693200098349422,0.0,1.2693200098349422,1.2693200098349422
Ref-01B-B-0p50mps,0.211,-0.13675000000000004,0.5,0.0,0.29825,0.923374613003096,0.0018973845180896404,18.606985884323773,19.907499499999997,-1.3005136156762234,0.0,1.3005136156762234,1.3005136156762234
Ref-01B-B-0p50mps,0.212,-0.13625000000000004,0.5,0.0,0.29775000000000007,0.9218266253869971,0.001894203655527881,18.575792278482492,19.907499499999997,-1.3317072215175045,0.0,1.3317072215175045,1.3317072215175045
Ref-01B-B-0p50mps,0.213,-0.13575000000000004,0.5,0.0,0.29725,0.9202786377708978,0.0018910227929661212,18.54459867264121,19.907499499999997,-1.3629008273587857,0.0,1.3629008273587857,1.3629008273587857
Ref-01B-B-0p50mps,0.214,-0.13525000000000004,0.5,0.0,0.29675000000000007,0.9187306501547989,0.0018878419304043618,18.513405066799933,19.907499499999997,-1.3940944332000633,0.0,1.3940944332000633,1.3940944332000633
Ref-01B-B-0p50mps,0.215,-0.13475000000000004,0.5,0.0,0.29625,0.9171826625386997,0.0018846610678426017,18.48221146095865,19.907499499999997,-1.425288039041348,0.0,1.425288039041348,1.425288039041348
Ref-01B-B-0p50mps,0.216,-0.13425000000000004,0.5,0.0,0.29575000000000007,0.9156346749226008,0.0018814802052808425,18.451017855117374,19.907499499999997,-1.456481644882622,0.0,1.456481644882622,1.456481644882622
Ref-01B-B-0p50mps,0.217,-0.13375000000000004,0.5,0.0,0.29525,0.9140866873065016,0.0018782993427190824,18.41982424927609,19.907499499999997,-1.4876752507239068,0.0,1.4876752507239068,1.4876752507239068
Ref-01B-B-0p50mps,0.218,-0.13325000000000004,0.5,0.0,0.29475000000000007,0.9125386996904027,0.001875118480157323,18.388630643434812,19.907499499999997,-1.5188688565651844,0.0,1.5188688565651844,1.5188688565651844
Ref-01B-B-0p50mps,0.219,-0.13275000000000003,0.5,0.0,0.29425,0.9109907120743034,0.0018719376175955632,18.357437037593527,19.907499499999997,-1.5500624624064692,0.0,1.5500624624064692,1.5500624624064692
Ref-01B-B-0p50mps,0.22,-0.13225000000000003,0.5,0.0,0.29375000000000007,0.9094427244582045,0.0018687567550338038,18.32624343175225,19.907499499999997,-1.5812560682477468,0.0,1.5812560682477468,1.5812560682477468
Ref-01B-B-0p50mps,0.221,-0.13175000000000003,0.5,0.0,0.29325,0.9078947368421053,0.0018655758924720437,18.295049825910965,19.907499499999997,-1.6124496740890315,0.0,1.6124496740890315,1.6124496740890315
Ref-01B-B-0p50mps,0.222,-0.13125000000000003,0.5,0.0,0.29275000000000007,0.9063467492260063,0.0018623950299102845,18.26385622006969,19.907499499999997,-1.6436432799303056,0.0,1.6436432799303056,1.6436432799303056
Ref-01B-B-0p50mps,0.223,-0.13075000000000003,0.5,0.0,0.29225,0.9047987616099071,0.0018592141673485245,18.232662614228406,19.907499499999997,-1.6748368857715903,0.0,1.6748368857715903,1.6748368857715903
Ref-01B-B-0p50mps,0.224,-0.13025000000000003,0.5,0.0,0.29175000000000006,0.9032507739938083,0.001856033304786765,18.20146900838713,19.907499499999997,-1.706030491612868,0.0,1.706030491612868,1.706030491612868
Ref-01B-B-0p50mps,0.225,-0.12975000000000003,0.5,0.0,0.29125,0.901702786377709,0.001852852442225005,18.170275402545844,19.907499499999997,-1.7372240974541526,0.0,1.7372240974541526,1.7372240974541526
Ref-01B-B-0p50mps,0.226,-0.12925000000000003,0.5,0.0,0.29075000000000006,0.9001547987616101,0.0018496715796632458,18.13908179670457,19.907499499999997,-1.7684177032954267,0.0,1.7684177032954267,1.7684177032954267
Ref-01B-B-0p50mps,0.227,-0.12875000000000003,0.5,0.0,0.29025,0.8986068111455109,0.0018464907171014857,18.107888190863285,19.907499499999997,-1.7996113091367114,0.0,1.7996113091367114,1.7996113091367114
Ref-01B-B-0p50mps,0.228,-0.12825000000000003,0.5,0.0,0.28975000000000006,0.8970588235294119,0.0018433098545397265,18.076694585022008,19.907499499999997,-1.830804914977989,0.0,1.830804914977989,1.830804914977989
Ref-01B-B-0p50mps,0.229,-0.12775000000000003,0.5,0.0,0.28925,0.8955108359133127,0.0018401289919779665,18.045500979180723,19.907499499999997,-1.8619985208192738,0.0,1.8619985208192738,1.8619985208192738
Ref-01B-B-0p50mps,0.23,-0.12725000000000003,0.5,0.0,0.28875000000000006,0.8939628482972138,0.001836948129416207,18.014307373339445,19.907499499999997,-1.8931921266605514,0.0,1.8931921266605514,1.8931921266605514
Ref-01B-B-0p50mps,0.231,-0.12675000000000003,0.5,0.0,0.28825,0.8924148606811145,0.001833767266854447,17.98311376749816,19.907499499999997,-1.924385732501836,0.0,1.924385732501836,1.924385732501836
Ref-01B-B-0p50mps,0.232,-0.12625000000000003,0.5,0.0,0.28775000000000006,0.8908668730650157,0.0018305864042926878,17.951920161656886,19.907499499999997,-1.9555793383431102,0.0,1.9555793383431102,1.9555793383431102
Ref-01B-B-0p50mps,0.233,-0.12575000000000003,0.5,0.0,0.28725,0.8893188854489164,0.0018274055417309277,17.9207265558156,19.907499499999997,-1.9867729441843949,0.0,1.9867729441843949,1.9867729441843949
Ref-01B-B-0p50mps,0.234,-0.12525000000000003,0.5,0.0,0.28675000000000006,0.8877708978328175,0.0018242246791691683,17.889532949974324,19.907499499999997,-2.0179665500256725,0.0,2.0179665500256725,2.0179665500256725
Ref-01B-B-0p50mps,0.23500000000000001,-0.12475000000000001,0.5,0.0,0.28625,0.8862229102167183,0.0018210438166074085,17.858339344133043,19.907499499999997,-2.0491601558669537,0.0,2.0491601558669537,2.0491601558669537
Ref-01B-B-0p50mps,0.23600000000000002,-0.12425000000000001,0.5,0.0,0.28575,0.8846749226006192,0.0018178629540456486,17.827145738291758,19.907499499999997,-2.0803537617082384,0.0,2.0803537617082384,2.0803537617082384
Ref-01B-B-0p50mps,0.23700000000000002,-0.12375000000000001,0.5,0.0,0.28525,0.8831269349845201,0.001814682091483889,17.79595213245048,19.907499499999997,-2.111547367549516,0.0,2.111547367549516,2.111547367549516
Ref-01B-B-0p50mps,0.23800000000000002,-0.12325000000000001,0.5,0.0,0.28475,0.881578947368421,0.0018115012289221294,17.7647585266092,19.907499499999997,-2.142740973390797,0.0,2.142740973390797,2.142740973390797
Ref-01B-B-0p50mps,0.23900000000000002,-0.12275000000000001,0.5,0.0,0.28425,0.8800309597523219,0.0018083203663603698,17.73356492076792,19.907499499999997,-2.1739345792320783,0.0,2.1739345792320783,2.1739345792320783
Ref-01B-B-0p50mps,0.24,-0.12225000000000003,0.5,0.0,0.28375000000000006,0.8784829721362231,0.0018051395037986103,17.70237131492664,19.907499499999997,-2.205128185073356,0.0,2.205128185073356,2.205128185073356
Ref-01B-B-0p50mps,0.241,-0.12175000000000002,0.5,0.0,0.28325,0.8769349845201239,0.0018019586412368503,17.671177709085356,19.907499499999997,-2.2363217909146407,0.0,2.2363217909146407,2.2363217909146407
Ref-01B-B-0p50mps,0.242,-0.12125000000000002,0.5,0.0,0.28275000000000006,0.8753869969040249,0.001798777778675091,17.639984103244082,19.907499499999997,-2.2675153967559147,0.0,2.2675153967559147,2.2675153967559147
Ref-01B-B-0p50mps,0.243,-0.12075000000000002,0.5,0.0,0.28225,0.8738390092879257,0.001795596916113331,17.608790497402797,19.907499499999997,-2.2987090025971995,0.0,2.2987090025971995,2.2987090025971995
Ref-01B-B-0p50mps,0.244,-0.12025000000000002,0.5,0.0,0.28175000000000006,0.8722910216718268,0.0017924160535515718,17.57759689156152,19.907499499999997,-2.329902608438477,0.0,2.329902608438477,2.329902608438477
Ref-01B-B-0p50mps,0.245,-0.11975000000000002,0.5,0.0,0.28125,0.8707430340557275,0.0017892351909898118,17.54640328572024,19.907499499999997,-2.3610962142797582,0.0,2.3610962142797582,2.3610962142797582
Ref-01B-B-0p50mps,0.246,-0.11925000000000002,0.5,0.0,0.28075000000000006,0.8691950464396286,0.0017860543284280524,17.51520967987896,19.907499499999997,-2.392289820121036,0.0,2.392289820121036,2.392289820121036
Ref-01B-B-0p50mps,0.247,-0.11875000000000002,0.5,0.0,0.28025,0.8676470588235294,0.0017828734658662923,17.484016074037676,19.907499499999997,-2.4234834259623206,0.0,2.4234834259623206,2.4234834259623206
Ref-01B-B-0p50mps,0.248,-0.11825000000000002,0.5,0.0,0.27975000000000005,0.8660990712074305,0.001779692603304533,17.4528224681964,19.907499499999997,-2.454677031803598,0.0,2.454677031803598,2.454677031803598
Ref-01B-B-0p50mps,0.249,-0.11775000000000002,0.5,0.0,0.27925,0.8645510835913313,0.001776511740742773,17.421628862355114,19.907499499999997,-2.485870637644883,0.0,2.485870637644883,2.485870637644883
Ref-01B-B-0p50mps,0.25,-0.11725000000000002,0.5,0.0,0.27875000000000005,0.8630030959752324,0.0017733308781810136,17.390435256513836,19.907499499999997,-2.5170642434861605,0.0,2.5170642434861605,2.5170642434861605
Ref-01B-B-0p50mps,0.251,-0.11675000000000002,0.5,0.0,0.27825,0.8614551083591331,0.0017701500156192538,17.359241650672555,19.907499499999997,-2.5482578493274417,0.0,2.5482578493274417,2.5482578493274417
Ref-01B-B-0p50mps,0.252,-0.11625000000000002,0.5,0.0,0.27775000000000005,0.8599071207430342,0.0017669691530574944,17.328048044831277,19.907499499999997,-2.5794514551687193,0.0,2.5794514551687193,2.5794514551687193
Ref-01B-B-0p50mps,0.253,-0.11575000000000002,0.5,0.0,0.27725,0.8583591331269349,0.0017637882904957343,17.296854438989993,19.907499499999997,-2.610645061010004,0.0,2.610645061010004,2.610645061010004
Ref-01B-B-0p50mps,0.254,-0.11525000000000002,0.5,0.0,0.27675000000000005,0.856811145510836,0.0017606074279339751,17.265660833148715,19.907499499999997,-2.6418386668512817,0.0,2.6418386668512817,2.6418386668512817
Ref-01B-B-0p50mps,0.255,-0.11475000000000002,0.5,0.0,0.27625,0.8552631578947368,0.001757426565372215,17.234467227307434,19.907499499999997,-2.673032272692563,0.0,2.673032272692563,2.673032272692563
Ref-01B-B-0p50mps,0.256,-0.11425000000000002,0.5,0.0,0.27575000000000005,0.8537151702786379,0.0017542457028104556,17.203273621466153,19.907499499999997,-2.704225878533844,0.0,2.704225878533844,2.704225878533844
Ref-01B-B-0p50mps,0.257,-0.11375000000000002,0.5,0.0,0.27525,0.8521671826625387,0.0017510648402486958,17.17208001562487,19.907499499999997,-2.735419484375125,0.0,2.735419484375125,2.735419484375125
Ref-01B-B-0p50mps,0.258,-0.11325000000000002,0.5,0.0,0.27475000000000005,0.8506191950464398,0.0017478839776869364,17.140886409783594,19.907499499999997,-2.766613090216403,0.0,2.766613090216403,2.766613090216403
Ref-01B-B-0p50mps,0.259,-0.11275000000000002,0.5,0.0,0.27425,0.8490712074303405,0.0017447031151251763,17.10969280394231,19.907499499999997,-2.7978066960576875,0.0,2.7978066960576875,2.7978066960576875
Ref-01B-B-0p50mps,0.26,-0.11225000000000002,0.5,0.0,0.27375000000000005,0.8475232198142416,0.0017415222525634171,17.078499198101035,19.907499499999997,-2.8290003018989616,0.0,2.8290003018989616,2.8290003018989616
Ref-01B-B-0p50mps,0.261,-0.11175000000000002,0.5,0.0,0.27325,0.8459752321981424,0.001738341390001657,17.04730559225975,19.907499499999997,-2.8601939077402463,0.0,2.8601939077402463,2.8601939077402463
Ref-01B-B-0p50mps,0.262,-0.11125000000000002,0.5,0.0,0.27275000000000005,0.8444272445820434,0.0017351605274398977,17.016111986418473,19.907499499999997,-2.891387513581524,0.0,2.891387513581524,2.891387513581524
Ref-01B-B-0p50mps,0.263,-0.11075000000000002,0.5,0.0,0.27225,0.8428792569659442,0.0017319796648781376,16.984918380577188,19.907499499999997,-2.9225811194228086,0.0,2.9225811194228086,2.9225811194228086
Ref-01B-B-0p50mps,0.264,-0.11025000000000001,0.5,0.0,0.27175000000000005,0.8413312693498454,0.0017287988023163784,16.95372477473591,19.907499499999997,-2.9537747252640862,0.0,2.9537747252640862,2.9537747252640862
Ref-01B-B-0p50mps,0.265,-0.10975000000000001,0.5,0.0,0.27125,0.8397832817337461,0.0017256179397546183,16.922531168894626,19.907499499999997,-2.984968331105371,0.0,2.984968331105371,2.984968331105371
Ref-01B-B-0p50mps,0.266,-0.10925000000000001,0.5,0.0,0.27075000000000005,0.8382352941176472,0.001722437077192859,16.891337563053348,19.907499499999997,-3.0161619369466486,0.0,3.0161619369466486,3.0161619369466486
Ref-01B-B-0p50mps,0.267,-0.10875000000000001,0.5,0.0,0.27025,0.8366873065015479,0.001719256214631099,16.860143957212067,19.907499499999997,-3.0473555427879297,0.0,3.0473555427879297,3.0473555427879297
Ref-01B-B-0p50mps,0.268,-0.10825000000000001,0.5,0.0,0.26975000000000005,0.835139318885449,0.0017160753520693397,16.82895035137079,19.907499499999997,-3.0785491486292074,0.0,3.0785491486292074,3.0785491486292074
Ref-01B-B-0p50mps,0.269,-0.10775000000000001,0.5,0.0,0.26925,0.8335913312693498,0.0017128944895075796,16.797756745529504,19.907499499999997,-3.109742754470492,0.0,3.109742754470492,3.109742754470492
Ref-01B-B-0p50mps,0.27,-0.10725000000000001,0.5,0.0,0.26875000000000004,0.8320433436532508,0.0017097136269458204,16.76656313968823,19.907499499999997,-3.140936360311766,0.0,3.140936360311766,3.140936360311766
Ref-01B-B-0p50mps,0.271,-0.10675000000000001,0.5,0.0,0.26825,0.8304953560371516,0.0017065327643840604,16.735369533846946,19.907499499999997,-3.172129966153051,0.0,3.172129966153051,3.172129966153051
Ref-01B-B-0p50mps,0.272,-0.10625000000000001,0.5,0.0,0.26775000000000004,0.8289473684210528,0.001703351901822301,16.704175928005668,19.907499499999997,-3.2033235719943285,0.0,3.2033235719943285,3.2033235719943285
Ref-01B-B-0p50mps,0.273,-0.10575000000000001,0.5,0.0,0.26725,0.8273993808049535,0.001700171039260541,16.672982322164383,19.907499499999997,-3.234517177835613,0.0,3.234517177835613,3.234517177835613
Ref-01B-B-0p50mps,0.274,-0.10525000000000001,0.5,0.0,0.26675000000000004,0.8258513931888546,0.0016969901766987817,16.641788716323106,19.907499499999997,-3.265710783676891,0.0,3.265710783676891,3.265710783676891
Ref-01B-B-0p50mps,0.275,-0.10475000000000001,0.5,0.0,0.26625,0.8243034055727554,0.0016938093141370216,16.61059511048182,19.907499499999997,-3.2969043895181755,0.0,3.2969043895181755,3.2969043895181755
Ref-01B-B-0p50mps,0.276,-0.10425000000000001,0.5,0.0,0.26575000000000004,0.8227554179566564,0.0016906284515752624,16.579401504640547,19.907499499999997,-3.3280979953594496,0.0,3.3280979953594496,3.3280979953594496
Ref-01B-B-0p50mps,0.277,-0.10375000000000001,0.5,0.0,0.26525,0.8212074303405572,0.0016874475890135024,16.548207898799262,19.907499499999997,-3.3592916012007343,0.0,3.3592916012007343,3.3592916012007343
Ref-01B-B-0p50mps,0.278,-0.10325000000000001,0.5,0.0,0.26475000000000004,0.8196594427244583,0.001684266726451743,16.517014292957985,19.907499499999997,-3.390485207042012,0.0,3.390485207042012,3.390485207042012
Ref-01B-B-0p50mps,0.279,-0.10275000000000001,0.5,0.0,0.26425,0.818111455108359,0.001681085863889983,16.4858206871167,19.907499499999997,-3.4216788128832967,0.0,3.4216788128832967,3.4216788128832967
Ref-01B-B-0p50mps,0.28,-0.10225000000000001,0.5,0.0,0.26375000000000004,0.8165634674922602,0.0016779050013282237,16.454627081275426,19.907499499999997,-3.4528724187245707,0.0,3.4528724187245707,3.4528724187245707
Ref-01B-B-0p50mps,0.281,-0.10175000000000001,0.5,0.0,0.26325,0.815015479876161,0.0016747241387664636,16.42343347543414,19.907499499999997,-3.4840660245658555,0.0,3.4840660245658555,3.4840660245658555
Ref-01B-B-0p50mps,0.28200000000000003,-0.10125,0.5,0.0,0.26275000000000004,0.813467492260062,0.0016715432762047045,16.392239869592863,19.907499499999997,-3.515259630407133,0.0,3.515259630407133,3.515259630407133
Ref-01B-B-0p50mps,0.28300000000000003,-0.10075,0.5,0.0,0.26225,0.8119195046439628,0.0016683624136429444,16.36104626375158,19.907499499999997,-3.546453236248418,0.0,3.546453236248418,3.546453236248418
Ref-01B-B-0p50mps,0.28400000000000003,-0.10025,0.5,0.0,0.26175000000000004,0.8103715170278639,0.001665181551081185,16.3298526579103,19.907499499999997,-3.5776468420896954,0.0,3.5776468420896954,3.5776468420896954
Ref-01B-B-0p50mps,0.28500000000000003,-0.09975,0.5,0.0,0.26125,0.8088235294117646,0.001662000688519425,16.298659052069016,19.907499499999997,-3.60884044793098,0.0,3.60884044793098,3.60884044793098
Ref-01B-B-0p50mps,0.28600000000000003,-0.09925,0.5,0.0,0.26075000000000004,0.8072755417956657,0.0016588198259576657,16.267465446227742,19.907499499999997,-3.640034053772254,0.0,3.640034053772254,3.640034053772254
Ref-01B-B-0p50mps,0.28700000000000003,-0.09875,0.5,0.0,0.26025,0.8057275541795664,0.0016556389633959057,16.236271840386458,19.907499499999997,-3.671227659613539,0.0,3.671227659613539,3.671227659613539
Ref-01B-B-0p50mps,0.28800000000000003,-0.09825,0.5,0.0,0.25975000000000004,0.8041795665634676,0.0016524581008341462,16.20507823454518,19.907499499999997,-3.7024212654548165,0.0,3.7024212654548165,3.7024212654548165
Ref-01B-B-0p50mps,0.289,-0.09775000000000003,0.5,0.0,0.25925000000000004,0.8026315789473685,0.0016492772382723866,16.1738846287039,19.907499499999997,-3.7336148712960977,0.0,3.7336148712960977,3.7336148712960977
Ref-01B-B-0p50mps,0.29,-0.09725000000000003,0.5,0.0,0.25875000000000004,0.8010835913312694,0.001646096375710627,16.14269102286262,19.907499499999997,-3.7648084771373753,0.0,3.7648084771373753,3.7648084771373753
Ref-01B-B-0p50mps,0.291,-0.09675000000000003,0.5,0.0,0.25825000000000004,0.7995356037151704,0.0016429155131488674,16.11149741702134,19.907499499999997,-3.7960020829786565,0.0,3.7960020829786565,3.7960020829786565
Ref-01B-B-0p50mps,0.292,-0.09625000000000003,0.5,0.0,0.25775000000000003,0.7979876160990713,0.0016397346505871077,16.08030381118006,19.907499499999997,-3.8271956888199377,0.0,3.8271956888199377,3.8271956888199377
Ref-01B-B-0p50mps,0.293,-0.09575000000000003,0.5,0.0,0.25725000000000003,0.7964396284829722,0.001636553788025348,16.049110205338778,19.907499499999997,-3.858389294661219,0.0,3.858389294661219,3.858389294661219
Ref-01B-B-0p50mps,0.294,-0.09525000000000003,0.5,0.0,0.25675000000000003,0.7948916408668731,0.0016333729254635883,16.017916599497497,19.907499499999997,-3.8895829005025,0.0,3.8895829005025,3.8895829005025
Ref-01B-B-0p50mps,0.295,-0.09475000000000003,0.5,0.0,0.25625000000000003,0.793343653250774,0.0016301920629018286,15.986722993656217,19.907499499999997,-3.9207765063437794,0.0,3.9207765063437794,3.9207765063437794
Ref-01B-B-0p50mps,0.296,-0.09425000000000003,0.5,0.0,0.25575000000000003,0.791795665634675,0.001627011200340069,15.955529387814938,19.907499499999997,-3.951970112185059,0.0,3.951970112185059,3.951970112185059
Ref-01B-B-0p50mps,0.297,-0.09375000000000003,0.5,0.0,0.25525000000000003,0.790247678018576,0.0016238303377783094,15.924335781973657,19.907499499999997,-3.98316371802634,0.0,3.98316371802634,3.98316371802634
Ref-01B-B-0p50mps,0.298,-0.09325000000000003,0.5,0.0,0.25475000000000003,0.7886996904024769,0.0016206494752165498,15.893142176132377,19.907499499999997,-4.014357323867619,0.0,4.014357323867619,4.014357323867619
Ref-01B-B-0p50mps,0.299,-0.09275000000000003,0.5,0.0,0.25425000000000003,0.7871517027863778,0.00161746861265479,15.861948570291094,19.907499499999997,-4.045550929708902,0.0,4.045550929708902,4.045550929708902
Ref-01B-B-0p50mps,0.3,-0.09225000000000003,0.5,0.0,0.25375000000000003,0.7856037151702787,0.0016142877500930303,15.830754964449815,19.907499499999997,-4.076744535550182,0.0,4.076744535550182,4.076744535550182
Ref-01B-B-0p50mps,0.301,-0.09175000000000003,0.5,0.0,0.25325000000000003,0.7840557275541796,0.0016111068875312707,15.799561358608535,19.907499499999997,-4.107938141391461,0.0,4.107938141391461,4.107938141391461
Ref-01B-B-0p50mps,0.302,-0.09125000000000003,0.5,0.0,0.25275000000000003,0.7825077399380805,0.001607926024969511,15.768367752767254,19.907499499999997,-4.139131747232742,0.0,4.139131747232742,4.139131747232742
Ref-01B-B-0p50mps,0.303,-0.09075000000000003,0.5,0.0,0.25225000000000003,0.7809597523219814,0.0016047451624077514,15.737174146925975,19.907499499999997,-4.170325353074022,0.0,4.170325353074022,4.170325353074022
Ref-01B-B-0p50mps,0.304,-0.09025000000000002,0.5,0.0,0.25175000000000003,0.7794117647058825,0.0016015642998459916,15.705980541084692,19.907499499999997,-4.201518958915305,0.0,4.201518958915305,4.201518958915305
Ref-01B-B-0p50mps,0.305,-0.08975000000000002,0.5,0.0,0.25125000000000003,0.7778637770897834,0.001598383437284232,15.674786935243413,19.907499499999997,-4.232712564756584,0.0,4.232712564756584,4.232712564756584
Ref-01B-B-0p50mps,0.306,-0.08925000000000002,0.5,0.0,0.25075000000000003,0.7763157894736843,0.0015952025747224723,15.643593329402133,19.907499499999997,-4.263906170597863,0.0,4.263906170597863,4.263906170597863
Ref-01B-B-0p50mps,0.307,-0.08875000000000002,0.5,0.0,0.25025000000000003,0.7747678018575852,0.0015920217121607127,15.612399723560852,19.907499499999997,-4.2950997764391445,0.0,4.2950997764391445,4.2950997764391445
Ref-01B-B-0p50mps,0.308,-0.08825000000000002,0.5,0.0,0.24975000000000003,0.7732198142414861,0.001588840849598953,15.581206117719573,19.907499499999997,-4.326293382280424,0.0,4.326293382280424,4.326293382280424
Ref-01B-B-0p50mps,0.309,-0.08775000000000002,0.5,0.0,0.24925000000000003,0.771671826625387,0.0015856599870371934,15.550012511878291,19.907499499999997,-4.357486988121705,0.0,4.357486988121705,4.357486988121705
Ref-01B-B-0p50mps,0.31,-0.08725000000000002,0.5,0.0,0.24875000000000003,0.7701238390092879,0.0015824791244754336,15.51881890603701,19.907499499999997,-4.388680593962986,0.0,4.388680593962986,4.388680593962986
Ref-01B-B-0p50mps,0.311,-0.08675000000000002,0.5,0.0,0.24825000000000003,0.768575851393189,0.001579298261913674,15.48762530019573,19.907499499999997,-4.419874199804267,0.0,4.419874199804267,4.419874199804267
Ref-01B-B-0p50mps,0.312,-0.08625000000000002,0.5,0.0,0.24775000000000003,0.7670278637770899,0.0015761173993519143,15.45643169435445,19.907499499999997,-4.451067805645547,0.0,4.451067805645547,4.451067805645547
Ref-01B-B-0p50mps,0.313,-0.08575000000000002,0.5,0.0,0.24725000000000003,0.7654798761609908,0.0015729365367901547,15.42523808851317,19.907499499999997,-4.482261411486826,0.0,4.482261411486826,4.482261411486826
Ref-01B-B-0p50mps,0.314,-0.08525000000000002,0.5,0.0,0.24675000000000002,0.7639318885448917,0.001569755674228395,15.39404448267189,19.907499499999997,-4.513455017328107,0.0,4.513455017328107,4.513455017328107
Ref-01B-B-0p50mps,0.315,-0.08475000000000002,0.5,0.0,0.24625000000000002,0.7623839009287926,0.0015665748116666352,15.362850876830608,19.907499499999997,-4.544648623169389,0.0,4.544648623169389,4.544648623169389
Ref-01B-B-0p50mps,0.316,-0.08425000000000002,0.5,0.0,0.24575000000000002,0.7608359133126935,0.0015633939491048756,15.331657270989327,19.907499499999997,-4.57584222901067,0.0,4.57584222901067,4.57584222901067
Ref-01B-B-0p50mps,0.317,-0.08375000000000002,0.5,0.0,0.24525000000000002,0.7592879256965944,0.001560213086543116,15.300463665148047,19.907499499999997,-4.607035834851949,0.0,4.607035834851949,4.607035834851949
Ref-01B-B-0p50mps,0.318,-0.08325000000000002,0.5,0.0,0.24475000000000002,0.7577399380804954,0.0015570322239813563,15.269270059306768,19.907499499999997,-4.6382294406932285,0.0,4.6382294406932285,4.6382294406932285
Ref-01B-B-0p50mps,0.319,-0.08275000000000002,0.5,0.0,0.24425000000000002,0.7561919504643964,0.0015538513614195967,15.238076453465487,19.907499499999997,-4.66942304653451,0.0,4.66942304653451,4.66942304653451
Ref-01B-B-0p50mps,0.32,-0.08225000000000002,0.5,0.0,0.24375000000000002,0.7546439628482973,0.001550670498857837,15.206882847624207,19.907499499999997,-4.700616652375789,0.0,4.700616652375789,4.700616652375789
Ref-01B-B-0p50mps,0.321,-0.08175000000000002,0.5,0.0,0.24325000000000002,0.7530959752321982,0.0015474896362960772,15.175689241782925,19.907499499999997,-4.731810258217072,0.0,4.731810258217072,4.731810258217072
Ref-01B-B-0p50mps,0.322,-0.08125000000000002,0.5,0.0,0.24275000000000002,0.7515479876160991,0.0015443087737343176,15.144495635941645,19.907499499999997,-4.763003864058351,0.0,4.763003864058351,4.763003864058351
Ref-01B-B-0p50mps,0.323,-0.08075000000000002,0.5,0.0,0.24225000000000002,0.75,0.001541127911172558,15.113302030100366,19.907499499999997,-4.794197469899631,0.0,4.794197469899631,4.794197469899631
Ref-01B-B-0p50mps,0.324,-0.08025000000000002,0.5,0.0,0.24175000000000002,0.748452012383901,0.0015379470486107983,15.082108424259085,19.907499499999997,-4.825391075740912,0.0,4.825391075740912,4.825391075740912
Ref-01B-B-0p50mps,0.325,-0.07975000000000002,0.5,0.0,0.24125000000000002,0.7469040247678019,0.0015347661860490387,15.050914818417805,19.907499499999997,-4.856584681582191,0.0,4.856584681582191,4.856584681582191
Ref-01B-B-0p50mps,0.326,-0.07925000000000001,0.5,0.0,0.24075000000000002,0.7453560371517028,0.0015315853234872789,15.019721212576522,19.907499499999997,-4.887778287423474,0.0,4.887778287423474,4.887778287423474
Ref-01B-B-0p50mps,0.327,-0.07875000000000001,0.5,0.0,0.24025000000000002,0.7438080495356038,0.0015284044609255192,14.988527606735243,19.907499499999997,-4.918971893264754,0.0,4.918971893264754,4.918971893264754
Ref-01B-B-0p50mps,0.328,-0.07825000000000001,0.5,0.0,0.23975000000000002,0.7422600619195047,0.0015252235983637596,14.957334000893963,19.907499499999997,-4.950165499106033,0.0,4.950165499106033,4.950165499106033
Ref-01B-B-0p50mps,0.329,-0.07775000000000001,0.5,0.0,0.23925000000000002,0.7407120743034056,0.001522042735802,14.926140395052682,19.907499499999997,-4.981359104947314,0.0,4.981359104947314,4.981359104947314
Ref-01B-B-0p50mps,0.33,-0.07725000000000001,0.5,0.0,0.23875000000000002,0.7391640866873065,0.0015188618732402404,14.894946789211403,19.907499499999997,-5.012552710788594,0.0,5.012552710788594,5.012552710788594
Ref-01B-B-0p50mps,0.331,-0.07675000000000001,0.5,0.0,0.23825000000000002,0.7376160990712075,0.0015156810106784805,14.86375318337012,19.907499499999997,-5.043746316629877,0.0,5.043746316629877,5.043746316629877
Ref-01B-B-0p50mps,0.332,-0.07625000000000001,0.5,0.0,0.23775000000000002,0.7360681114551084,0.0015125001481167209,14.83255957752884,19.907499499999997,-5.074939922471156,0.0,5.074939922471156,5.074939922471156
Ref-01B-B-0p50mps,0.333,-0.07575000000000001,0.5,0.0,0.23725000000000002,0.7345201238390093,0.0015093192855549613,14.80136597168756,19.907499499999997,-5.106133528312437,0.0,5.106133528312437,5.106133528312437
Ref-01B-B-0p50mps,0.334,-0.07525000000000001,0.5,0.0,0.23675000000000002,0.7329721362229102,0.0015061384229932016,14.77017236584628,19.907499499999997,-5.137327134153717,0.0,5.137327134153717,5.137327134153717
Ref-01B-B-0p50mps,0.335,-0.07475000000000001,0.5,0.0,0.23625000000000002,0.7314241486068112,0.001502957560431442,14.738978760005,19.907499499999997,-5.168520739994996,0.0,5.168520739994996,5.168520739994996
Ref-01B-B-0p50mps,0.336,-0.07425000000000001,0.5,0.0,0.23575000000000002,0.7298761609907121,0.0014997766978696824,14.70778515416372,19.907499499999997,-5.199714345836277,0.0,5.199714345836277,5.199714345836277
Ref-01B-B-0p50mps,0.337,-0.07375000000000001,0.5,0.0,0.23525000000000001,0.728328173374613,0.0014965958353079225,14.676591548322438,19.907499499999997,-5.230907951677558,0.0,5.230907951677558,5.230907951677558
Ref-01B-B-0p50mps,0.338,-0.07325000000000001,0.5,0.0,0.23475000000000001,0.726780185758514,0.001493414972746163,14.645397942481157,19.907499499999997,-5.2621015575188395,0.0,5.2621015575188395,5.2621015575188395
Ref-01B-B-0p50mps,0.339,-0.07275000000000001,0.5,0.0,0.23425,0.7252321981424149,0.0014902341101844033,14.614204336639878,19.907499499999997,-5.293295163360119,0.0,5.293295163360119,5.293295163360119
Ref-01B-B-0p50mps,0.34,-0.07225000000000001,0.5,0.0,0.23375,0.7236842105263158,0.0014870532476226436,14.583010730798598,19.907499499999997,-5.324488769201398,0.0,5.324488769201398,5.324488769201398
Ref-01B-B-0p50mps,0.341,-0.07175000000000001,0.5,0.0,0.23325,0.7221362229102167,0.001483872385060884,14.551817124957317,19.907499499999997,-5.355682375042679,0.0,5.355682375042679,5.355682375042679
Ref-01B-B-0p50mps,0.342,-0.07125000000000001,0.5,0.0,0.23275,0.7205882352941176,0.0014806915224991242,14.520623519116036,19.907499499999997,-5.386875980883961,0.0,5.386875980883961,5.386875980883961
Ref-01B-B-0p50mps,0.343,-0.07075000000000001,0.5,0.0,0.23225,0.7190402476780186,0.0014775106599373645,14.489429913274755,19.907499499999997,-5.418069586725242,0.0,5.418069586725242,5.418069586725242
Ref-01B-B-0p50mps,0.34400000000000003,-0.07025,0.5,0.0,0.23175,0.7174922600619196,0.001474329797375605,14.458236307433475,19.907499499999997,-5.449263192566521,0.0,5.449263192566521,5.449263192566521
Ref-01B-B-0p50mps,0.34500000000000003,-0.06975,0.5,0.0,0.23125,0.7159442724458205,0.0014711489348138453,14.427042701592196,19.907499499999997,-5.4804567984078005,0.0,5.4804567984078005,5.4804567984078005
Ref-01B-B-0p50mps,0.34600000000000003,-0.06925,0.5,0.0,0.23075,0.7143962848297214,0.0014679680722520857,14.395849095750915,19.907499499999997,-5.511650404249082,0.0,5.511650404249082,5.511650404249082
Ref-01B-B-0p50mps,0.34700000000000003,-0.06875,0.5,0.0,0.23025,0.7128482972136223,0.001464787209690326,14.364655489909635,19.907499499999997,-5.542844010090361,0.0,5.542844010090361,5.542844010090361
Ref-01B-B-0p50mps,0.34800000000000003,-0.06825,0.5,0.0,0.22975,0.7113003095975232,0.0014616063471285662,14.333461884068353,19.907499499999997,-5.574037615931644,0.0,5.574037615931644,5.574037615931644
Ref-01B-B-0p50mps,0.34900000000000003,-0.06775,0.5,0.0,0.22925,0.7097523219814241,0.0014584254845668066,14.302268278227073,19.907499499999997,-5.605231221772923,0.0,5.605231221772923,5.605231221772923
Ref-01B-B-0p50mps,0.35000000000000003,-0.06725,0.5,0.0,0.22875,0.708204334365325,0.001455244622005047,14.271074672385794,19.907499499999997,-5.636424827614203,0.0,5.636424827614203,5.636424827614203
Ref-01B-B-0p50mps,0.35100000000000003,-0.06675,0.5,0.0,0.22825,0.7066563467492261,0.0014520637594432873,14.239881066544513,19.907499499999997,-5.667618433455484,0.0,5.667618433455484,5.667618433455484
Ref-01B-B-0p50mps,0.352,-0.06625000000000003,0.5,0.0,0.22775000000000004,0.705108359133127,0.0014488828968815277,14.208687460703233,19.907499499999997,-5.698812039296763,0.0,5.698812039296763,5.698812039296763
Ref-01B-B-0p50mps,0.353,-0.06575000000000003,0.5,0.0,0.22725000000000004,0.703560371517028,0.001445702034319768,14.177493854861952,19.907499499999997,-5.730005645138045,0.0,5.730005645138045,5.730005645138045
Ref-01B-B-0p50mps,0.354,-0.06525000000000003,0.5,0.0,0.22675000000000003,0.7020123839009289,0.0014425211717580084,14.146300249020673,19.907499499999997,-5.761199250979324,0.0,5.761199250979324,5.761199250979324
Ref-01B-B-0p50mps,0.355,-0.06475000000000003,0.5,0.0,0.22625000000000003,0.7004643962848298,0.0014393403091962488,14.115106643179393,19.907499499999997,-5.792392856820603,0.0,5.792392856820603,5.792392856820603
Ref-01B-B-0p50mps,0.356,-0.06425000000000003,0.5,0.0,0.22575000000000003,0.6989164086687307,0.0014361594466344892,14.083913037338112,19.907499499999997,-5.8235864626618845,0.0,5.8235864626618845,5.8235864626618845
Ref-01B-B-0p50mps,0.357,-0.06375000000000003,0.5,0.0,0.22525000000000003,0.6973684210526316,0.0014329785840727293,14.052719431496831,19.907499499999997,-5.854780068503166,0.0,5.854780068503166,5.854780068503166
Ref-01B-B-0p50mps,0.358,-0.06325000000000003,0.5,0.0,0.22475000000000003,0.6958204334365325,0.0014297977215109697,14.02152582565555,19.907499499999997,-5.885973674344447,0.0,5.885973674344447,5.885973674344447
Ref-01B-B-0p50mps,0.359,-0.06275000000000003,0.5,0.0,0.22425000000000003,0.6942724458204336,0.00142661685894921,13.99033221981427,19.907499499999997,-5.917167280185726,0.0,5.917167280185726,5.917167280185726
Ref-01B-B-0p50mps,0.36,-0.06225000000000003,0.5,0.0,0.22375000000000003,0.6927244582043345,0.0014234359963874504,13.959138613972991,19.907499499999997,-5.948360886027006,0.0,5.948360886027006,5.948360886027006
Ref-01B-B-0p50mps,0.361,-0.06175000000000003,0.5,0.0,0.22325000000000003,0.6911764705882354,0.0014202551338256908,13.92794500813171,19.907499499999997,-5.979554491868287,0.0,5.979554491868287,5.979554491868287
Ref-01B-B-0p50mps,0.362,-0.06125000000000003,0.5,0.0,0.22275000000000003,0.6896284829721363,0.0014170742712639312,13.89675140229043,19.907499499999997,-6.010748097709566,0.0,6.010748097709566,6.010748097709566
Ref-01B-B-0p50mps,0.363,-0.060750000000000026,0.5,0.0,0.22225000000000003,0.6880804953560372,0.0014138934087021713,13.865557796449147,19.907499499999997,-6.041941703550849,0.0,6.041941703550849,6.041941703550849
Ref-01B-B-0p50mps,0.364,-0.060250000000000026,0.5,0.0,0.22175000000000003,0.6865325077399381,0.0014107125461404117,13.834364190607868,19.907499499999997,-6.0731353093921285,0.0,6.0731353093921285,6.0731353093921285
Ref-01B-B-0p50mps,0.365,-0.059750000000000025,0.5,0.0,0.22125000000000003,0.684984520123839,0.001407531683578652,13.803170584766589,19.907499499999997,-6.104328915233408,0.0,6.104328915233408,6.104328915233408
Ref-01B-B-0p50mps,0.366,-0.059250000000000025,0.5,0.0,0.22075000000000003,0.6834365325077401,0.0014043508210168924,13.771976978925307,19.907499499999997,-6.135522521074689,0.0,6.135522521074689,6.135522521074689
Ref-01B-B-0p50mps,0.367,-0.058750000000000024,0.5,0.0,0.22025000000000003,0.681888544891641,0.0014011699584551328,13.740783373084028,19.907499499999997,-6.1667161269159685,0.0,6.1667161269159685,6.1667161269159685
Ref-01B-B-0p50mps,0.368,-0.058250000000000024,0.5,0.0,0.21975000000000003,0.6803405572755419,0.001397989095893373,13.709589767242745,19.907499499999997,-6.197909732757251,0.0,6.197909732757251,6.197909732757251
Ref-01B-B-0p50mps,0.369,-0.057750000000000024,0.5,0.0,0.21925000000000003,0.6787925696594428,0.0013948082333316133,13.678396161401466,19.907499499999997,-6.229103338598531,0.0,6.229103338598531,6.229103338598531
Ref-01B-B-0p50mps,0.37,-0.05725000000000002,0.5,0.0,0.21875000000000003,0.6772445820433437,0.0013916273707698537,13.647202555560186,19.907499499999997,-6.26029694443981,0.0,6.26029694443981,6.26029694443981
Ref-01B-B-0p50mps,0.371,-0.05675000000000002,0.5,0.0,0.21825000000000003,0.6756965944272446,0.001388446508208094,13.616008949718905,19.907499499999997,-6.291490550281091,0.0,6.291490550281091,6.291490550281091
Ref-01B-B-0p50mps,0.372,-0.05625000000000002,0.5,0.0,0.21775000000000003,0.6741486068111455,0.0013852656456463345,13.584815343877626,19.907499499999997,-6.322684156122371,0.0,6.322684156122371,6.322684156122371
Ref-01B-B-0p50mps,0.373,-0.05575000000000002,0.5,0.0,0.21725000000000003,0.6726006191950465,0.0013820847830845748,13.553621738036345,19.907499499999997,-6.353877761963652,0.0,6.353877761963652,6.353877761963652
Ref-01B-B-0p50mps,0.374,-0.05525000000000002,0.5,0.0,0.21675000000000003,0.6710526315789475,0.001378903920522815,13.522428132195063,19.907499499999997,-6.385071367804933,0.0,6.385071367804933,6.385071367804933
Ref-01B-B-0p50mps,0.375,-0.05475000000000002,0.5,0.0,0.21625000000000003,0.6695046439628484,0.0013757230579610554,13.491234526353782,19.907499499999997,-6.416264973646214,0.0,6.416264973646214,6.416264973646214
Ref-01B-B-0p50mps,0.376,-0.05425000000000002,0.5,0.0,0.21575000000000003,0.6679566563467493,0.0013725421953992957,13.460040920512503,19.907499499999997,-6.447458579487494,0.0,6.447458579487494,6.447458579487494
Ref-01B-B-0p50mps,0.377,-0.05375000000000002,0.5,0.0,0.21525000000000002,0.6664086687306502,0.001369361332837536,13.428847314671224,19.907499499999997,-6.478652185328773,0.0,6.478652185328773,6.478652185328773
Ref-01B-B-0p50mps,0.378,-0.05325000000000002,0.5,0.0,0.21475000000000002,0.6648606811145511,0.0013661804702757765,13.397653708829942,19.907499499999997,-6.509845791170054,0.0,6.509845791170054,6.509845791170054
Ref-01B-B-0p50mps,0.379,-0.05275000000000002,0.5,0.0,0.21425000000000002,0.6633126934984521,0.0013629996077140166,13.366460102988661,19.907499499999997,-6.541039397011335,0.0,6.541039397011335,6.541039397011335
Ref-01B-B-0p50mps,0.38,-0.05225000000000002,0.5,0.0,0.21375000000000002,0.661764705882353,0.001359818745152257,13.33526649714738,19.907499499999997,-6.572233002852617,0.0,6.572233002852617,6.572233002852617
Ref-01B-B-0p50mps,0.381,-0.05175000000000002,0.5,0.0,0.21325000000000002,0.6602167182662539,0.0013566378825904974,13.3040728913061,19.907499499999997,-6.603426608693896,0.0,6.603426608693896,6.603426608693896
Ref-01B-B-0p50mps,0.382,-0.05125000000000002,0.5,0.0,0.21275000000000002,0.6586687306501549,0.0013534570200287378,13.272879285464821,19.907499499999997,-6.634620214535175,0.0,6.634620214535175,6.634620214535175
Ref-01B-B-0p50mps,0.383,-0.05075000000000002,0.5,0.0,0.21225000000000002,0.6571207430340558,0.0013502761574669781,13.24168567962354,19.907499499999997,-6.6658138203764565,0.0,6.6658138203764565,6.6658138203764565
Ref-01B-B-0p50mps,0.384,-0.05025000000000002,0.5,0.0,0.21175000000000002,0.6555727554179567,0.0013470952949052183,13.210492073782259,19.907499499999997,-6.697007426217738,0.0,6.697007426217738,6.697007426217738
Ref-01B-B-0p50mps,0.385,-0.049750000000000016,0.5,0.0,0.21125000000000002,0.6540247678018576,0.0013439144323434586,13.179298467940978,19.907499499999997,-6.728201032059019,0.0,6.728201032059019,6.728201032059019
Ref-01B-B-0p50mps,0.386,-0.049250000000000016,0.5,0.0,0.21075000000000002,0.6524767801857586,0.001340733569781699,13.148104862099698,19.907499499999997,-6.759394637900298,0.0,6.759394637900298,6.759394637900298
Ref-01B-B-0p50mps,0.387,-0.048750000000000016,0.5,0.0,0.21025000000000002,0.6509287925696595,0.0013375527072199394,13.116911256258419,19.907499499999997,-6.790588243741578,0.0,6.790588243741578,6.790588243741578
Ref-01B-B-0p50mps,0.388,-0.048250000000000015,0.5,0.0,0.20975000000000002,0.6493808049535604,0.0013343718446581798,13.085717650417138,19.907499499999997,-6.821781849582859,0.0,6.821781849582859,6.821781849582859
Ref-01B-B-0p50mps,0.389,-0.047750000000000015,0.5,0.0,0.20925000000000002,0.6478328173374613,0.0013311909820964201,13.054524044575858,19.907499499999997,-6.852975455424138,0.0,6.852975455424138,6.852975455424138
Ref-01B-B-0p50mps,0.39,-0.047250000000000014,0.5,0.0,0.20875000000000002,0.6462848297213623,0.0013280101195346603,13.023330438734575,19.907499499999997,-6.884169061265421,0.0,6.884169061265421,6.884169061265421
Ref-01B-B-0p50mps,0.391,-0.046750000000000014,0.5,0.0,0.20825000000000002,0.6447368421052632,0.0013248292569729007,12.992136832893296,19.907499499999997,-6.915362667106701,0.0,6.915362667106701,6.915362667106701
Ref-01B-B-0p50mps,0.392,-0.04625000000000001,0.5,0.0,0.20775000000000002,0.6431888544891641,0.001321648394411141,12.960943227052017,19.907499499999997,-6.94655627294798,0.0,6.94655627294798,6.94655627294798
Ref-01B-B-0p50mps,0.393,-0.04575000000000001,0.5,0.0,0.20725000000000002,0.6416408668730651,0.0013184675318493814,12.929749621210735,19.907499499999997,-6.977749878789261,0.0,6.977749878789261,6.977749878789261
Ref-01B-B-0p50mps,0.394,-0.04525000000000001,0.5,0.0,0.20675000000000002,0.640092879256966,0.0013152866692876218,12.898556015369456,19.907499499999997,-7.0089434846305405,0.0,7.0089434846305405,7.0089434846305405
Ref-01B-B-0p50mps,0.395,-0.04475000000000001,0.5,0.0,0.20625000000000002,0.6385448916408669,0.001312105806725862,12.867362409528173,19.907499499999997,-7.0401370904718235,0.0,7.0401370904718235,7.0401370904718235
Ref-01B-B-0p50mps,0.396,-0.04425000000000001,0.5,0.0,0.20575000000000002,0.6369969040247678,0.0013089249441641023,12.836168803686894,19.907499499999997,-7.071330696313103,0.0,7.071330696313103,7.071330696313103
Ref-01B-B-0p50mps,0.397,-0.04375000000000001,0.5,0.0,0.20525000000000002,0.6354489164086687,0.0013057440816023427,12.804975197845613,19.907499499999997,-7.102524302154384,0.0,7.102524302154384,7.102524302154384
Ref-01B-B-0p50mps,0.398,-0.04325000000000001,0.5,0.0,0.20475000000000002,0.6339009287925697,0.001302563219040583,12.773781592004333,19.907499499999997,-7.133717907995663,0.0,7.133717907995663,7.133717907995663
Ref-01B-B-0p50mps,0.399,-0.04275000000000001,0.5,0.0,0.20425000000000001,0.6323529411764706,0.0012993823564788234,12.742587986163054,19.907499499999997,-7.164911513836943,0.0,7.164911513836943,7.164911513836943
Ref-01B-B-0p50mps,0.4,-0.04225000000000001,0.5,0.0,0.20375000000000001,0.6308049535603716,0.0012962014939170638,12.711394380321773,19.907499499999997,-7.196105119678224,0.0,7.196105119678224,7.196105119678224
Ref-01B-B-0p50mps,0.401,-0.04175000000000001,0.5,0.0,0.20325000000000001,0.6292569659442725,0.001293020631355304,12.680200774480491,19.907499499999997,-7.227298725519505,0.0,7.227298725519505,7.227298725519505
Ref-01B-B-0p50mps,0.402,-0.04125000000000001,0.5,0.0,0.20275,0.6277089783281734,0.0012898397687935443,12.64900716863921,19.907499499999997,-7.258492331360786,0.0,7.258492331360786,7.258492331360786
Ref-01B-B-0p50mps,0.403,-0.04075000000000001,0.5,0.0,0.20225,0.6261609907120743,0.0012866589062317847,12.61781356279793,19.907499499999997,-7.289685937202066,0.0,7.289685937202066,7.289685937202066
Ref-01B-B-0p50mps,0.404,-0.04025000000000001,0.5,0.0,0.20175,0.6246130030959752,0.001283478043670025,12.586619956956651,19.907499499999997,-7.320879543043345,0.0,7.320879543043345,7.320879543043345
Ref-01B-B-0p50mps,0.405,-0.03975000000000001,0.5,0.0,0.20125,0.6230650154798761,0.0012802971811082654,12.55542635111537,19.907499499999997,-7.352073148884626,0.0,7.352073148884626,7.352073148884626
Ref-01B-B-0p50mps,0.406,-0.03925000000000001,0.5,0.0,0.20075,0.6215170278637772,0.0012771163185465056,12.52423274527409,19.907499499999997,-7.383266754725907,0.0,7.383266754725907,7.383266754725907
Ref-01B-B-0p50mps,0.40700000000000003,-0.03875000000000001,0.5,0.0,0.20025,0.6199690402476781,0.001273935455984746,12.493039139432808,19.907499499999997,-7.414460360567189,0.0,7.414460360567189,7.414460360567189
Ref-01B-B-0p50mps,0.40800000000000003,-0.038250000000000006,0.5,0.0,0.19975,0.618421052631579,0.0012707545934229863,12.461845533591529,19.907499499999997,-7.445653966408468,0.0,7.445653966408468,7.445653966408468
Ref-01B-B-0p50mps,0.40900000000000003,-0.037750000000000006,0.5,0.0,0.19925,0.6168730650154799,0.0012675737308612267,12.43065192775025,19.907499499999997,-7.476847572249747,0.0,7.476847572249747,7.476847572249747
Ref-01B-B-0p50mps,0.41000000000000003,-0.037250000000000005,0.5,0.0,0.19875,0.6153250773993808,0.001264392868299467,12.399458321908968,19.907499499999997,-7.5080411780910286,0.0,7.5080411780910286,7.5080411780910286
Ref-01B-B-0p50mps,0.41100000000000003,-0.036750000000000005,0.5,0.0,0.19825,0.6137770897832817,0.0012612120057377072,12.368264716067687,19.907499499999997,-7.53923478393231,0.0,7.53923478393231,7.53923478393231
Ref-01B-B-0p50mps,0.41200000000000003,-0.036250000000000004,0.5,0.0,0.19775,0.6122291021671826,0.0012580311431759476,12.337071110226406,19.907499499999997,-7.570428389773591,0.0,7.570428389773591,7.570428389773591
Ref-01B-B-0p50mps,0.41300000000000003,-0.035750000000000004,0.5,0.0,0.19725,0.6106811145510836,0.001254850280614188,12.305877504385126,19.907499499999997,-7.60162199561487,0.0,7.60162199561487,7.60162199561487
Ref-01B-B-0p50mps,0.41400000000000003,-0.035250000000000004,0.5,0.0,0.19675,0.6091331269349846,0.0012516694180524284,12.274683898543847,19.907499499999997,-7.63281560145615,0.0,7.63281560145615,7.63281560145615
Ref-01B-B-0p50mps,0.41500000000000004,-0.03475,0.5,0.0,0.19625,0.6075851393188855,0.0012484885554906687,12.243490292702566,19.907499499999997,-7.664009207297431,0.0,7.664009207297431,7.664009207297431
Ref-01B-B-0p50mps,0.41600000000000004,-0.03425,0.5,0.0,0.19575,0.6060371517027864,0.001245307692928909,12.212296686861286,19.907499499999997,-7.69520281313871,0.0,7.69520281313871,7.69520281313871
Ref-01B-B-0p50mps,0.417,-0.03375000000000003,0.5,0.0,0.19525000000000003,0.6044891640866874,0.0012421268303671495,12.181103081020005,19.907499499999997,-7.726396418979991,0.0,7.726396418979991,7.726396418979991
Ref-01B-B-0p50mps,0.418,-0.03325000000000003,0.5,0.0,0.19475000000000003,0.6029411764705883,0.0012389459678053898,12.149909475178726,19.907499499999997,-7.757590024821271,0.0,7.757590024821271,7.757590024821271
Ref-01B-B-0p50mps,0.419,-0.03275000000000003,0.5,0.0,0.19425000000000003,0.6013931888544892,0.0012357651052436302,12.118715869337446,19.907499499999997,-7.78878363066255,0.0,7.78878363066255,7.78878363066255
Ref-01B-B-0p50mps,0.42,-0.03225000000000003,0.5,0.0,0.19375000000000003,0.5998452012383901,0.0012325842426818706,12.087522263496165,19.907499499999997,-7.819977236503831,0.0,7.819977236503831,7.819977236503831
Ref-01B-B-0p50mps,0.421,-0.03175000000000003,0.5,0.0,0.19325000000000003,0.5982972136222912,0.0012294033801201107,12.056328657654884,19.907499499999997,-7.8511708423451125,0.0,7.8511708423451125,7.8511708423451125
Ref-01B-B-0p50mps,0.422,-0.03125000000000003,0.5,0.0,0.19275000000000003,0.5967492260061921,0.0012262225175583511,12.025135051813603,19.907499499999997,-7.882364448186394,0.0,7.882364448186394,7.882364448186394
Ref-01B-B-0p50mps,0.423,-0.030750000000000027,0.5,0.0,0.19225000000000003,0.595201238390093,0.0012230416549965915,11.993941445972323,19.907499499999997,-7.913558054027673,0.0,7.913558054027673,7.913558054027673
Ref-01B-B-0p50mps,0.424,-0.030250000000000027,0.5,0.0,0.19175000000000003,0.5936532507739939,0.0012198607924348319,11.962747840131044,19.907499499999997,-7.9447516598689525,0.0,7.9447516598689525,7.9447516598689525
Ref-01B-B-0p50mps,0.425,-0.029750000000000026,0.5,0.0,0.19125000000000003,0.5921052631578948,0.0012166799298730722,11.931554234289763,19.907499499999997,-7.975945265710234,0.0,7.975945265710234,7.975945265710234
Ref-01B-B-0p50mps,0.426,-0.029250000000000026,0.5,0.0,0.19075000000000003,0.5905572755417957,0.0012134990673113126,11.900360628448484,19.907499499999997,-8.007138871551513,0.0,8.007138871551513,8.007138871551513
Ref-01B-B-0p50mps,0.427,-0.028750000000000026,0.5,0.0,0.19025000000000003,0.5890092879256966,0.0012103182047495528,11.8691670226072,19.907499499999997,-8.038332477392796,0.0,8.038332477392796,8.038332477392796
Ref-01B-B-0p50mps,0.428,-0.028250000000000025,0.5,0.0,0.18975000000000003,0.5874613003095976,0.0012071373421877931,11.837973416765921,19.907499499999997,-8.069526083234075,0.0,8.069526083234075,8.069526083234075
Ref-01B-B-0p50mps,0.429,-0.027750000000000025,0.5,0.0,0.18925000000000003,0.5859133126934986,0.0012039564796260335,11.806779810924642,19.907499499999997,-8.100719689075355,0.0,8.100719689075355,8.100719689075355
Ref-01B-B-0p50mps,0.43,-0.027250000000000024,0.5,0.0,0.18875000000000003,0.5843653250773995,0.0012007756170642739,11.77558620508336,19.907499499999997,-8.131913294916636,0.0,8.131913294916636,8.131913294916636
Ref-01B-B-0p50mps,0.431,-0.026750000000000024,0.5,0.0,0.18825000000000003,0.5828173374613004,0.0011975947545025142,11.744392599242081,19.907499499999997,-8.163106900757915,0.0,8.163106900757915,8.163106900757915
Ref-01B-B-0p50mps,0.432,-0.026250000000000023,0.5,0.0,0.18775000000000003,0.5812693498452013,0.0011944138919407544,11.713198993400798,19.907499499999997,-8.194300506599198,0.0,8.194300506599198,8.194300506599198
Ref-01B-B-0p50mps,0.433,-0.025750000000000023,0.5,0.0,0.18725000000000003,0.5797213622291022,0.0011912330293789948,11.682005387559519,19.907499499999997,-8.225494112440478,0.0,8.225494112440478,8.225494112440478
Ref-01B-B-0p50mps,0.434,-0.025250000000000022,0.5,0.0,0.18675000000000003,0.5781733746130031,0.0011880521668172351,11.650811781718238,19.907499499999997,-8.256687718281759,0.0,8.256687718281759,8.256687718281759
Ref-01B-B-0p50mps,0.435,-0.024750000000000022,0.5,0.0,0.18625000000000003,0.5766253869969041,0.0011848713042554755,11.619618175876958,19.907499499999997,-8.287881324123038,0.0,8.287881324123038,8.287881324123038
Ref-01B-B-0p50mps,0.436,-0.02425000000000002,0.5,0.0,0.18575000000000003,0.575077399380805,0.0011816904416937159,11.588424570035679,19.907499499999997,-8.319074929964318,0.0,8.319074929964318,8.319074929964318
Ref-01B-B-0p50mps,0.437,-0.02375000000000002,0.5,0.0,0.18525000000000003,0.573529411764706,0.001178509579131956,11.557230964194396,19.907499499999997,-8.3502685358056,0.0,8.3502685358056,8.3502685358056
Ref-01B-B-0p50mps,0.438,-0.02325000000000002,0.5,0.0,0.18475000000000003,0.5719814241486069,0.0011753287165701964,11.526037358353117,19.907499499999997,-8.38146214164688,0.0,8.38146214164688,8.38146214164688
Ref-01B-B-0p50mps,0.439,-0.02275000000000002,0.5,0.0,0.18425000000000002,0.5704334365325078,0.0011721478540084368,11.494843752511835,19.907499499999997,-8.412655747488161,0.0,8.412655747488161,8.412655747488161
Ref-01B-B-0p50mps,0.44,-0.02225000000000002,0.5,0.0,0.18375000000000002,0.5688854489164087,0.0011689669914466772,11.463650146670556,19.907499499999997,-8.44384935332944,0.0,8.44384935332944,8.44384935332944
Ref-01B-B-0p50mps,0.441,-0.02175000000000002,0.5,0.0,0.18325000000000002,0.5673374613003097,0.0011657861288849175,11.432456540829277,19.907499499999997,-8.47504295917072,0.0,8.47504295917072,8.47504295917072
Ref-01B-B-0p50mps,0.442,-0.02125000000000002,0.5,0.0,0.18275000000000002,0.5657894736842106,0.001162605266323158,11.401262934987995,19.907499499999997,-8.506236565012001,0.0,8.506236565012001,8.506236565012001
Ref-01B-B-0p50mps,0.443,-0.02075000000000002,0.5,0.0,0.18225000000000002,0.5642414860681115,0.001159424403761398,11.370069329146714,19.907499499999997,-8.537430170853282,0.0,8.537430170853282,8.537430170853282
Ref-01B-B-0p50mps,0.444,-0.020250000000000018,0.5,0.0,0.18175000000000002,0.5626934984520124,0.0011562435411996384,11.338875723305433,19.907499499999997,-8.568623776694563,0.0,8.568623776694563,8.568623776694563
Ref-01B-B-0p50mps,0.445,-0.019750000000000018,0.5,0.0,0.18125000000000002,0.5611455108359134,0.0011530626786378788,11.307682117464154,19.907499499999997,-8.599817382535843,0.0,8.599817382535843,8.599817382535843
Ref-01B-B-0p50mps,0.446,-0.019250000000000017,0.5,0.0,0.18075000000000002,0.5595975232198143,0.0011498818160761192,11.276488511622874,19.907499499999997,-8.631010988377122,0.0,8.631010988377122,8.631010988377122
Ref-01B-B-0p50mps,0.447,-0.018750000000000017,0.5,0.0,0.18025000000000002,0.5580495356037152,0.0011467009535143595,11.245294905781593,19.907499499999997,-8.662204594218403,0.0,8.662204594218403,8.662204594218403
Ref-01B-B-0p50mps,0.448,-0.018250000000000016,0.5,0.0,0.17975000000000002,0.5565015479876162,0.0011435200909525997,11.214101299940312,19.907499499999997,-8.693398200059685,0.0,8.693398200059685,8.693398200059685
Ref-01B-B-0p50mps,0.449,-0.017750000000000016,0.5,0.0,0.17925000000000002,0.5549535603715171,0.00114033922839084,11.18290769409903,19.907499499999997,-8.724591805900966,0.0,8.724591805900966,8.724591805900966
Ref-01B-B-0p50mps,0.45,-0.017250000000000015,0.5,0.0,0.17875000000000002,0.553405572755418,0.0011371583658290804,11.151714088257751,19.907499499999997,-8.755785411742245,0.0,8.755785411742245,8.755785411742245
Ref-01B-B-0p50mps,0.451,-0.016750000000000015,0.5,0.0,0.17825000000000002,0.5518575851393189,0.0011339775032673208,11.120520482416472,19.907499499999997,-8.786979017583525,0.0,8.786979017583525,8.786979017583525
Ref-01B-B-0p50mps,0.452,-0.016250000000000014,0.5,0.0,0.17775000000000002,0.5503095975232198,0.0011307966407055612,11.089326876575191,19.907499499999997,-8.818172623424806,0.0,8.818172623424806,8.818172623424806
Ref-01B-B-0p50mps,0.453,-0.015750000000000014,0.5,0.0,0.17725000000000002,0.5487616099071208,0.0011276157781438016,11.058133270733912,19.907499499999997,-8.849366229266085,0.0,8.849366229266085,8.849366229266085
Ref-01B-B-0p50mps,0.454,-0.015250000000000014,0.5,0.0,0.17675000000000002,0.5472136222910217,0.0011244349155820417,11.026939664892629,19.907499499999997,-8.880559835107368,0.0,8.880559835107368,8.880559835107368
Ref-01B-B-0p50mps,0.455,-0.014750000000000013,0.5,0.0,0.17625000000000002,0.5456656346749227,0.001121254053020282,10.99574605905135,19.907499499999997,-8.911753440948647,0.0,8.911753440948647,8.911753440948647
Ref-01B-B-0p50mps,0.456,-0.014250000000000013,0.5,0.0,0.17575000000000002,0.5441176470588236,0.0011180731904585225,10.96455245321007,19.907499499999997,-8.942947046789927,0.0,8.942947046789927,8.942947046789927
Ref-01B-B-0p50mps,0.457,-0.013750000000000012,0.5,0.0,0.17525000000000002,0.5425696594427245,0.0011148923278967628,10.933358847368789,19.907499499999997,-8.974140652631208,0.0,8.974140652631208,8.974140652631208
Ref-01B-B-0p50mps,0.458,-0.013250000000000012,0.5,0.0,0.17475000000000002,0.5410216718266254,0.0011117114653350032,10.90216524152751,19.907499499999997,-9.005334258472487,0.0,9.005334258472487,9.005334258472487
Ref-01B-B-0p50mps,0.459,-0.012750000000000011,0.5,0.0,0.17425000000000002,0.5394736842105263,0.0011085306027732434,10.870971635686226,19.907499499999997,-9.03652786431377,0.0,9.03652786431377,9.03652786431377
Ref-01B-B-0p50mps,0.46,-0.012250000000000011,0.5,0.0,0.17375000000000002,0.5379256965944272,0.0011053497402114837,10.839778029844947,19.907499499999997,-9.06772147015505,0.0,9.06772147015505,9.06772147015505
Ref-01B-B-0p50mps,0.461,-0.01175000000000001,0.5,0.0,0.17325000000000002,0.5363777089783281,0.001102168877649724,10.808584424003666,19.907499499999997,-9.09891507599633,0.0,9.09891507599633,9.09891507599633
Ref-01B-B-0p50mps,0.462,-0.01125000000000001,0.5,0.0,0.17275000000000001,0.5348297213622292,0.0010989880150879645,10.777390818162386,19.907499499999997,-9.13010868183761,0.0,9.13010868183761,9.13010868183761
Ref-01B-B-0p50mps,0.463,-0.01075000000000001,0.5,0.0,0.17225000000000001,0.5332817337461301,0.0010958071525262048,10.746197212321107,19.907499499999997,-9.16130228767889,0.0,9.16130228767889,9.16130228767889
Ref-01B-B-0p50mps,0.464,-0.010250000000000009,0.5,0.0,0.17175,0.531733746130031,0.001092626289964445,10.715003606479824,19.907499499999997,-9.192495893520173,0.0,9.192495893520173,9.192495893520173
Ref-01B-B-0p50mps,0.465,-0.009750000000000009,0.5,0.0,0.17125,0.5301857585139319,0.0010894454274026854,10.683810000638545,19.907499499999997,-9.223689499361452,0.0,9.223689499361452,9.223689499361452
Ref-01B-B-0p50mps,0.466,-0.009250000000000008,0.5,0.0,0.17075,0.5286377708978328,0.0010862645648409257,10.652616394797263,19.907499499999997,-9.254883105202733,0.0,9.254883105202733,9.254883105202733
Ref-01B-B-0p50mps,0.467,-0.008750000000000008,0.5,0.0,0.17025,0.5270897832817337,0.0010830837022791661,10.621422788955984,19.907499499999997,-9.286076711044013,0.0,9.286076711044013,9.286076711044013
Ref-01B-B-0p50mps,0.468,-0.008250000000000007,0.5,0.0,0.16975,0.5255417956656347,0.0010799028397174065,10.590229183114705,19.907499499999997,-9.317270316885292,0.0,9.317270316885292,9.317270316885292
Ref-01B-B-0p50mps,0.46900000000000003,-0.007750000000000007,0.5,0.0,0.16925,0.5239938080495357,0.0010767219771556469,10.559035577273423,19.907499499999997,-9.348463922726573,0.0,9.348463922726573,9.348463922726573
Ref-01B-B-0p50mps,0.47000000000000003,-0.0072500000000000064,0.5,0.0,0.16875,0.5224458204334366,0.001073541114593887,10.527841971432142,19.907499499999997,-9.379657528567854,0.0,9.379657528567854,9.379657528567854
Ref-01B-B-0p50mps,0.47100000000000003,-0.006750000000000006,0.5,0.0,0.16825,0.5208978328173375,0.0010703602520321274,10.496648365590861,19.907499499999997,-9.410851134409135,0.0,9.410851134409135,9.410851134409135
Ref-01B-B-0p50mps,0.47200000000000003,-0.0062500000000000056,0.5,0.0,0.16775,0.5193498452012384,0.0010671793894703678,10.465454759749582,19.907499499999997,-9.442044740250415,0.0,9.442044740250415,9.442044740250415
Ref-01B-B-0p50mps,0.47300000000000003,-0.005750000000000005,0.5,0.0,0.16725,0.5178018575851393,0.0010639985269086081,10.434261153908302,19.907499499999997,-9.473238346091694,0.0,9.473238346091694,9.473238346091694
Ref-01B-B-0p50mps,0.47400000000000003,-0.005250000000000005,0.5,0.0,0.16675,0.5162538699690402,0.0010608176643468485,10.403067548067021,19.907499499999997,-9.504431951932975,0.0,9.504431951932975,9.504431951932975
Ref-01B-B-0p50mps,0.47500000000000003,-0.004750000000000004,0.5,0.0,0.16625,0.5147058823529412,0.0010576368017850887,10.37187394222574,19.907499499999997,-9.535625557774257,0.0,9.535625557774257,9.535625557774257
Ref-01B-B-0p50mps,0.47600000000000003,-0.004250000000000004,0.5,0.0,0.16575,0.5131578947368421,0.001054455939223329,10.340680336384459,19.907499499999997,-9.566819163615538,0.0,9.566819163615538,9.566819163615538
Ref-01B-B-0p50mps,0.47700000000000004,-0.0037500000000000033,0.5,0.0,0.16525,0.5116099071207431,0.0010512750766615694,10.30948673054318,19.907499499999997,-9.598012769456817,0.0,9.598012769456817,9.598012769456817
Ref-01B-B-0p50mps,0.47800000000000004,-0.003250000000000003,0.5,0.0,0.16475,0.510061919504644,0.0010480942140998098,10.2782931247019,19.907499499999997,-9.629206375298097,0.0,9.629206375298097,9.629206375298097
Ref-01B-B-0p50mps,0.47900000000000004,-0.0027500000000000024,0.5,0.0,0.16425,0.5085139318885449,0.0010449133515380502,10.247099518860619,19.907499499999997,-9.660399981139378,0.0,9.660399981139378,9.660399981139378
Ref-01B-B-0p50mps,0.48,-0.0022500000000000298,0.5,0.0,0.16375000000000003,0.5069659442724459,0.0010417324889762905,10.21590591301934,19.907499499999997,-9.691593586980657,0.0,9.691593586980657,9.691593586980657
Ref-01B-B-0p50mps,0.481,-0.0017500000000000293,0.5,0.0,0.16325000000000003,0.5054179566563468,0.001038551626414531,10.184712307178058,19.907499499999997,-9.722787192821938,0.0,9.722787192821938,9.722787192821938
Ref-01B-B-0p50mps,0.482,-0.0012500000000000289,0.5,0.0,0.16275000000000003,0.5038699690402477,0.0010353707638527713,10.153518701336779,19.907499499999997,-9.753980798663218,0.0,9.753980798663218,9.753980798663218
Ref-01B-B-0p50mps,0.483,-0.0007500000000000284,0.5,0.0,0.16225000000000003,0.5023219814241487,0.0010321899012910116,10.1223250954955,19.907499499999997,-9.785174404504497,0.0,9.785174404504497,9.785174404504497
Ref-01B-B-0p50mps,0.484,-0.000250000000000028,0.5,0.0,0.16175000000000003,0.5007739938080497,0.001029009038729252,10.091131489654218,19.907499499999997,-9.816368010345778,0.0,9.816368010345778,9.816368010345778
Ref-01B-B-0p50mps,0.485,0.00024999999999997247,0.5,0.0,0.16125000000000003,0.49922600619195057,0.0010258281761674922,10.059937883812937,19.907499499999997,-9.84756161618706,0.0,9.84756161618706,9.84756161618706
Ref-01B-B-0p50mps,0.486,0.0007499999999999729,0.5,0.0,0.16075000000000003,0.4976780185758515,0.0010226473136057325,10.028744277971656,19.907499499999997,-9.87875522202834,0.0,9.87875522202834,9.87875522202834
Ref-01B-B-0p50mps,0.487,0.0012499999999999734,0.5,0.0,0.16025000000000003,0.4961300309597524,0.001019466451043973,9.997550672130377,19.907499499999997,-9.90994882786962,0.0,9.90994882786962,9.90994882786962
Ref-01B-B-0p50mps,0.488,0.0017499999999999738,0.5,0.0,0.15975000000000003,0.49458204334365335,0.0010162855884822133,9.966357066289097,19.907499499999997,-9.9411424337109,0.0,9.9411424337109,9.9411424337109
Ref-01B-B-0p50mps,0.489,0.0022499999999999742,0.5,0.0,0.15925000000000003,0.49303405572755427,0.0010131047259204537,9.935163460447816,19.907499499999997,-9.97233603955218,0.0,9.97233603955218,9.97233603955218
Ref-01B-B-0p50mps,0.49,0.0027499999999999747,0.5,0.0,0.15875000000000003,0.4914860681114552,0.0010099238633586938,9.903969854606535,19.907499499999997,-10.003529645393462,0.0,10.003529645393462,10.003529645393462
Ref-01B-B-0p50mps,0.491,0.003249999999999975,0.5,0.0,0.15825000000000003,0.4899380804953561,0.0010067430007969342,9.872776248765254,19.907499499999997,-10.034723251234743,0.0,10.034723251234743,10.034723251234743
Ref-01B-B-0p50mps,0.492,0.0037499999999999756,0.5,0.0,0.15775000000000003,0.48839009287925705,0.0010035621382351746,9.841582642923974,19.907499499999997,-10.065916857076022,0.0,10.065916857076022,10.065916857076022
Ref-01B-B-0p50mps,0.493,0.004249999999999976,0.5,0.0,0.15725000000000003,0.48684210526315796,0.001000381275673415,9.810389037082695,19.907499499999997,-10.097110462917302,0.0,10.097110462917302,10.097110462917302
Ref-01B-B-0p50mps,0.494,0.0047499999999999765,0.5,0.0,0.15675000000000003,0.4852941176470589,0.0009972004131116553,9.779195431241414,19.907499499999997,-10.128304068758583,0.0,10.128304068758583,10.128304068758583
Ref-01B-B-0p50mps,0.495,0.005249999999999977,0.5,0.0,0.15625000000000003,0.48374613003095984,0.0009940195505498957,9.748001825400134,19.907499499999997,-10.159497674599862,0.0,10.159497674599862,10.159497674599862
Ref-01B-B-0p50mps,0.496,0.005749999999999977,0.5,0.0,0.15575000000000003,0.48219814241486075,0.0009908386879881358,9.716808219558851,19.907499499999997,-10.190691280441145,0.0,10.190691280441145,10.190691280441145
Ref-01B-B-0p50mps,0.497,0.006249999999999978,0.5,0.0,0.15525000000000003,0.48065015479876166,0.0009876578254263762,9.685614613717572,19.907499499999997,-10.221884886282425,0.0,10.221884886282425,10.221884886282425
Ref-01B-B-0p50mps,0.498,0.006749999999999978,0.5,0.0,0.15475000000000003,0.47910216718266263,0.0009844769628646166,9.65442100787629,19.907499499999997,-10.253078492123706,0.0,10.253078492123706,10.253078492123706
Ref-01B-B-0p50mps,0.499,0.007249999999999979,0.5,0.0,0.15425000000000003,0.47755417956656354,0.000981296100302857,9.623227402035011,19.907499499999997,-10.284272097964985,0.0,10.284272097964985,10.284272097964985
Ref-01B-B-0p50mps,0.5,0.007749999999999979,0.5,0.0,0.15375000000000003,0.47600619195046445,0.0009781152377410973,9.592033796193732,19.907499499999997,-10.315465703806264,0.0,10.315465703806264,10.315465703806264
Ref-01B-B-0p50mps,0.501,0.00824999999999998,0.5,0.0,0.15325000000000003,0.47445820433436536,0.0009749343751793376,9.560840190352451,19.907499499999997,-10.346659309647546,0.0,10.346659309647546,10.346659309647546
Ref-01B-B-0p50mps,0.502,0.00874999999999998,0.5,0.0,0.15275000000000002,0.47291021671826633,0.000971753512617578,9.52964658451117,19.907499499999997,-10.377852915488827,0.0,10.377852915488827,10.377852915488827
Ref-01B-B-0p50mps,0.503,0.00924999999999998,0.5,0.0,0.15225000000000002,0.47136222910216724,0.0009685726500558182,9.498452978669889,19.907499499999997,-10.409046521330108,0.0,10.409046521330108,10.409046521330108
Ref-01B-B-0p50mps,0.504,0.009749999999999981,0.5,0.0,0.15175000000000002,0.46981424148606815,0.0009653917874940586,9.46725937282861,19.907499499999997,-10.440240127171387,0.0,10.440240127171387,10.440240127171387
Ref-01B-B-0p50mps,0.505,0.010249999999999981,0.5,0.0,0.15125000000000002,0.4682662538699691,0.0009622109249322988,9.436065766987328,19.907499499999997,-10.471433733012669,0.0,10.471433733012669,10.471433733012669
Ref-01B-B-0p50mps,0.506,0.010749999999999982,0.5,0.0,0.15075000000000002,0.46671826625387003,0.0009590300623705392,9.404872161146049,19.907499499999997,-10.502627338853948,0.0,10.502627338853948,10.502627338853948
Ref-01B-B-0p50mps,0.507,0.011249999999999982,0.5,0.0,0.15025000000000002,0.46517027863777094,0.0009558491998087796,9.373678555304767,19.907499499999997,-10.53382094469523,0.0,10.53382094469523,10.53382094469523
Ref-01B-B-0p50mps,0.508,0.011749999999999983,0.5,0.0,0.14975000000000002,0.4636222910216719,0.0009526683372470199,9.342484949463486,19.907499499999997,-10.56501455053651,0.0,10.56501455053651,10.56501455053651
Ref-01B-B-0p50mps,0.509,0.012249999999999983,0.5,0.0,0.14925000000000002,0.4620743034055728,0.0009494874746852602,9.311291343622207,19.907499499999997,-10.59620815637779,0.0,10.59620815637779,10.59620815637779
Ref-01B-B-0p50mps,0.51,0.012749999999999984,0.5,0.0,0.14875000000000002,0.46052631578947373,0.0009463066121235006,9.280097737780928,19.907499499999997,-10.627401762219069,0.0,10.627401762219069,10.627401762219069
Ref-01B-B-0p50mps,0.511,0.013249999999999984,0.5,0.0,0.14825000000000002,0.45897832817337464,0.0009431257495617409,9.248904131939646,19.907499499999997,-10.65859536806035,0.0,10.65859536806035,10.65859536806035
Ref-01B-B-0p50mps,0.512,0.013749999999999984,0.5,0.0,0.14775000000000002,0.4574303405572756,0.0009399448869999812,9.217710526098365,19.907499499999997,-10.689788973901631,0.0,10.689788973901631,10.689788973901631
Ref-01B-B-0p50mps,0.513,0.014249999999999985,0.5,0.0,0.14725000000000002,0.4558823529411765,0.0009367640244382215,9.186516920257084,19.907499499999997,-10.720982579742913,0.0,10.720982579742913,10.720982579742913
Ref-01B-B-0p50mps,0.514,0.014749999999999985,0.5,0.0,0.14675000000000002,0.4543343653250774,0.0009335831618764619,9.155323314415805,19.907499499999997,-10.752176185584192,0.0,10.752176185584192,10.752176185584192
Ref-01B-B-0p50mps,0.515,0.015249999999999986,0.5,0.0,0.14625000000000002,0.4527863777089784,0.0009304022993147022,9.124129708574525,19.907499499999997,-10.783369791425471,0.0,10.783369791425471,10.783369791425471
Ref-01B-B-0p50mps,0.516,0.015749999999999986,0.5,0.0,0.14575000000000002,0.4512383900928793,0.0009272214367529425,9.092936102733244,19.907499499999997,-10.814563397266753,0.0,10.814563397266753,10.814563397266753
Ref-01B-B-0p50mps,0.517,0.016249999999999987,0.5,0.0,0.14525000000000002,0.4496904024767802,0.0009240405741911829,9.061742496891963,19.907499499999997,-10.845757003108034,0.0,10.845757003108034,10.845757003108034
Ref-01B-B-0p50mps,0.518,0.016749999999999987,0.5,0.0,0.14475000000000002,0.4481424148606812,0.0009208597116294232,9.030548891050683,19.907499499999997,-10.876950608949313,0.0,10.876950608949313,10.876950608949313
Ref-01B-B-0p50mps,0.519,0.017249999999999988,0.5,0.0,0.14425000000000002,0.4465944272445821,0.0009176788490676635,8.999355285209402,19.907499499999997,-10.908144214790594,0.0,10.908144214790594,10.908144214790594
Ref-01B-B-0p50mps,0.52,0.017749999999999988,0.5,0.0,0.14375000000000002,0.445046439628483,0.0009144979865059039,8.968161679368121,19.907499499999997,-10.939337820631875,0.0,10.939337820631875,10.939337820631875
Ref-01B-B-0p50mps,0.521,0.01824999999999999,0.5,0.0,0.14325000000000002,0.4434984520123839,0.0009113171239441443,8.936968073526842,19.907499499999997,-10.970531426473155,0.0,10.970531426473155,10.970531426473155
Ref-01B-B-0p50mps,0.522,0.01874999999999999,0.5,0.0,0.14275000000000002,0.4419504643962849,0.0009081362613823845,8.90577446768556,19.907499499999997,-11.001725032314436,0.0,11.001725032314436,11.001725032314436
Ref-01B-B-0p50mps,0.523,0.01924999999999999,0.5,0.0,0.14225000000000002,0.4404024767801858,0.0009049553988206249,8.874580861844281,19.907499499999997,-11.032918638155715,0.0,11.032918638155715,11.032918638155715
Ref-01B-B-0p50mps,0.524,0.01974999999999999,0.5,0.0,0.14175000000000001,0.4388544891640867,0.0009017745362588652,8.843387256003,19.907499499999997,-11.064112243996997,0.0,11.064112243996997,11.064112243996997
Ref-01B-B-0p50mps,0.525,0.02024999999999999,0.5,0.0,0.14125000000000001,0.43730650154798767,0.0008985936736971055,8.812193650161719,19.907499499999997,-11.095305849838278,0.0,11.095305849838278,11.095305849838278
Ref-01B-B-0p50mps,0.526,0.02074999999999999,0.5,0.0,0.14075000000000001,0.4357585139318886,0.0008954128111353459,8.78100004432044,19.907499499999997,-11.126499455679557,0.0,11.126499455679557,11.126499455679557
Ref-01B-B-0p50mps,0.527,0.02124999999999999,0.5,0.0,0.14025,0.4342105263157895,0.0008922319485735862,8.749806438479158,19.907499499999997,-11.157693061520838,0.0,11.157693061520838,11.157693061520838
Ref-01B-B-0p50mps,0.528,0.02174999999999999,0.5,0.0,0.13975,0.43266253869969046,0.0008890510860118265,8.718612832637879,19.907499499999997,-11.188886667362118,0.0,11.188886667362118,11.188886667362118
Ref-01B-B-0p50mps,0.529,0.022249999999999992,0.5,0.0,0.13925,0.43111455108359137,0.0008858702234500669,8.687419226796598,19.907499499999997,-11.220080273203399,0.0,11.220080273203399,11.220080273203399
Ref-01B-B-0p50mps,0.53,0.022749999999999992,0.5,0.0,0.13875,0.4295665634674923,0.0008826893608883072,8.656225620955317,19.907499499999997,-11.25127387904468,0.0,11.25127387904468,11.25127387904468
Ref-01B-B-0p50mps,0.531,0.023249999999999993,0.5,0.0,0.13825,0.4280185758513932,0.0008795084983265475,8.625032015114037,19.907499499999997,-11.28246748488596,0.0,11.28246748488596,11.28246748488596
Ref-01B-B-0p50mps,0.532,0.023749999999999993,0.5,0.0,0.13775,0.42647058823529416,0.0008763276357647878,8.593838409272756,19.907499499999997,-11.31366109072724,0.0,11.31366109072724,11.31366109072724
Ref-01B-B-0p50mps,0.533,0.024249999999999994,0.5,0.0,0.13725,0.42492260061919507,0.0008731467732030282,8.562644803431477,19.907499499999997,-11.34485469656852,0.0,11.34485469656852,11.34485469656852
Ref-01B-B-0p50mps,0.534,0.024749999999999994,0.5,0.0,0.13675,0.423374613003096,0.0008699659106412686,8.531451197590195,19.907499499999997,-11.376048302409801,0.0,11.376048302409801,11.376048302409801
Ref-01B-B-0p50mps,0.535,0.025249999999999995,0.5,0.0,0.13625,0.42182662538699695,0.0008667850480795088,8.500257591748914,19.907499499999997,-11.407241908251082,0.0,11.407241908251082,11.407241908251082
Ref-01B-B-0p50mps,0.536,0.025749999999999995,0.5,0.0,0.13575,0.42027863777089786,0.0008636041855177492,8.469063985907635,19.907499499999997,-11.438435514092362,0.0,11.438435514092362,11.438435514092362
Ref-01B-B-0p50mps,0.537,0.026249999999999996,0.5,0.0,0.13525,0.41873065015479877,0.0008604233229559896,8.437870380066355,19.907499499999997,-11.469629119933641,0.0,11.469629119933641,11.469629119933641
Ref-01B-B-0p50mps,0.538,0.026749999999999996,0.5,0.0,0.13475,0.4171826625386997,0.0008572424603942298,8.406676774225074,19.907499499999997,-11.500822725774922,0.0,11.500822725774922,11.500822725774922
Ref-01B-B-0p50mps,0.539,0.027249999999999996,0.5,0.0,0.13425,0.41563467492260064,0.0008540615978324702,8.375483168383793,19.907499499999997,-11.532016331616203,0.0,11.532016331616203,11.532016331616203
Ref-01B-B-0p50mps,0.54,0.027749999999999997,0.5,0.0,0.13375,0.41408668730650156,0.0008508807352707105,8.344289562542512,19.907499499999997,-11.563209937457485,0.0,11.563209937457485,11.563209937457485
Ref-01B-B-0p50mps,0.541,0.028249999999999997,0.5,0.0,0.13325,0.41253869969040247,0.0008476998727089508,8.313095956701233,19.907499499999997,-11.594403543298764,0.0,11.594403543298764,11.594403543298764
Ref-01B-B-0p50mps,0.542,0.028749999999999998,0.5,0.0,0.13275,0.41099071207430343,0.0008445190101471912,8.281902350859951,19.907499499999997,-11.625597149140045,0.0,11.625597149140045,11.625597149140045
Ref-01B-B-0p50mps,0.543,0.029249999999999998,0.5,0.0,0.13225,0.40944272445820434,0.0008413381475854315,8.250708745018672,19.907499499999997,-11.656790754981325,0.0,11.656790754981325,11.656790754981325
Ref-01B-B-0p50mps,0.544,0.02975,0.5,0.0,0.13175,0.40789473684210525,0.0008381572850236718,8.21951513917739,19.907499499999997,-11.687984360822606,0.0,11.687984360822606,11.687984360822606
Ref-01B-B-0p50mps,0.545,0.03025,0.5,0.0,0.13125,0.4063467492260062,0.0008349764224619122,8.188321533336111,19.907499499999997,-11.719177966663885,0.0,11.719177966663885,11.719177966663885
Ref-01B-B-0p50mps,0.546,0.03075,0.5,0.0,0.13075,0.40479876160990713,0.0008317955599001525,8.15712792749483,19.907499499999997,-11.750371572505166,0.0,11.750371572505166,11.750371572505166
Ref-01B-B-0p50mps,0.547,0.03125,0.5,0.0,0.13025,0.40325077399380804,0.0008286146973383928,8.12593432165355,19.907499499999997,-11.781565178346447,0.0,11.781565178346447,11.781565178346447
Ref-01B-B-0p50mps,0.548,0.03175,0.5,0.0,0.12975,0.40170278637770895,0.0008254338347766332,8.09474071581227,19.907499499999997,-11.812758784187727,0.0,11.812758784187727,11.812758784187727
Ref-01B-B-0p50mps,0.549,0.03225,0.5,0.0,0.12925,0.4001547987616099,0.0008222529722148735,8.063547109970989,19.907499499999997,-11.843952390029008,0.0,11.843952390029008,11.843952390029008
Ref-01B-B-0p50mps,0.55,0.03275,0.5,0.0,0.12875,0.39860681114551083,0.0008190721096531139,8.03235350412971,19.907499499999997,-11.875145995870287,0.0,11.875145995870287,11.875145995870287
Ref-01B-B-0p50mps,0.551,0.03325,0.5,0.0,0.12825,0.39705882352941174,0.0008158912470913541,8.001159898288428,19.907499499999997,-11.906339601711569,0.0,11.906339601711569,11.906339601711569
Ref-01B-B-0p50mps,0.552,0.03375,0.5,0.0,0.12775,0.3955108359133127,0.0008127103845295945,7.969966292447148,19.907499499999997,-11.93753320755285,0.0,11.93753320755285,11.93753320755285
Ref-01B-B-0p50mps,0.553,0.03425,0.5,0.0,0.12725,0.3939628482972136,0.0008095295219678349,7.938772686605867,19.907499499999997,-11.96872681339413,0.0,11.96872681339413,11.96872681339413
Ref-01B-B-0p50mps,0.554,0.03475,0.5,0.0,0.12675,0.39241486068111453,0.0008063486594060751,7.907579080764586,19.907499499999997,-11.99992041923541,0.0,11.99992041923541,11.99992041923541
Ref-01B-B-0p50mps,0.555,0.035250000000000004,0.5,0.0,0.12625,0.3908668730650155,0.0008031677968443155,7.876385474923306,19.907499499999997,-12.03111402507669,0.0,12.03111402507669,12.03111402507669
Ref-01B-B-0p50mps,0.556,0.035750000000000004,0.5,0.0,0.12575,0.3893188854489164,0.0007999869342825559,7.845191869082027,19.907499499999997,-12.06230763091797,0.0,12.06230763091797,12.06230763091797
Ref-01B-B-0p50mps,0.557,0.036250000000000004,0.5,0.0,0.12525,0.3877708978328173,0.0007968060717207961,7.813998263240745,19.907499499999997,-12.093501236759252,0.0,12.093501236759252,12.093501236759252
Ref-01B-B-0p50mps,0.558,0.036750000000000005,0.5,0.0,0.12475,0.38622291021671823,0.0007936252091590365,7.782804657399465,19.907499499999997,-12.124694842600531,0.0,12.124694842600531,12.124694842600531
Ref-01B-B-0p50mps,0.559,0.037250000000000005,0.5,0.0,0.12425,0.3846749226006192,0.0007904443465972768,7.751611051558184,19.907499499999997,-12.155888448441813,0.0,12.155888448441813,12.155888448441813
Ref-01B-B-0p50mps,0.56,0.037750000000000006,0.5,0.0,0.12375,0.3831269349845201,0.0007872634840355171,7.720417445716904,19.907499499999997,-12.187082054283092,0.0,12.187082054283092,12.187082054283092
Ref-01B-B-0p50mps,0.561,0.038250000000000006,0.5,0.0,0.12325,0.381578947368421,0.0007840826214737575,7.689223839875623,19.907499499999997,-12.218275660124373,0.0,12.218275660124373,12.218275660124373
Ref-01B-B-0p50mps,0.562,0.03875000000000001,0.5,0.0,0.12275,0.380030959752322,0.0007809017589119978,7.658030234034343,19.907499499999997,-12.249469265965654,0.0,12.249469265965654,12.249469265965654
Ref-01B-B-0p50mps,0.5630000000000001,0.03925000000000001,0.5,0.0,0.12225,0.3784829721362229,0.0007777208963502381,7.626836628193063,19.907499499999997,-12.280662871806934,0.0,12.280662871806934,12.280662871806934
Ref-01B-B-0p50mps,0.5640000000000001,0.03975000000000001,0.5,0.0,0.12175,0.3769349845201238,0.0007745400337884785,7.595643022351783,19.907499499999997,-12.311856477648213,0.0,12.311856477648213,12.311856477648213
Ref-01B-B-0p50mps,0.5650000000000001,0.04025000000000001,0.5,0.0,0.12125,0.3753869969040248,0.0007713591712267188,7.564449416510501,19.907499499999997,-12.343050083489494,0.0,12.343050083489494,12.343050083489494
Ref-01B-B-0p50mps,0.5660000000000001,0.04075000000000001,0.5,0.0,0.12075,0.3738390092879257,0.0007681783086649592,7.533255810669221,19.907499499999997,-12.374243689330775,0.0,12.374243689330775,12.374243689330775
Ref-01B-B-0p50mps,0.5670000000000001,0.04125000000000001,0.5,0.0,0.12025,0.3722910216718266,0.0007649974461031994,7.50206220482794,19.907499499999997,-12.405437295172057,0.0,12.405437295172057,12.405437295172057
Ref-01B-B-0p50mps,0.5680000000000001,0.04175000000000001,0.5,0.0,0.11975,0.3707430340557275,0.0007618165835414398,7.470868598986661,19.907499499999997,-12.436630901013336,0.0,12.436630901013336,12.436630901013336
Ref-01B-B-0p50mps,0.5690000000000001,0.04225000000000001,0.5,0.0,0.11925,0.36919504643962847,0.0007586357209796802,7.43967499314538,19.907499499999997,-12.467824506854615,0.0,12.467824506854615,12.467824506854615
Ref-01B-B-0p50mps,0.5700000000000001,0.04275000000000001,0.5,0.0,0.11875,0.3676470588235294,0.0007554548584179204,7.408481387304099,19.907499499999997,-12.499018112695897,0.0,12.499018112695897,12.499018112695897
Ref-01B-B-0p50mps,0.5710000000000001,0.04325000000000001,0.5,0.0,0.11825,0.3660990712074303,0.0007522739958561608,7.377287781462819,19.907499499999997,-12.530211718537178,0.0,12.530211718537178,12.530211718537178
Ref-01B-B-0p50mps,0.5720000000000001,0.04375000000000001,0.5,0.0,0.11775,0.36455108359133126,0.0007490931332944012,7.3460941756215385,19.907499499999997,-12.561405324378459,0.0,12.561405324378459,12.561405324378459
Ref-01B-B-0p50mps,0.5730000000000001,0.04425000000000001,0.5,0.0,0.11725,0.36300309597523217,0.0007459122707326414,7.314900569780258,19.907499499999997,-12.592598930219738,0.0,12.592598930219738,12.592598930219738
Ref-01B-B-0p50mps,0.5740000000000001,0.04475000000000001,0.5,0.0,0.11674999999999999,0.3614551083591331,0.0007427314081708818,7.283706963938978,19.907499499999997,-12.623792536061018,0.0,12.623792536061018,12.623792536061018
Ref-01B-B-0p50mps,0.5750000000000001,0.04525000000000001,0.5,0.0,0.11624999999999999,0.35990712074303405,0.0007395505456091222,7.252513358097698,19.907499499999997,-12.654986141902299,0.0,12.654986141902299,12.654986141902299
Ref-01B-B-0p50mps,0.5760000000000001,0.04575000000000001,0.5,0.0,0.11574999999999999,0.35835913312693496,0.0007363696830473624,7.2213197522564165,19.907499499999997,-12.68617974774358,0.0,12.68617974774358,12.68617974774358
Ref-01B-B-0p50mps,0.577,0.04624999999999996,0.5,0.0,0.11525000000000005,0.35681114551083604,0.0007331888204856031,7.19012614641514,19.907499499999997,-12.717373353584858,0.0,12.717373353584858,12.717373353584858
Ref-01B-B-0p50mps,0.578,0.04674999999999996,0.5,0.0,0.11475000000000005,0.355263157894737,0.0007300079579238435,7.1589325405738595,19.907499499999997,-12.748566959426137,0.0,12.748566959426137,12.748566959426137
Ref-01B-B-0p50mps,0.579,0.04724999999999996,0.5,0.0,0.11425000000000005,0.3537151702786379,0.0007268270953620838,7.127738934732578,19.907499499999997,-12.779760565267418,0.0,12.779760565267418,12.779760565267418
Ref-01B-B-0p50mps,0.58,0.04774999999999996,0.5,0.0,0.11375000000000005,0.3521671826625388,0.0007236462328003241,7.096545328891299,19.907499499999997,-12.810954171108698,0.0,12.810954171108698,12.810954171108698
Ref-01B-B-0p50mps,0.581,0.04824999999999996,0.5,0.0,0.11325000000000005,0.35061919504643974,0.0007204653702385645,7.065351723050019,19.907499499999997,-12.842147776949979,0.0,12.842147776949979,12.842147776949979
Ref-01B-B-0p50mps,0.582,0.04874999999999996,0.5,0.0,0.11275000000000004,0.3490712074303407,0.0007172845076768048,7.0341581172087375,19.907499499999997,-12.87334138279126,0.0,12.87334138279126,12.87334138279126
Ref-01B-B-0p50mps,0.583,0.04924999999999996,0.5,0.0,0.11225000000000004,0.3475232198142416,0.0007141036451150452,7.002964511367457,19.907499499999997,-12.90453498863254,0.0,12.90453498863254,12.90453498863254
Ref-01B-B-0p50mps,0.584,0.04974999999999996,0.5,0.0,0.11175000000000004,0.3459752321981425,0.0007109227825532854,6.971770905526176,19.907499499999997,-12.93572859447382,0.0,12.93572859447382,12.93572859447382
Ref-01B-B-0p50mps,0.585,0.05024999999999996,0.5,0.0,0.11125000000000004,0.3444272445820435,0.0007077419199915258,6.940577299684896,19.907499499999997,-12.9669222003151,0.0,12.9669222003151,12.9669222003151
Ref-01B-B-0p50mps,0.586,0.05074999999999996,0.5,0.0,0.11075000000000004,0.3428792569659444,0.0007045610574297662,6.909383693843616,19.907499499999997,-12.998115806156381,0.0,12.998115806156381,12.998115806156381
Ref-01B-B-0p50mps,0.587,0.05124999999999996,0.5,0.0,0.11025000000000004,0.3413312693498453,0.0007013801948680064,6.878190088002335,19.907499499999997,-13.029309411997662,0.0,13.029309411997662,13.029309411997662
Ref-01B-B-0p50mps,0.588,0.05174999999999996,0.5,0.0,0.10975000000000004,0.3397832817337462,0.0006981993323062468,6.846996482161055,19.907499499999997,-13.060503017838942,0.0,13.060503017838942,13.060503017838942
Ref-01B-B-0p50mps,0.589,0.05224999999999996,0.5,0.0,0.10925000000000004,0.3382352941176472,0.0006950184697444872,6.815802876319775,19.907499499999997,-13.091696623680221,0.0,13.091696623680221,13.091696623680221
Ref-01B-B-0p50mps,0.59,0.052749999999999964,0.5,0.0,0.10875000000000004,0.3366873065015481,0.0006918376071827274,6.7846092704784935,19.907499499999997,-13.122890229521502,0.0,13.122890229521502,13.122890229521502
Ref-01B-B-0p50mps,0.591,0.053249999999999964,0.5,0.0,0.10825000000000004,0.335139318885449,0.0006886567446209678,6.753415664637214,19.907499499999997,-13.154083835362783,0.0,13.154083835362783,13.154083835362783
Ref-01B-B-0p50mps,0.592,0.053749999999999964,0.5,0.0,0.10775000000000004,0.33359133126935,0.0006854758820592081,6.722222058795933,19.907499499999997,-13.185277441204065,0.0,13.185277441204065,13.185277441204065
Ref-01B-B-0p50mps,0.593,0.054249999999999965,0.5,0.0,0.10725000000000004,0.3320433436532509,0.0006822950194974484,6.691028452954653,19.907499499999997,-13.216471047045344,0.0,13.216471047045344,13.216471047045344
Ref-01B-B-0p50mps,0.594,0.054749999999999965,0.5,0.0,0.10675000000000004,0.3304953560371518,0.0006791141569356888,6.659834847113372,19.907499499999997,-13.247664652886623,0.0,13.247664652886623,13.247664652886623
Ref-01B-B-0p50mps,0.595,0.055249999999999966,0.5,0.0,0.10625000000000004,0.32894736842105277,0.0006759332943739291,6.628641241272091,19.907499499999997,-13.278858258727904,0.0,13.278858258727904,13.278858258727904
Ref-01B-B-0p50mps,0.596,0.055749999999999966,0.5,0.0,0.10575000000000004,0.3273993808049537,0.0006727524318121694,6.597447635430811,19.907499499999997,-13.310051864569186,0.0,13.310051864569186,13.310051864569186
Ref-01B-B-0p50mps,0.597,0.05624999999999997,0.5,0.0,0.10525000000000004,0.3258513931888546,0.0006695715692504098,6.5662540295895315,19.907499499999997,-13.341245470410465,0.0,13.341245470410465,13.341245470410465
Ref-01B-B-0p50mps,0.598,0.05674999999999997,0.5,0.0,0.10475000000000004,0.3243034055727555,0.0006663907066886501,6.53506042374825,19.907499499999997,-13.372439076251746,0.0,13.372439076251746,13.372439076251746
Ref-01B-B-0p50mps,0.599,0.05724999999999997,0.5,0.0,0.10425000000000004,0.32275541795665647,0.0006632098441268905,6.50386681790697,19.907499499999997,-13.403632682093026,0.0,13.403632682093026,13.403632682093026
Ref-01B-B-0p50mps,0.6,0.05774999999999997,0.5,0.0,0.10375000000000004,0.3212074303405574,0.0006600289815651308,6.47267321206569,19.907499499999997,-13.434826287934307,0.0,13.434826287934307,13.434826287934307
Ref-01B-B-0p50mps,0.601,0.05824999999999997,0.5,0.0,0.10325000000000004,0.3196594427244583,0.0006568481190033711,6.441479606224409,19.907499499999997,-13.466019893775588,0.0,13.466019893775588,13.466019893775588
Ref-01B-B-0p50mps,0.602,0.05874999999999997,0.5,0.0,0.10275000000000004,0.31811145510835925,0.0006536672564416115,6.410286000383129,19.907499499999997,-13.497213499616867,0.0,13.497213499616867,13.497213499616867
Ref-01B-B-0p50mps,0.603,0.05924999999999997,0.5,0.0,0.10225000000000004,0.31656346749226016,0.0006504863938798517,6.379092394541848,19.907499499999997,-13.528407105458149,0.0,13.528407105458149,13.528407105458149
Ref-01B-B-0p50mps,0.604,0.05974999999999997,0.5,0.0,0.10175000000000003,0.3150154798761611,0.0006473055313180921,6.347898788700568,19.907499499999997,-13.559600711299428,0.0,13.559600711299428,13.559600711299428
Ref-01B-B-0p50mps,0.605,0.06024999999999997,0.5,0.0,0.10125000000000003,0.31346749226006204,0.0006441246687563325,6.3167051828592875,19.907499499999997,-13.590794317140709,0.0,13.590794317140709,13.590794317140709
Ref-01B-B-0p50mps,0.606,0.06074999999999997,0.5,0.0,0.10075000000000003,0.31191950464396295,0.0006409438061945727,6.285511577018006,19.907499499999997,-13.62198792298199,0.0,13.62198792298199,13.62198792298199
Ref-01B-B-0p50mps,0.607,0.06124999999999997,0.5,0.0,0.10025000000000003,0.31037151702786386,0.0006377629436328131,6.254317971176726,19.907499499999997,-13.653181528823271,0.0,13.653181528823271,13.653181528823271
Ref-01B-B-0p50mps,0.608,0.06174999999999997,0.5,0.0,0.09975000000000003,0.3088235294117648,0.0006345820810710535,6.223124365335447,19.907499499999997,-13.684375134664549,0.0,13.684375134664549,13.684375134664549
Ref-01B-B-0p50mps,0.609,0.06224999999999997,0.5,0.0,0.09925000000000003,0.30727554179566574,0.0006314012185092937,6.1919307594941655,19.907499499999997,-13.71556874050583,0.0,13.71556874050583,13.71556874050583
Ref-01B-B-0p50mps,0.61,0.06274999999999997,0.5,0.0,0.09875000000000003,0.30572755417956665,0.0006282203559475341,6.160737153652885,19.907499499999997,-13.746762346347111,0.0,13.746762346347111,13.746762346347111
Ref-01B-B-0p50mps,0.611,0.06324999999999997,0.5,0.0,0.09825000000000003,0.30417956656346756,0.0006250394933857744,6.129543547811604,19.907499499999997,-13.777955952188393,0.0,13.777955952188393,13.777955952188393
Ref-01B-B-0p50mps,0.612,0.06374999999999997,0.5,0.0,0.09775000000000003,0.30263157894736853,0.0006218586308240148,6.098349941970324,19.907499499999997,-13.809149558029674,0.0,13.809149558029674,13.809149558029674
Ref-01B-B-0p50mps,0.613,0.06424999999999997,0.5,0.0,0.09725000000000003,0.30108359133126944,0.0006186777682622551,6.067156336129044,19.907499499999997,-13.840343163870951,0.0,13.840343163870951,13.840343163870951
Ref-01B-B-0p50mps,0.614,0.06474999999999997,0.5,0.0,0.09675000000000003,0.29953560371517035,0.0006154969057004954,6.035962730287763,19.907499499999997,-13.871536769712232,0.0,13.871536769712232,13.871536769712232
Ref-01B-B-0p50mps,0.615,0.06524999999999997,0.5,0.0,0.09625000000000003,0.2979876160990713,0.0006123160431387358,6.004769124446483,19.907499499999997,-13.902730375553514,0.0,13.902730375553514,13.902730375553514
Ref-01B-B-0p50mps,0.616,0.06574999999999998,0.5,0.0,0.09575000000000003,0.29643962848297223,0.0006091351805769761,5.973575518605203,19.907499499999997,-13.933923981394795,0.0,13.933923981394795,13.933923981394795
Ref-01B-B-0p50mps,0.617,0.06624999999999998,0.5,0.0,0.09525000000000003,0.29489164086687314,0.0006059543180152164,5.9423819127639215,19.907499499999997,-13.965117587236076,0.0,13.965117587236076,13.965117587236076
Ref-01B-B-0p50mps,0.618,0.06674999999999998,0.5,0.0,0.09475000000000003,0.29334365325077405,0.0006027734554534568,5.911188306922641,19.907499499999997,-13.996311193077355,0.0,13.996311193077355,13.996311193077355
Ref-01B-B-0p50mps,0.619,0.06724999999999998,0.5,0.0,0.09425000000000003,0.291795665634675,0.000599592592891697,5.87999470108136,19.907499499999997,-14.027504798918637,0.0,14.027504798918637,14.027504798918637
Ref-01B-B-0p50mps,0.62,0.06774999999999998,0.5,0.0,0.09375000000000003,0.2902476780185759,0.0005964117303299374,5.848801095240081,19.907499499999997,-14.058698404759916,0.0,14.058698404759916,14.058698404759916
Ref-01B-B-0p50mps,0.621,0.06824999999999998,0.5,0.0,0.09325000000000003,0.28869969040247684,0.0005932308677681778,5.8176074893988,19.907499499999997,-14.089892010601197,0.0,14.089892010601197,14.089892010601197
Ref-01B-B-0p50mps,0.622,0.06874999999999998,0.5,0.0,0.09275000000000003,0.2871517027863778,0.000590050005206418,5.786413883557519,19.907499499999997,-14.121085616442478,0.0,14.121085616442478,14.121085616442478
Ref-01B-B-0p50mps,0.623,0.06924999999999998,0.5,0.0,0.09225000000000003,0.2856037151702787,0.0005868691426446584,5.755220277716239,19.907499499999997,-14.152279222283758,0.0,14.152279222283758,14.152279222283758
Ref-01B-B-0p50mps,0.624,0.06974999999999998,0.5,0.0,0.09175000000000003,0.2840557275541796,0.0005836882800828988,5.7240266718749595,19.907499499999997,-14.183472828125037,0.0,14.183472828125037,14.183472828125037
Ref-01B-B-0p50mps,0.625,0.07024999999999998,0.5,0.0,0.09125000000000003,0.2825077399380806,0.000580507417521139,5.692833066033678,19.907499499999997,-14.214666433966318,0.0,14.214666433966318,14.214666433966318
Ref-01B-B-0p50mps,0.626,0.07074999999999998,0.5,0.0,0.09075000000000003,0.2809597523219815,0.0005773265549593794,5.661639460192398,19.907499499999997,-14.2458600398076,0.0,14.2458600398076,14.2458600398076
Ref-01B-B-0p50mps,0.627,0.07124999999999998,0.5,0.0,0.09025000000000002,0.2794117647058824,0.0005741456923976198,5.630445854351118,19.907499499999997,-14.277053645648879,0.0,14.277053645648879,14.277053645648879
Ref-01B-B-0p50mps,0.628,0.07174999999999998,0.5,0.0,0.08975000000000002,0.2778637770897833,0.00057096482983586,5.599252248509837,19.907499499999997,-14.30824725149016,0.0,14.30824725149016,14.30824725149016
Ref-01B-B-0p50mps,0.629,0.07224999999999998,0.5,0.0,0.08925000000000002,0.2763157894736843,0.0005677839672741004,5.568058642668556,19.907499499999997,-14.33944085733144,0.0,14.33944085733144,14.33944085733144
Ref-01B-B-0p50mps,0.63,0.07274999999999998,0.5,0.0,0.08875000000000002,0.2747678018575852,0.0005646031047123407,5.536865036827276,19.907499499999997,-14.37063446317272,0.0,14.37063446317272,14.37063446317272
Ref-01B-B-0p50mps,0.631,0.07324999999999998,0.5,0.0,0.08825000000000002,0.2732198142414861,0.0005614222421505811,5.505671430985996,19.907499499999997,-14.401828069014002,0.0,14.401828069014002,14.401828069014002
Ref-01B-B-0p50mps,0.632,0.07374999999999998,0.5,0.0,0.08775000000000002,0.2716718266253871,0.0005582413795888214,5.4744778251447155,19.907499499999997,-14.433021674855281,0.0,14.433021674855281,14.433021674855281
Ref-01B-B-0p50mps,0.633,0.07424999999999998,0.5,0.0,0.08725000000000002,0.270123839009288,0.0005550605170270617,5.443284219303434,19.907499499999997,-14.464215280696562,0.0,14.464215280696562,14.464215280696562
Ref-01B-B-0p50mps,0.634,0.07474999999999998,0.5,0.0,0.08675000000000002,0.2685758513931889,0.0005518796544653021,5.412090613462154,19.907499499999997,-14.495408886537842,0.0,14.495408886537842,14.495408886537842
Ref-01B-B-0p50mps,0.635,0.07524999999999998,0.5,0.0,0.08625000000000002,0.2670278637770898,0.0005486987919035424,5.380897007620875,19.907499499999997,-14.526602492379123,0.0,14.526602492379123,14.526602492379123
Ref-01B-B-0p50mps,0.636,0.07574999999999998,0.5,0.0,0.08575000000000002,0.2654798761609908,0.0005455179293417827,5.3497034017795935,19.907499499999997,-14.557796098220404,0.0,14.557796098220404,14.557796098220404
Ref-01B-B-0p50mps,0.637,0.07624999999999998,0.5,0.0,0.08525000000000002,0.2639318885448917,0.0005423370667800231,5.318509795938313,19.907499499999997,-14.588989704061683,0.0,14.588989704061683,14.588989704061683
Ref-01B-B-0p50mps,0.638,0.07674999999999998,0.5,0.0,0.08475000000000002,0.2623839009287926,0.0005391562042182633,5.287316190097032,19.907499499999997,-14.620183309902965,0.0,14.620183309902965,14.620183309902965
Ref-01B-B-0p50mps,0.639,0.07724999999999999,0.5,0.0,0.08425000000000002,0.26083591331269357,0.0005359753416565037,5.256122584255752,19.907499499999997,-14.651376915744244,0.0,14.651376915744244,14.651376915744244
Ref-01B-B-0p50mps,0.64,0.07774999999999999,0.5,0.0,0.08375000000000002,0.2592879256965945,0.0005327944790947441,5.2249289784144715,19.907499499999997,-14.682570521585525,0.0,14.682570521585525,14.682570521585525
Ref-01B-B-0p50mps,0.641,0.07824999999999999,0.5,0.0,0.08325000000000002,0.2577399380804954,0.0005296136165329843,5.193735372573191,19.907499499999997,-14.713764127426806,0.0,14.713764127426806,14.713764127426806
Ref-01B-B-0p50mps,0.642,0.07874999999999999,0.5,0.0,0.08275000000000002,0.25619195046439636,0.0005264327539712247,5.162541766731911,19.907499499999997,-14.744957733268086,0.0,14.744957733268086,14.744957733268086
Ref-01B-B-0p50mps,0.643,0.07924999999999999,0.5,0.0,0.08225000000000002,0.25464396284829727,0.0005232518914094651,5.131348160890631,19.907499499999997,-14.776151339109365,0.0,14.776151339109365,14.776151339109365
Ref-01B-B-0p50mps,0.644,0.07974999999999999,0.5,0.0,0.08175000000000002,0.2530959752321982,0.0005200710288477054,5.1001545550493494,19.907499499999997,-14.807344944950646,0.0,14.807344944950646,14.807344944950646
Ref-01B-B-0p50mps,0.645,0.08024999999999999,0.5,0.0,0.08125000000000002,0.2515479876160991,0.0005168901662859457,5.068960949208069,19.907499499999997,-14.838538550791927,0.0,14.838538550791927,14.838538550791927
Ref-01B-B-0p50mps,0.646,0.08074999999999999,0.5,0.0,0.08075000000000002,0.25000000000000006,0.0005137093037241861,5.03776734336679,19.907499499999997,-14.869732156633207,0.0,14.869732156633207,14.869732156633207
Ref-01B-B-0p50mps,0.647,0.08124999999999999,0.5,0.0,0.08025000000000002,0.24845201238390097,0.0005105284411624264,5.006573737525509,19.907499499999997,-14.900925762474488,0.0,14.900925762474488,14.900925762474488
Ref-01B-B-0p50mps,0.648,0.08174999999999999,0.5,0.0,0.07975000000000002,0.2469040247678019,0.0005073475786006667,4.975380131684228,19.907499499999997,-14.932119368315767,0.0,14.932119368315767,14.932119368315767
Ref-01B-B-0p50mps,0.649,0.08224999999999999,0.5,0.0,0.07925000000000001,0.24535603715170282,0.000504166716038907,4.944186525842947,19.907499499999997,-14.963312974157049,0.0,14.963312974157049,14.963312974157049
Ref-01B-B-0p50mps,0.65,0.08274999999999999,0.5,0.0,0.07875000000000001,0.24380804953560375,0.0005009858534771474,4.912992920001667,19.907499499999997,-14.99450657999833,0.0,14.99450657999833,14.99450657999833
Ref-01B-B-0p50mps,0.651,0.08324999999999999,0.5,0.0,0.07825000000000001,0.2422600619195047,0.0004978049909153877,4.881799314160387,19.907499499999997,-15.02570018583961,0.0,15.02570018583961,15.02570018583961
Ref-01B-B-0p50mps,0.652,0.08374999999999999,0.5,0.0,0.07775000000000001,0.2407120743034056,0.000494624128353628,4.850605708319106,19.907499499999997,-15.05689379168089,0.0,15.05689379168089,15.05689379168089
Ref-01B-B-0p50mps,0.653,0.08424999999999999,0.5,0.0,0.07725000000000001,0.23916408668730654,0.0004914432657918684,4.819412102477826,19.907499499999997,-15.08808739752217,0.0,15.08808739752217,15.08808739752217
Ref-01B-B-0p50mps,0.654,0.08474999999999999,0.5,0.0,0.07675000000000001,0.23761609907120745,0.0004882624032301087,4.788218496636545,19.907499499999997,-15.11928100336345,0.0,15.11928100336345,15.11928100336345
Ref-01B-B-0p50mps,0.655,0.08524999999999999,0.5,0.0,0.07625000000000001,0.2360681114551084,0.000485081540668349,4.757024890795265,19.907499499999997,-15.150474609204732,0.0,15.150474609204732,15.150474609204732
Ref-01B-B-0p50mps,0.656,0.08574999999999999,0.5,0.0,0.07575000000000001,0.23452012383900933,0.0004819006781065894,4.725831284953984,19.907499499999997,-15.181668215046013,0.0,15.181668215046013,15.181668215046013
Ref-01B-B-0p50mps,0.657,0.08625,0.5,0.0,0.07525000000000001,0.23297213622291024,0.0004787198155448297,4.694637679112704,19.907499499999997,-15.212861820887293,0.0,15.212861820887293,15.212861820887293
Ref-01B-B-0p50mps,0.658,0.08675,0.5,0.0,0.07475000000000001,0.23142414860681118,0.00047553895298307,4.663444073271424,19.907499499999997,-15.244055426728572,0.0,15.244055426728572,15.244055426728572
Ref-01B-B-0p50mps,0.659,0.08725,0.5,0.0,0.07425000000000001,0.2298761609907121,0.00047235809042131034,4.632250467430143,19.907499499999997,-15.275249032569853,0.0,15.275249032569853,15.275249032569853
Ref-01B-B-0p50mps,0.66,0.08775,0.5,0.0,0.07375000000000001,0.22832817337461303,0.0004691772278595507,4.601056861588863,19.907499499999997,-15.306442638411134,0.0,15.306442638411134,15.306442638411134
Ref-01B-B-0p50mps,0.661,0.08825,0.5,0.0,0.07325000000000001,0.22678018575851394,0.00046599636529779103,4.569863255747582,19.907499499999997,-15.337636244252415,0.0,15.337636244252415,15.337636244252415
Ref-01B-B-0p50mps,0.662,0.08875,0.5,0.0,0.07275000000000001,0.22523219814241488,0.00046281550273603135,4.538669649906302,19.907499499999997,-15.368829850093695,0.0,15.368829850093695,15.368829850093695
Ref-01B-B-0p50mps,0.663,0.08925,0.5,0.0,0.07225000000000001,0.22368421052631582,0.00045963464017427166,4.5074760440650214,19.907499499999997,-15.400023455934974,0.0,15.400023455934974,15.400023455934974
Ref-01B-B-0p50mps,0.664,0.08975,0.5,0.0,0.07175000000000001,0.22213622291021673,0.00045645377761251204,4.476282438223741,19.907499499999997,-15.431217061776255,0.0,15.431217061776255,15.431217061776255
Ref-01B-B-0p50mps,0.665,0.09025,0.5,0.0,0.07125000000000001,0.22058823529411767,0.00045327291505075235,4.44508883238246,19.907499499999997,-15.462410667617537,0.0,15.462410667617537,15.462410667617537
Ref-01B-B-0p50mps,0.666,0.09075,0.5,0.0,0.07075000000000001,0.21904024767801858,0.00045009205248899267,4.41389522654118,19.907499499999997,-15.493604273458818,0.0,15.493604273458818,15.493604273458818
Ref-01B-B-0p50mps,0.667,0.09125,0.5,0.0,0.07025,0.21749226006191952,0.000446911189927233,4.382701620699899,19.907499499999997,-15.524797879300097,0.0,15.524797879300097,15.524797879300097
Ref-01B-B-0p50mps,0.668,0.09175,0.5,0.0,0.06975,0.21594427244582046,0.00044373032736547336,4.351508014858619,19.907499499999997,-15.555991485141377,0.0,15.555991485141377,15.555991485141377
Ref-01B-B-0p50mps,0.669,0.09225,0.5,0.0,0.06925,0.21439628482972137,0.0004405494648037137,4.320314409017339,19.907499499999997,-15.587185090982658,0.0,15.587185090982658,15.587185090982658
Ref-01B-B-0p50mps,0.67,0.09275,0.5,0.0,0.06875,0.2128482972136223,0.000437368602241954,4.289120803176058,19.907499499999997,-15.618378696823939,0.0,15.618378696823939,15.618378696823939
Ref-01B-B-0p50mps,0.671,0.09325,0.5,0.0,0.06825,0.21130030959752322,0.00043418773968019437,4.257927197334778,19.907499499999997,-15.649572302665218,0.0,15.649572302665218,15.649572302665218
Ref-01B-B-0p50mps,0.672,0.09375,0.5,0.0,0.06775,0.20975232198142416,0.0004310068771184347,4.226733591493497,19.907499499999997,-15.6807659085065,0.0,15.6807659085065,15.6807659085065
Ref-01B-B-0p50mps,0.673,0.09425,0.5,0.0,0.06725,0.2082043343653251,0.000427826014556675,4.195539985652217,19.907499499999997,-15.711959514347779,0.0,15.711959514347779,15.711959514347779
Ref-01B-B-0p50mps,0.674,0.09475,0.5,0.0,0.06675,0.206656346749226,0.0004246451519949153,4.164346379810937,19.907499499999997,-15.74315312018906,0.0,15.74315312018906,15.74315312018906
Ref-01B-B-0p50mps,0.675,0.09525,0.5,0.0,0.06625,0.20510835913312694,0.0004214642894331557,4.133152773969656,19.907499499999997,-15.774346726030341,0.0,15.774346726030341,15.774346726030341
Ref-01B-B-0p50mps,0.676,0.09575,0.5,0.0,0.06575,0.20356037151702785,0.000418283426871396,4.101959168128375,19.907499499999997,-15.805540331871622,0.0,15.805540331871622,15.805540331871622
Ref-01B-B-0p50mps,0.677,0.09625,0.5,0.0,0.06525,0.2020123839009288,0.00041510256430963633,4.070765562287095,19.907499499999997,-15.836733937712902,0.0,15.836733937712902,15.836733937712902
Ref-01B-B-0p50mps,0.678,0.09675,0.5,0.0,0.06475,0.20046439628482973,0.00041192170174787665,4.039571956445815,19.907499499999997,-15.867927543554181,0.0,15.867927543554181,15.867927543554181
Ref-01B-B-0p50mps,0.679,0.09725,0.5,0.0,0.06425,0.19891640866873064,0.000408740839186117,4.008378350604534,19.907499499999997,-15.899121149395462,0.0,15.899121149395462,15.899121149395462
Ref-01B-B-0p50mps,0.68,0.09775,0.5,0.0,0.06375,0.19736842105263158,0.00040555997662435734,3.9771847447632536,19.907499499999997,-15.930314755236743,0.0,15.930314755236743,15.930314755236743
Ref-01B-B-0p50mps,0.681,0.09825,0.5,0.0,0.06325,0.1958204334365325,0.00040237911406259766,3.9459911389219733,19.907499499999997,-15.961508361078023,0.0,15.961508361078023,15.961508361078023
Ref-01B-B-0p50mps,0.682,0.09875,0.5,0.0,0.06275,0.19427244582043343,0.000399198251500838,3.9147975330806926,19.907499499999997,-15.992701966919304,0.0,15.992701966919304,15.992701966919304
Ref-01B-B-0p50mps,0.683,0.09925,0.5,0.0,0.06225,0.19272445820433437,0.00039601738893907835,3.8836039272394127,19.907499499999997,-16.023895572760583,0.0,16.023895572760583,16.023895572760583
Ref-01B-B-0p50mps,0.684,0.09975,0.5,0.0,0.06175,0.19117647058823528,0.00039283652637731866,3.852410321398132,19.907499499999997,-16.055089178601865,0.0,16.055089178601865,16.055089178601865
Ref-01B-B-0p50mps,0.685,0.10025,0.5,0.0,0.06125,0.18962848297213622,0.000389655663815559,3.8212167155568513,19.907499499999997,-16.086282784443146,0.0,16.086282784443146,16.086282784443146
Ref-01B-B-0p50mps,0.686,0.10075,0.5,0.0,0.06075,0.18808049535603713,0.0003864748012537993,3.7900231097155705,19.907499499999997,-16.117476390284427,0.0,16.117476390284427,16.117476390284427
Ref-01B-B-0p50mps,0.687,0.10125,0.5,0.0,0.06025,0.18653250773993807,0.00038329393869203967,3.7588295038742907,19.907499499999997,-16.148669996125705,0.0,16.148669996125705,16.148669996125705
Ref-01B-B-0p50mps,0.6880000000000001,0.10175000000000001,0.5,0.0,0.05975,0.184984520123839,0.00038011307613028,3.72763589803301,19.907499499999997,-16.179863601966986,0.0,16.179863601966986,16.179863601966986
Ref-01B-B-0p50mps,0.6890000000000001,0.10225000000000001,0.5,0.0,0.05925,0.18343653250773992,0.0003769322135685203,3.6964422921917297,19.907499499999997,-16.211057207808267,0.0,16.211057207808267,16.211057207808267
Ref-01B-B-0p50mps,0.6900000000000001,0.10275000000000001,0.5,0.0,0.05875,0.18188854489164086,0.0003737513510067606,3.665248686350449,19.907499499999997,-16.242250813649548,0.0,16.242250813649548,16.242250813649548
Ref-01B-B-0p50mps,0.6910000000000001,0.10325000000000001,0.5,0.0,0.058249999999999996,0.18034055727554177,0.000370570488445001,3.6340550805091687,19.907499499999997,-16.27344441949083,0.0,16.27344441949083,16.27344441949083
Ref-01B-B-0p50mps,0.6920000000000001,0.10375000000000001,0.5,0.0,0.057749999999999996,0.1787925696594427,0.0003673896258832413,3.6028614746678884,19.907499499999997,-16.304638025332107,0.0,16.304638025332107,16.304638025332107
Ref-01B-B-0p50mps,0.6930000000000001,0.10425000000000001,0.5,0.0,0.057249999999999995,0.17724458204334365,0.00036420876332148163,3.5716678688266077,19.907499499999997,-16.335831631173388,0.0,16.335831631173388,16.335831631173388
Ref-01B-B-0p50mps,0.6940000000000001,0.10475000000000001,0.5,0.0,0.056749999999999995,0.17569659442724456,0.00036102790075972195,3.540474262985327,19.907499499999997,-16.36702523701467,0.0,16.36702523701467,16.36702523701467
Ref-01B-B-0p50mps,0.6950000000000001,0.10525000000000001,0.5,0.0,0.056249999999999994,0.1741486068111455,0.0003578470381979623,3.509280657144047,19.907499499999997,-16.39821884285595,0.0,16.39821884285595,16.39821884285595
Ref-01B-B-0p50mps,0.6960000000000001,0.10575000000000001,0.5,0.0,0.055749999999999994,0.1726006191950464,0.00035466617563620264,3.4780870513027664,19.907499499999997,-16.42941244869723,0.0,16.42941244869723,16.42941244869723
Ref-01B-B-0p50mps,0.6970000000000001,0.10625000000000001,0.5,0.0,0.055249999999999994,0.17105263157894735,0.00035148531307444296,3.4468934454614857,19.907499499999997,-16.46060605453851,0.0,16.46060605453851,16.46060605453851
Ref-01B-B-0p50mps,0.6980000000000001,0.10675000000000001,0.5,0.0,0.05474999999999999,0.16950464396284828,0.00034830445051268333,3.415699839620206,19.907499499999997,-16.49179966037979,0.0,16.49179966037979,16.49179966037979
Ref-01B-B-0p50mps,0.6990000000000001,0.10725000000000001,0.5,0.0,0.05424999999999999,0.1679566563467492,0.00034512358795092365,3.384506233778925,19.907499499999997,-16.52299326622107,0.0,16.52299326622107,16.52299326622107
Ref-01B-B-0p50mps,0.7000000000000001,0.10775000000000001,0.5,0.0,0.05374999999999999,0.16640866873065013,0.00034194272538916396,3.353312627937645,19.907499499999997,-16.554186872062353,0.0,16.554186872062353,16.554186872062353
Ref-01B-B-0p50mps,0.7010000000000001,0.10825000000000001,0.5,0.0,0.05324999999999999,0.16486068111455104,0.0003387618628274043,3.322119022096364,19.907499499999997,-16.585380477903634,0.0,16.585380477903634,16.585380477903634
Ref-01B-B-0p50mps,0.7020000000000001,0.10875000000000001,0.5,0.0,0.05274999999999999,0.16331269349845198,0.00033558100026564465,3.290925416255084,19.907499499999997,-16.61657408374491,0.0,16.61657408374491,16.61657408374491
Ref-01B-B-0p50mps,0.7030000000000001,0.10925000000000001,0.5,0.0,0.05224999999999999,0.16176470588235292,0.00033240013770388497,3.2597318104138036,19.907499499999997,-16.647767689586193,0.0,16.647767689586193,16.647767689586193
Ref-01B-B-0p50mps,0.704,0.10974999999999996,0.5,0.0,0.051750000000000046,0.160216718266254,0.00032921927514212567,3.2285382045725264,19.907499499999997,-16.67896129542747,0.0,16.67896129542747,16.67896129542747
Ref-01B-B-0p50mps,0.705,0.11024999999999996,0.5,0.0,0.051250000000000046,0.15866873065015494,0.000326038412580366,3.197344598731246,19.907499499999997,-16.71015490126875,0.0,16.71015490126875,16.71015490126875
Ref-01B-B-0p50mps,0.706,0.11074999999999996,0.5,0.0,0.050750000000000045,0.15712074303405588,0.0003228575500186063,3.1661509928899654,19.907499499999997,-16.741348507110033,0.0,16.741348507110033,16.741348507110033
Ref-01B-B-0p50mps,0.707,0.11124999999999996,0.5,0.0,0.050250000000000045,0.1555727554179568,0.0003196766874568466,3.1349573870486847,19.907499499999997,-16.772542112951314,0.0,16.772542112951314,16.772542112951314
Ref-01B-B-0p50mps,0.708,0.11174999999999996,0.5,0.0,0.049750000000000044,0.15402476780185773,0.000316495824895087,3.103763781207405,19.907499499999997,-16.80373571879259,0.0,16.80373571879259,16.80373571879259
Ref-01B-B-0p50mps,0.709,0.11224999999999996,0.5,0.0,0.049250000000000044,0.15247678018575864,0.0003133149623333273,3.072570175366124,19.907499499999997,-16.834929324633872,0.0,16.834929324633872,16.834929324633872
Ref-01B-B-0p50mps,0.71,0.11274999999999996,0.5,0.0,0.04875000000000004,0.15092879256965958,0.00031013409977156763,3.041376569524844,19.907499499999997,-16.866122930475154,0.0,16.866122930475154,16.866122930475154
Ref-01B-B-0p50mps,0.711,0.11324999999999996,0.5,0.0,0.04825000000000004,0.1493808049535605,0.00030695323720980795,3.010182963683563,19.907499499999997,-16.897316536316435,0.0,16.897316536316435,16.897316536316435
Ref-01B-B-0p50mps,0.712,0.11374999999999996,0.5,0.0,0.04775000000000004,0.14783281733746143,0.0003037723746480483,2.978989357842283,19.907499499999997,-16.928510142157712,0.0,16.928510142157712,16.928510142157712
Ref-01B-B-0p50mps,0.713,0.11424999999999996,0.5,0.0,0.04725000000000004,0.14628482972136236,0.00030059151208628864,2.9477957520010025,19.907499499999997,-16.959703747998994,0.0,16.959703747998994,16.959703747998994
Ref-01B-B-0p50mps,0.714,0.11474999999999996,0.5,0.0,0.04675000000000004,0.14473684210526327,0.00029741064952452896,2.916602146159722,19.907499499999997,-16.990897353840275,0.0,16.990897353840275,16.990897353840275
Ref-01B-B-0p50mps,0.715,0.11524999999999996,0.5,0.0,0.04625000000000004,0.1431888544891642,0.0002942297869627693,2.885408540318441,19.907499499999997,-17.022090959681556,0.0,17.022090959681556,17.022090959681556
Ref-01B-B-0p50mps,0.716,0.11574999999999996,0.5,0.0,0.04575000000000004,0.14164086687306512,0.00029104892440100965,2.8542149344771612,19.907499499999997,-17.053284565522837,0.0,17.053284565522837,17.053284565522837
Ref-01B-B-0p50mps,0.717,0.11624999999999996,0.5,0.0,0.04525000000000004,0.14009287925696606,0.00028786806183924996,2.8230213286358805,19.907499499999997,-17.084478171364115,0.0,17.084478171364115,17.084478171364115
Ref-01B-B-0p50mps,0.718,0.11674999999999996,0.5,0.0,0.04475000000000004,0.138544891640867,0.0002846871992774903,2.7918277227946,19.907499499999997,-17.115671777205396,0.0,17.115671777205396,17.115671777205396
Ref-01B-B-0p50mps,0.719,0.11724999999999997,0.5,0.0,0.04425000000000004,0.1369969040247679,0.00028150633671573065,2.76063411695332,19.907499499999997,-17.146865383046677,0.0,17.146865383046677,17.146865383046677
Ref-01B-B-0p50mps,0.72,0.11774999999999997,0.5,0.0,0.04375000000000004,0.13544891640866885,0.00027832547415397097,2.7294405111120392,19.907499499999997,-17.17805898888796,0.0,17.17805898888796,17.17805898888796
Ref-01B-B-0p50mps,0.721,0.11824999999999997,0.5,0.0,0.04325000000000004,0.13390092879256976,0.0002751446115922113,2.698246905270759,19.907499499999997,-17.209252594729236,0.0,17.209252594729236,17.209252594729236
Ref-01B-B-0p50mps,0.722,0.11874999999999997,0.5,0.0,0.04275000000000004,0.1323529411764707,0.0002719637490304516,2.667053299429478,19.907499499999997,-17.240446200570517,0.0,17.240446200570517,17.240446200570517
Ref-01B-B-0p50mps,0.723,0.11924999999999997,0.5,0.0,0.04225000000000004,0.13080495356037164,0.000268782886468692,2.635859693588198,19.907499499999997,-17.271639806411798,0.0,17.271639806411798,17.271639806411798
Ref-01B-B-0p50mps,0.724,0.11974999999999997,0.5,0.0,0.04175000000000004,0.12925696594427255,0.0002656020239069323,2.6046660877469177,19.907499499999997,-17.30283341225308,0.0,17.30283341225308,17.30283341225308
Ref-01B-B-0p50mps,0.725,0.12024999999999997,0.5,0.0,0.04125000000000004,0.1277089783281735,0.0002624211613451726,2.573472481905637,19.907499499999997,-17.33402701809436,0.0,17.33402701809436,17.33402701809436
Ref-01B-B-0p50mps,0.726,0.12074999999999997,0.5,0.0,0.040750000000000036,0.1261609907120744,0.00025924029878341293,2.542278876064356,19.907499499999997,-17.36522062393564,0.0,17.36522062393564,17.36522062393564
Ref-01B-B-0p50mps,0.727,0.12124999999999997,0.5,0.0,0.040250000000000036,0.12461300309597534,0.0002560594362216533,2.5110852702230764,19.907499499999997,-17.39641422977692,0.0,17.39641422977692,17.39641422977692
Ref-01B-B-0p50mps,0.728,0.12174999999999997,0.5,0.0,0.039750000000000035,0.12306501547987626,0.0002528785736598936,2.4798916643817956,19.907499499999997,-17.4276078356182,0.0,17.4276078356182,17.4276078356182
Ref-01B-B-0p50mps,0.729,0.12224999999999997,0.5,0.0,0.039250000000000035,0.12151702786377719,0.00024969771109813394,2.448698058540515,19.907499499999997,-17.45880144145948,0.0,17.45880144145948,17.45880144145948
Ref-01B-B-0p50mps,0.73,0.12274999999999997,0.5,0.0,0.038750000000000034,0.11996904024767813,0.00024651684853637426,2.4175044526992346,19.907499499999997,-17.489995047300763,0.0,17.489995047300763,17.489995047300763
Ref-01B-B-0p50mps,0.731,0.12324999999999997,0.5,0.0,0.038250000000000034,0.11842105263157905,0.0002433359859746146,2.3863108468579544,19.907499499999997,-17.52118865314204,0.0,17.52118865314204,17.52118865314204
Ref-01B-B-0p50mps,0.732,0.12374999999999997,0.5,0.0,0.037750000000000034,0.11687306501547998,0.00024015512341285495,2.355117241016674,19.907499499999997,-17.55238225898332,0.0,17.55238225898332,17.55238225898332
Ref-01B-B-0p50mps,0.733,0.12424999999999997,0.5,0.0,0.03725000000000003,0.1153250773993809,0.00023697426085109527,2.3239236351753934,19.907499499999997,-17.583575864824603,0.0,17.583575864824603,17.583575864824603
Ref-01B-B-0p50mps,0.734,0.12474999999999997,0.5,0.0,0.03675000000000003,0.11377708978328183,0.0002337933982893356,2.292730029334113,19.907499499999997,-17.614769470665884,0.0,17.614769470665884,17.614769470665884
Ref-01B-B-0p50mps,0.735,0.12524999999999997,0.5,0.0,0.03625000000000003,0.11222910216718276,0.00023061253572757593,2.2615364234928323,19.907499499999997,-17.645963076507165,0.0,17.645963076507165,17.645963076507165
Ref-01B-B-0p50mps,0.736,0.12574999999999997,0.5,0.0,0.03575000000000003,0.11068111455108369,0.00022743167316581627,2.230342817651552,19.907499499999997,-17.677156682348446,0.0,17.677156682348446,17.677156682348446
Ref-01B-B-0p50mps,0.737,0.12624999999999997,0.5,0.0,0.03525000000000003,0.10913312693498461,0.0002242508106040566,2.1991492118102713,19.907499499999997,-17.708350288189724,0.0,17.708350288189724,17.708350288189724
Ref-01B-B-0p50mps,0.738,0.12674999999999997,0.5,0.0,0.03475000000000003,0.10758513931888554,0.00022106994804229694,2.167955605968991,19.907499499999997,-17.739543894031005,0.0,17.739543894031005,17.739543894031005
Ref-01B-B-0p50mps,0.739,0.12724999999999997,0.5,0.0,0.03425000000000003,0.10603715170278646,0.00021788908548053725,2.136762000127711,19.907499499999997,-17.770737499872286,0.0,17.770737499872286,17.770737499872286
Ref-01B-B-0p50mps,0.74,0.12774999999999997,0.5,0.0,0.03375000000000003,0.1044891640866874,0.0002147082229187776,2.10556839428643,19.907499499999997,-17.801931105713567,0.0,17.801931105713567,17.801931105713567
Ref-01B-B-0p50mps,0.741,0.12824999999999998,0.5,0.0,0.03325000000000003,0.10294117647058833,0.00021152736035701792,2.0743747884451498,19.907499499999997,-17.833124711554845,0.0,17.833124711554845,17.833124711554845
Ref-01B-B-0p50mps,0.742,0.12874999999999998,0.5,0.0,0.03275000000000003,0.10139318885448925,0.00020834649779525826,2.0431811826038695,19.907499499999997,-17.864318317396126,0.0,17.864318317396126,17.864318317396126
Ref-01B-B-0p50mps,0.743,0.12924999999999998,0.5,0.0,0.03225000000000003,0.09984520123839018,0.00020516563523349858,2.0119875767625888,19.907499499999997,-17.895511923237407,0.0,17.895511923237407,17.895511923237407
Ref-01B-B-0p50mps,0.744,0.12974999999999998,0.5,0.0,0.03175000000000003,0.0982972136222911,0.00020198477267173892,1.9807939709213085,19.907499499999997,-17.92670552907869,0.0,17.92670552907869,17.92670552907869
Ref-01B-B-0p50mps,0.745,0.13024999999999998,0.5,0.0,0.03125000000000003,0.09674922600619203,0.00019880391010997927,1.9496003650800282,19.907499499999997,-17.95789913491997,0.0,17.95789913491997,17.95789913491997
Ref-01B-B-0p50mps,0.746,0.13074999999999998,0.5,0.0,0.030750000000000027,0.09520123839009297,0.0001956230475482196,1.9184067592387475,19.907499499999997,-17.98909274076125,0.0,17.98909274076125,17.98909274076125
Ref-01B-B-0p50mps,0.747,0.13124999999999998,0.5,0.0,0.030250000000000027,0.09365325077399389,0.00019244218498645993,1.8872131533974672,19.907499499999997,-18.02028634660253,0.0,18.02028634660253,18.02028634660253
Ref-01B-B-0p50mps,0.748,0.13174999999999998,0.5,0.0,0.029750000000000026,0.09210526315789481,0.00018926132242470025,1.8560195475561867,19.907499499999997,-18.05147995244381,0.0,18.05147995244381,18.05147995244381
Ref-01B-B-0p50mps,0.749,0.13224999999999998,0.5,0.0,0.029250000000000026,0.09055727554179574,0.0001860804598629406,1.8248259417149064,19.907499499999997,-18.08267355828509,0.0,18.08267355828509,18.08267355828509
Ref-01B-B-0p50mps,0.75,0.13274999999999998,0.5,0.0,0.028750000000000026,0.08900928792569666,0.0001828995973011809,1.7936323358736257,19.907499499999997,-18.113867164126372,0.0,18.113867164126372,18.113867164126372
Ref-01B-B-0p50mps,0.751,0.13324999999999998,0.5,0.0,0.028250000000000025,0.0874613003095976,0.00017971873473942126,1.7624387300323454,19.907499499999997,-18.14506076996765,0.0,18.14506076996765,18.14506076996765
Ref-01B-B-0p50mps,0.752,0.13374999999999998,0.5,0.0,0.027750000000000025,0.08591331269349853,0.00017653787217766158,1.731245124191065,19.907499499999997,-18.17625437580893,0.0,18.17625437580893,18.17625437580893
Ref-01B-B-0p50mps,0.753,0.13424999999999998,0.5,0.0,0.027250000000000024,0.08436532507739945,0.00017335700961590192,1.7000515183497844,19.907499499999997,-18.207447981650212,0.0,18.207447981650212,18.207447981650212
Ref-01B-B-0p50mps,0.754,0.13474999999999998,0.5,0.0,0.026750000000000024,0.08281733746130038,0.00017017614705414224,1.668857912508504,19.907499499999997,-18.238641587491493,0.0,18.238641587491493,18.238641587491493
Ref-01B-B-0p50mps,0.755,0.13524999999999998,0.5,0.0,0.026250000000000023,0.0812693498452013,0.00016699528449238258,1.6376643066672236,19.907499499999997,-18.269835193332774,0.0,18.269835193332774,18.269835193332774
Ref-01B-B-0p50mps,0.756,0.13574999999999998,0.5,0.0,0.025750000000000023,0.07972136222910224,0.0001638144219306229,1.6064707008259431,19.907499499999997,-18.301028799174052,0.0,18.301028799174052,18.301028799174052
Ref-01B-B-0p50mps,0.757,0.13624999999999998,0.5,0.0,0.025250000000000022,0.07817337461300317,0.00016063355936886325,1.5752770949846626,19.907499499999997,-18.332222405015333,0.0,18.332222405015333,18.332222405015333
Ref-01B-B-0p50mps,0.758,0.13674999999999998,0.5,0.0,0.024750000000000022,0.07662538699690409,0.00015745269680710356,1.5440834891433821,19.907499499999997,-18.363416010856614,0.0,18.363416010856614,18.363416010856614
Ref-01B-B-0p50mps,0.759,0.13724999999999998,0.5,0.0,0.02425000000000002,0.07507739938080502,0.0001542718342453439,1.5128898833021018,19.907499499999997,-18.394609616697895,0.0,18.394609616697895,18.394609616697895
Ref-01B-B-0p50mps,0.76,0.13774999999999998,0.5,0.0,0.02375000000000002,0.07352941176470594,0.00015109097168358423,1.481696277460821,19.907499499999997,-18.425803222539177,0.0,18.425803222539177,18.425803222539177
Ref-01B-B-0p50mps,0.761,0.13824999999999998,0.5,0.0,0.02325000000000002,0.07198142414860688,0.00014791010912182457,1.4505026716195408,19.907499499999997,-18.456996828380454,0.0,18.456996828380454,18.456996828380454
Ref-01B-B-0p50mps,0.762,0.13874999999999998,0.5,0.0,0.02275000000000002,0.0704334365325078,0.0001447292465600649,1.4193090657782603,19.907499499999997,-18.488190434221735,0.0,18.488190434221735,18.488190434221735
Ref-01B-B-0p50mps,0.763,0.13924999999999998,0.5,0.0,0.02225000000000002,0.06888544891640873,0.00014154838399830523,1.38811545993698,19.907499499999997,-18.519384040063017,0.0,18.519384040063017,18.519384040063017
Ref-01B-B-0p50mps,0.764,0.13974999999999999,0.5,0.0,0.02175000000000002,0.06733746130030965,0.00013836752143654555,1.3569218540956993,19.907499499999997,-18.550577645904298,0.0,18.550577645904298,18.550577645904298
Ref-01B-B-0p50mps,0.765,0.14024999999999999,0.5,0.0,0.02125000000000002,0.06578947368421058,0.0001351866588747859,1.325728248254419,19.907499499999997,-18.58177125174558,0.0,18.58177125174558,18.58177125174558
Ref-01B-B-0p50mps,0.766,0.14075,0.5,0.0,0.02075000000000002,0.06424148606811152,0.00013200579631302621,1.2945346424131385,19.907499499999997,-18.612964857586856,0.0,18.612964857586856,18.612964857586856
Ref-01B-B-0p50mps,0.767,0.14125,0.5,0.0,0.020250000000000018,0.06269349845201244,0.00012882493375126656,1.2633410365718583,19.907499499999997,-18.644158463428138,0.0,18.644158463428138,18.644158463428138
Ref-01B-B-0p50mps,0.768,0.14175,0.5,0.0,0.019750000000000018,0.061145510835913366,0.00012564407118950688,1.2321474307305775,19.907499499999997,-18.67535206926942,0.0,18.67535206926942,18.67535206926942
Ref-01B-B-0p50mps,0.769,0.14225,0.5,0.0,0.019250000000000017,0.05959752321981429,0.00012246320862774722,1.2009538248892973,19.907499499999997,-18.7065456751107,0.0,18.7065456751107,18.7065456751107
Ref-01B-B-0p50mps,0.77,0.14275,0.5,0.0,0.018750000000000017,0.05804953560371522,0.00011928234606598755,1.1697602190480167,19.907499499999997,-18.73773928095198,0.0,18.73773928095198,18.73773928095198
Ref-01B-B-0p50mps,0.771,0.14325,0.5,0.0,0.018250000000000016,0.05650154798761615,0.00011610148350422788,1.1385666132067362,19.907499499999997,-18.76893288679326,0.0,18.76893288679326,18.76893288679326
Ref-01B-B-0p50mps,0.772,0.14375,0.5,0.0,0.017750000000000016,0.05495356037151707,0.00011292062094246822,1.107373007365456,19.907499499999997,-18.80012649263454,0.0,18.80012649263454,18.80012649263454
Ref-01B-B-0p50mps,0.773,0.14425,0.5,0.0,0.017250000000000015,0.053405572755418004,0.00010973975838070855,1.0761794015241755,19.907499499999997,-18.83132009847582,0.0,18.83132009847582,18.83132009847582
Ref-01B-B-0p50mps,0.774,0.14475,0.5,0.0,0.016750000000000015,0.05185758513931893,0.00010655889581894888,1.044985795682895,19.907499499999997,-18.862513704317102,0.0,18.862513704317102,18.862513704317102
Ref-01B-B-0p50mps,0.775,0.14525,0.5,0.0,0.016250000000000014,0.05030959752321986,0.00010337803325718921,1.0137921898416145,19.907499499999997,-18.893707310158383,0.0,18.893707310158383,18.893707310158383
Ref-01B-B-0p50mps,0.776,0.14575,0.5,0.0,0.015750000000000014,0.048761609907120786,0.00010019717069542954,0.9825985840003341,19.907499499999997,-18.92490091599966,0.0,18.92490091599966,18.92490091599966
Ref-01B-B-0p50mps,0.777,0.14625,0.5,0.0,0.015250000000000014,0.04721362229102171,9.701630813366987e-05,0.9514049781590537,19.907499499999997,-18.956094521840942,0.0,18.956094521840942,18.956094521840942
Ref-01B-B-0p50mps,0.778,0.14675,0.5,0.0,0.014750000000000013,0.04566563467492264,9.38354455719102e-05,0.9202113723177732,19.907499499999997,-18.987288127682223,0.0,18.987288127682223,18.987288127682223
Ref-01B-B-0p50mps,0.779,0.14725,0.5,0.0,0.014250000000000013,0.04411764705882357,9.065458301015054e-05,0.8890177664764927,19.907499499999997,-19.018481733523505,0.0,19.018481733523505,19.018481733523505
Ref-01B-B-0p50mps,0.78,0.14775,0.5,0.0,0.013750000000000012,0.04256965944272449,8.747372044839087e-05,0.8578241606352123,19.907499499999997,-19.049675339364786,0.0,19.049675339364786,19.049675339364786
Ref-01B-B-0p50mps,0.781,0.14825,0.5,0.0,0.013250000000000012,0.041021671826625423,8.42928578866312e-05,0.8266305547939318,19.907499499999997,-19.080868945206063,0.0,19.080868945206063,19.080868945206063
Ref-01B-B-0p50mps,0.782,0.14875,0.5,0.0,0.012750000000000011,0.03947368421052635,8.111199532487153e-05,0.7954369489526514,19.907499499999997,-19.112062551047345,0.0,19.112062551047345,19.112062551047345
Ref-01B-B-0p50mps,0.783,0.14925,0.5,0.0,0.012250000000000011,0.03792569659442728,7.793113276311187e-05,0.764243343111371,19.907499499999997,-19.143256156888626,0.0,19.143256156888626,19.143256156888626
Ref-01B-B-0p50mps,0.784,0.14975,0.5,0.0,0.01175000000000001,0.036377708978328205,7.47502702013522e-05,0.7330497372700906,19.907499499999997,-19.174449762729907,0.0,19.174449762729907,19.174449762729907
Ref-01B-B-0p50mps,0.785,0.15025,0.5,0.0,0.01125000000000001,0.03482972136222913,7.156940763959254e-05,0.7018561314288101,19.907499499999997,-19.205643368571188,0.0,19.205643368571188,19.205643368571188
Ref-01B-B-0p50mps,0.786,0.15075,0.5,0.0,0.01075000000000001,0.03328173374613006,6.838854507783287e-05,0.6706625255875297,19.907499499999997,-19.236836974412466,0.0,19.236836974412466,19.236836974412466
Ref-01B-B-0p50mps,0.787,0.15125,0.5,0.0,0.010250000000000009,0.031733746130030986,6.52076825160732e-05,0.6394689197462492,19.907499499999997,-19.268030580253747,0.0,19.268030580253747,19.268030580253747
Ref-01B-B-0p50mps,0.788,0.15175,0.5,0.0,0.009750000000000009,0.030185758513931914,6.202681995431353e-05,0.6082753139049688,19.907499499999997,-19.299224186095028,0.0,19.299224186095028,19.299224186095028
Ref-01B-B-0p50mps,0.789,0.15225,0.5,0.0,0.009250000000000008,0.028637770897832843,5.884595739255386e-05,0.5770817080636883,19.907499499999997,-19.33041779193631,0.0,19.33041779193631,19.33041779193631
Ref-01B-B-0p50mps,0.79,0.15275,0.5,0.0,0.008750000000000008,0.02708978328173377,5.5665094830794194e-05,0.5458881022224079,19.907499499999997,-19.36161139777759,0.0,19.36161139777759,19.36161139777759
Ref-01B-B-0p50mps,0.791,0.15325,0.5,0.0,0.008250000000000007,0.025541795665634696,5.2484232269034526e-05,0.5146944963811274,19.907499499999997,-19.392805003618868,0.0,19.392805003618868,19.392805003618868
Ref-01B-B-0p50mps,0.792,0.15375,0.5,0.0,0.007750000000000007,0.023993808049535624,4.930336970727486e-05,0.48350089053984696,19.907499499999997,-19.42399860946015,0.0,19.42399860946015,19.42399860946015
Ref-01B-B-0p50mps,0.793,0.15425,0.5,0.0,0.0072500000000000064,0.022445820433436552,4.612250714551519e-05,0.4523072846985665,19.907499499999997,-19.45519221530143,0.0,19.45519221530143,19.45519221530143
Ref-01B-B-0p50mps,0.794,0.15475,0.5,0.0,0.006750000000000006,0.02089783281733748,4.294164458375552e-05,0.42111367885728607,19.907499499999997,-19.48638582114271,0.0,19.48638582114271,19.48638582114271
Ref-01B-B-0p50mps,0.795,0.15525,0.5,0.0,0.0062500000000000056,0.019349845201238405,3.976078202199585e-05,0.3899200730160056,19.907499499999997,-19.517579426983993,0.0,19.517579426983993,19.517579426983993
Ref-01B-B-0p50mps,0.796,0.15575,0.5,0.0,0.005750000000000005,0.017801857585139334,3.657991946023618e-05,0.35872646717472517,19.907499499999997,-19.54877303282527,0.0,19.54877303282527,19.54877303282527
Ref-01B-B-0p50mps,0.797,0.15625,0.5,0.0,0.005250000000000005,0.016253869969040262,3.3399056898476514e-05,0.32753286133344467,19.907499499999997,-19.57996663866655,0.0,19.57996663866655,19.57996663866655
Ref-01B-B-0p50mps,0.798,0.15675,0.5,0.0,0.004750000000000004,0.014705882352941188,3.0218194336716845e-05,0.2963392554921642,19.907499499999997,-19.611160244507833,0.0,19.611160244507833,19.611160244507833
Ref-01B-B-0p50mps,0.799,0.15725,0.5,0.0,0.004250000000000004,0.013157894736842117,2.703733177495718e-05,0.26514564965088383,19.907499499999997,-19.642353850349114,0.0,19.642353850349114,19.642353850349114
Ref-01B-B-0p50mps,0.8,0.15775,0.5,0.0,0.0037500000000000033,0.011609907120743043,2.385646921319751e-05,0.23395204380960335,19.907499499999997,-19.673547456190395,0.0,19.673547456190395,19.673547456190395
Ref-01B-B-0p50mps,0.801,0.15825,0.5,0.0,0.003250000000000003,0.010061919504643971,2.0675606651437843e-05,0.2027584379683229,19.907499499999997,-19.704741062031673,0.0,19.704741062031673,19.704741062031673
Ref-01B-B-0p50mps,0.802,0.15875,0.5,0.0,0.0027500000000000024,0.0085139318885449,1.7494744089678174e-05,0.17156483212704246,19.907499499999997,-19.735934667872954,0.0,19.735934667872954,19.735934667872954
Ref-01B-B-0p50mps,0.803,0.15925,0.5,0.0,0.002250000000000002,0.006965944272445826,1.4313881527918507e-05,0.140371226285762,19.907499499999997,-19.767128273714235,0.0,19.767128273714235,19.767128273714235
Ref-01B-B-0p50mps,0.804,0.15975,0.5,0.0,0.0017500000000000016,0.005417956656346754,1.1133018966158839e-05,0.10917762044448157,19.907499499999997,-19.798321879555516,0.0,19.798321879555516,19.798321879555516
Ref-01B-B-0p50mps,0.805,0.16025,0.5,0.0,0.0012500000000000011,0.0038699690402476815,7.95215640439917e-06,0.07798401460320112,19.907499499999997,-19.829515485396797,0.0,19.829515485396797,19.829515485396797
Ref-01B-B-0p50mps,0.806,0.16075,0.5,0.0,0.0007500000000000007,0.002321981424148609,4.771293842639502e-06,0.04679040876192067,19.907499499999997,-19.860709091238075,0.0,19.860709091238075,19.860709091238075
Ref-01B-B-0p50mps,0.807,0.16125,0.5,0.0,0.0002500000000000002,0.0007739938080495363,1.590431280879834e-06,0.015596802920640225,19.907499499999997,-19.891902697079356,0.0,19.891902697079356,19.891902697079356
Ref-01B-B-0p50mps,0.808,0.16175,0.5,0.0,0.0,0.0,0.0,0.0,19.907499499999997,-19.907499499999997,0.0,19.907499499999997,19.907499499999997
Ref-01B-B-0p50mps,0.809,0.16225,0.5,0.0,0.0,0.0,0.0,0.0,19.907499499999997,-19.907499499999997,0.0,19.907499499999997,19.907499499999997
Ref-01B-B-0p50mps,0.81,0.16275,0.5,0.0,0.0,0.0,0.0,0.0,19.907499499999997,-19.907499499999997,0.0,19.907499499999997,19.907499499999997
Ref-01B-B-0p50mps,0.811,0.16325,0.5,0.0,0.0,0.0,0.0,0.0,19.907499499999997,-19.907499499999997,0.0,19.907499499999997,19.907499499999997
Ref-01B-B-0p50mps,0.812,0.16375,0.5,0.0,0.0,0.0,0.0,0.0,19.907499499999997,-19.907499499999997,0.0,19.907499499999997,19.907499499999997
Ref-01B-B-0p50mps,0.8130000000000001,0.16425,0.5,0.0,0.0,0.0,0.0,0.0,19.907499499999997,-19.907499499999997,0.0,19.907499499999997,19.907499499999997
Ref-01B-B-0p50mps,0.8140000000000001,0.16475,0.5,0.0,0.0,0.0,0.0,0.0,19.907499499999997,-19.907499499999997,0.0,19.907499499999997,19.907499499999997
Ref-01B-B-0p50mps,0.8150000000000001,0.16525,0.5,0.0,0.0,0.0,0.0,0.0,19.907499499999997,-19.907499499999997,0.0,19.907499499999997,19.907499499999997
Ref-01B-B-0p50mps,0.8160000000000001,0.16575,0.5,0.0,0.0,0.0,0.0,0.0,19.907499499999997,-19.907499499999997,0.0,19.907499499999997,19.907499499999997
Ref-01B-B-0p50mps,0.8170000000000001,0.16625,0.5,0.0,0.0,0.0,0.0,0.0,19.907499499999997,-19.907499499999997,0.0,19.907499499999997,19.907499499999997
Ref-01B-B-0p50mps,0.8180000000000001,0.16675,0.5,0.0,0.0,0.0,0.0,0.0,19.907499499999997,-19.907499499999997,0.0,19.907499499999997,19.907499499999997
Ref-01B-B-0p50mps,0.8190000000000001,0.16725,0.5,0.0,0.0,0.0,0.0,0.0,19.907499499999997,-19.907499499999997,0.0,19.907499499999997,19.907499499999997
Ref-01B-B-0p50mps,0.8200000000000001,0.16775,0.5,0.0,0.0,0.0,0.0,0.0,19.907499499999997,-19.907499499999997,0.0,19.907499499999997,19.907499499999997
Ref-01B-B-0p50mps,0.8210000000000001,0.16825,0.5,0.0,0.0,0.0,0.0,0.0,19.907499499999997,-19.907499499999997,0.0,19.907499499999997,19.907499499999997
Ref-01B-B-0p50mps,0.8220000000000001,0.16875,0.5,0.0,0.0,0.0,0.0,0.0,19.907499499999997,-19.907499499999997,0.0,19.907499499999997,19.907499499999997
Ref-01B-B-0p50mps,0.8230000000000001,0.16925,0.5,0.0,0.0,0.0,0.0,0.0,19.907499499999997,-19.907499499999997,0.0,19.907499499999997,19.907499499999997
Ref-01B-B-0p50mps,0.8240000000000001,0.16975,0.5,0.0,0.0,0.0,0.0,0.0,19.907499499999997,-19.907499499999997,0.0,19.907499499999997,19.907499499999997
Ref-01B-B-0p50mps,0.8250000000000001,0.17025,0.5,0.0,0.0,0.0,0.0,0.0,19.907499499999997,-19.907499499999997,0.0,19.907499499999997,19.907499499999997
Ref-01B-B-0p50mps,0.8260000000000001,0.17075,0.5,0.0,0.0,0.0,0.0,0.0,19.907499499999997,-19.907499499999997,0.0,19.907499499999997,19.907499499999997
Ref-01B-B-0p50mps,0.8270000000000001,0.17125,0.5,0.0,0.0,0.0,0.0,0.0,19.907499499999997,-19.907499499999997,0.0,19.907499499999997,19.907499499999997
Ref-01B-B-0p50mps,0.8280000000000001,0.17175,0.5,0.0,0.0,0.0,0.0,0.0,19.907499499999997,-19.907499499999997,0.0,19.907499499999997,19.907499499999997
Ref-01B-B-0p50mps,0.8290000000000001,0.17225000000000001,0.5,0.0,0.0,0.0,0.0,0.0,19.907499499999997,-19.907499499999997,0.0,19.907499499999997,19.907499499999997
Ref-01B-B-0p50mps,0.8300000000000001,0.17275000000000001,0.5,0.0,0.0,0.0,0.0,0.0,19.907499499999997,-19.907499499999997,0.0,19.907499499999997,19.907499499999997
Ref-01B-B-0p50mps,0.8310000000000001,0.17325000000000002,0.5,0.0,0.0,0.0,0.0,0.0,19.907499499999997,-19.907499499999997,0.0,19.907499499999997,19.907499499999997
Ref-01B-B-0p50mps,0.8320000000000001,0.17375000000000002,0.5,0.0,0.0,0.0,0.0,0.0,19.907499499999997,-19.907499499999997,0.0,19.907499499999997,19.907499499999997
Ref-01B-B-0p50mps,0.833,0.17424999999999996,0.5,0.0,0.0,0.0,0.0,0.0,19.907499499999997,-19.907499499999997,0.0,19.907499499999997,19.907499499999997
Ref-01B-B-0p50mps,0.834,0.17474999999999996,0.5,0.0,0.0,0.0,0.0,0.0,19.907499499999997,-19.907499499999997,0.0,19.907499499999997,19.907499499999997
Ref-01B-B-0p50mps,0.835,0.17524999999999996,0.5,0.0,0.0,0.0,0.0,0.0,19.907499499999997,-19.907499499999997,0.0,19.907499499999997,19.907499499999997
Ref-01B-B-0p50mps,0.836,0.17574999999999996,0.5,0.0,0.0,0.0,0.0,0.0,19.907499499999997,-19.907499499999997,0.0,19.907499499999997,19.907499499999997
Ref-01B-B-0p50mps,0.837,0.17624999999999996,0.5,0.0,0.0,0.0,0.0,0.0,19.907499499999997,-19.907499499999997,0.0,19.907499499999997,19.907499499999997
Ref-01B-B-0p50mps,0.838,0.17674999999999996,0.5,0.0,0.0,0.0,0.0,0.0,19.907499499999997,-19.907499499999997,0.0,19.907499499999997,19.907499499999997
Ref-01B-B-0p50mps,0.839,0.17724999999999996,0.5,0.0,0.0,0.0,0.0,0.0,19.907499499999997,-19.907499499999997,0.0,19.907499499999997,19.907499499999997
Ref-01B-B-0p50mps,0.84,0.17774999999999996,0.5,0.0,0.0,0.0,0.0,0.0,19.907499499999997,-19.907499499999997,0.0,19.907499499999997,19.907499499999997
Ref-01B-B-0p50mps,0.841,0.17824999999999996,0.5,0.0,0.0,0.0,0.0,0.0,19.907499499999997,-19.907499499999997,0.0,19.907499499999997,19.907499499999997
Ref-01B-B-0p50mps,0.842,0.17874999999999996,0.5,0.0,0.0,0.0,0.0,0.0,19.907499499999997,-19.907499499999997,0.0,19.907499499999997,19.907499499999997
Ref-01B-B-0p50mps,0.843,0.17924999999999996,0.5,0.0,0.0,0.0,0.0,0.0,19.907499499999997,-19.907499499999997,0.0,19.907499499999997,19.907499499999997
Ref-01B-B-0p50mps,0.844,0.17974999999999997,0.5,0.0,0.0,0.0,0.0,0.0,19.907499499999997,-19.907499499999997,0.0,19.907499499999997,19.907499499999997
Ref-01B-B-0p50mps,0.845,0.18024999999999997,0.5,0.0,0.0,0.0,0.0,0.0,19.907499499999997,-19.907499499999997,0.0,19.907499499999997,19.907499499999997
Ref-01B-B-0p50mps,0.846,0.18074999999999997,0.5,0.0,0.0,0.0,0.0,0.0,19.907499499999997,-19.907499499999997,0.0,19.907499499999997,19.907499499999997
Ref-01B-B-0p50mps,0.847,0.18124999999999997,0.5,0.0,0.0,0.0,0.0,0.0,19.907499499999997,-19.907499499999997,0.0,19.907499499999997,19.907499499999997
Ref-01B-B-0p50mps,0.848,0.18174999999999997,0.5,0.0,0.0,0.0,0.0,0.0,19.907499499999997,-19.907499499999997,0.0,19.907499499999997,19.907499499999997
Ref-01B-B-0p50mps,0.849,0.18224999999999997,0.5,0.0,0.0,0.0,0.0,0.0,19.907499499999997,-19.907499499999997,0.0,19.907499499999997,19.907499499999997
Ref-01B-B-0p50mps,0.85,0.18274999999999997,0.5,0.0,0.0,0.0,0.0,0.0,19.907499499999997,-19.907499499999997,0.0,19.907499499999997,19.907499499999997
Ref-01B-B-0p50mps,0.851,0.18324999999999997,0.5,0.0,0.0,0.0,0.0,0.0,19.907499499999997,-19.907499499999997,0.0,19.907499499999997,19.907499499999997
Ref-01B-B-0p50mps,0.852,0.18374999999999997,0.5,0.0,0.0,0.0,0.0,0.0,19.907499499999997,-19.907499499999997,0.0,19.907499499999997,19.907499499999997
Ref-01B-B-0p50mps,0.853,0.18424999999999997,0.5,0.0,0.0,0.0,0.0,0.0,19.907499499999997,-19.907499499999997,0.0,19.907499499999997,19.907499499999997
Ref-01B-B-0p50mps,0.854,0.18474999999999997,0.5,0.0,0.0,0.0,0.0,0.0,19.907499499999997,-19.907499499999997,0.0,19.907499499999997,19.907499499999997
Ref-01B-B-0p50mps,0.855,0.18524999999999997,0.5,0.0,0.0,0.0,0.0,0.0,19.907499499999997,-19.907499499999997,0.0,19.907499499999997,19.907499499999997
Ref-01B-B-0p50mps,0.856,0.18574999999999997,0.5,0.0,0.0,0.0,0.0,0.0,19.907499499999997,-19.907499499999997,0.0,19.907499499999997,19.907499499999997
Ref-01B-B-0p50mps,0.857,0.18624999999999997,0.5,0.0,0.0,0.0,0.0,0.0,19.907499499999997,-19.907499499999997,0.0,19.907499499999997,19.907499499999997
Ref-01B-B-0p50mps,0.858,0.18674999999999997,0.5,0.0,0.0,0.0,0.0,0.0,19.907499499999997,-19.907499499999997,0.0,19.907499499999997,19.907499499999997
Ref-01B-B-0p50mps,0.859,0.18724999999999997,0.5,0.0,0.0,0.0,0.0,0.0,19.907499499999997,-19.907499499999997,0.0,19.907499499999997,19.907499499999997
Ref-01B-B-0p50mps,0.86,0.18774999999999997,0.5,0.0,0.0,0.0,0.0,0.0,19.907499499999997,-19.907499499999997,0.0,19.907499499999997,19.907499499999997
Ref-01B-B-0p50mps,0.861,0.18824999999999997,0.5,0.0,0.0,0.0,0.0,0.0,19.907499499999997,-19.907499499999997,0.0,19.907499499999997,19.907499499999997
Ref-01B-B-0p50mps,0.862,0.18874999999999997,0.5,0.0,0.0,0.0,0.0,0.0,19.907499499999997,-19.907499499999997,0.0,19.907499499999997,19.907499499999997
Ref-01B-B-0p50mps,0.863,0.18924999999999997,0.5,0.0,0.0,0.0,0.0,0.0,19.907499499999997,-19.907499499999997,0.0,19.907499499999997,19.907499499999997
Ref-01B-B-0p50mps,0.864,0.18974999999999997,0.5,0.0,0.0,0.0,0.0,0.0,19.907499499999997,-19.907499499999997,0.0,19.907499499999997,19.907499499999997
Ref-01B-B-0p50mps,0.865,0.19024999999999997,0.5,0.0,0.0,0.0,0.0,0.0,19.907499499999997,-19.907499499999997,0.0,19.907499499999997,19.907499499999997
Ref-01B-B-0p50mps,0.866,0.19074999999999998,0.5,0.0,0.0,0.0,0.0,0.0,19.907499499999997,-19.907499499999997,0.0,19.907499499999997,19.907499499999997
Ref-01B-B-0p50mps,0.867,0.19124999999999998,0.5,0.0,0.0,0.0,0.0,0.0,19.907499499999997,-19.907499499999997,0.0,19.907499499999997,19.907499499999997
Ref-01B-B-0p50mps,0.868,0.19174999999999998,0.5,0.0,0.0,0.0,0.0,0.0,19.907499499999997,-19.907499499999997,0.0,19.907499499999997,19.907499499999997
Ref-01B-B-0p50mps,0.869,0.19224999999999998,0.5,0.0,0.0,0.0,0.0,0.0,19.907499499999997,-19.907499499999997,0.0,19.907499499999997,19.907499499999997
Ref-01B-B-0p50mps,0.87,0.19274999999999998,0.5,0.0,0.0,0.0,0.0,0.0,19.907499499999997,-19.907499499999997,0.0,19.907499499999997,19.907499499999997
Ref-01B-B-0p50mps,0.871,0.19324999999999998,0.5,0.0,0.0,0.0,0.0,0.0,19.907499499999997,-19.907499499999997,0.0,19.907499499999997,19.907499499999997
Ref-01B-B-0p50mps,0.872,0.19374999999999998,0.5,0.0,0.0,0.0,0.0,0.0,19.907499499999997,-19.907499499999997,0.0,19.907499499999997,19.907499499999997
Ref-01B-B-0p50mps,0.873,0.19424999999999998,0.5,0.0,0.0,0.0,0.0,0.0,19.907499499999997,-19.907499499999997,0.0,19.907499499999997,19.907499499999997
Ref-01B-B-0p50mps,0.874,0.19474999999999998,0.5,0.0,0.0,0.0,0.0,0.0,19.907499499999997,-19.907499499999997,0.0,19.907499499999997,19.907499499999997
Ref-01B-B-0p50mps,0.875,0.19524999999999998,0.5,0.0,0.0,0.0,0.0,0.0,19.907499499999997,-19.907499499999997,0.0,19.907499499999997,19.907499499999997
Ref-01B-B-0p50mps,0.876,0.19574999999999998,0.5,0.0,0.0,0.0,0.0,0.0,19.907499499999997,-19.907499499999997,0.0,19.907499499999997,19.907499499999997
Ref-01B-B-0p50mps,0.877,0.19624999999999998,0.5,0.0,0.0,0.0,0.0,0.0,19.907499499999997,-19.907499499999997,0.0,19.907499499999997,19.907499499999997
Ref-01B-B-0p50mps,0.878,0.19674999999999998,0.5,0.0,0.0,0.0,0.0,0.0,19.907499499999997,-19.907499499999997,0.0,19.907499499999997,19.907499499999997
Ref-01B-B-0p50mps,0.879,0.19724999999999998,0.5,0.0,0.0,0.0,0.0,0.0,19.907499499999997,-19.907499499999997,0.0,19.907499499999997,19.907499499999997
Ref-01B-B-0p50mps,0.88,0.19774999999999998,0.5,0.0,0.0,0.0,0.0,0.0,19.907499499999997,-19.907499499999997,0.0,19.907499499999997,19.907499499999997
Ref-01B-B-0p50mps,0.881,0.19824999999999998,0.5,0.0,0.0,0.0,0.0,0.0,19.907499499999997,-19.907499499999997,0.0,19.907499499999997,19.907499499999997
Ref-01B-B-0p50mps,0.882,0.19874999999999998,0.5,0.0,0.0,0.0,0.0,0.0,19.907499499999997,-19.907499499999997,0.0,19.907499499999997,19.907499499999997
Ref-01B-B-0p50mps,0.883,0.19924999999999998,0.5,0.0,0.0,0.0,0.0,0.0,19.907499499999997,-19.907499499999997,0.0,19.907499499999997,19.907499499999997
Ref-01B-B-0p50mps,0.884,0.19974999999999998,0.5,0.0,0.0,0.0,0.0,0.0,19.907499499999997,-19.907499499999997,0.0,19.907499499999997,19.907499499999997
Ref-01B-B-0p50mps,0.885,0.20024999999999998,0.5,0.0,0.0,0.0,0.0,0.0,19.907499499999997,-19.907499499999997,0.0,19.907499499999997,19.907499499999997
Ref-01B-B-0p50mps,0.886,0.20074999999999998,0.5,0.0,0.0,0.0,0.0,0.0,19.907499499999997,-19.907499499999997,0.0,19.907499499999997,19.907499499999997
Ref-01B-B-0p50mps,0.887,0.20124999999999998,0.5,0.0,0.0,0.0,0.0,0.0,19.907499499999997,-19.907499499999997,0.0,19.907499499999997,19.907499499999997
Ref-01B-B-0p50mps,0.888,0.20174999999999998,0.5,0.0,0.0,0.0,0.0,0.0,19.907499499999997,-19.907499499999997,0.0,19.907499499999997,19.907499499999997
Ref-01B-B-0p50mps,0.889,0.20224999999999999,0.5,0.0,0.0,0.0,0.0,0.0,19.907499499999997,-19.907499499999997,0.0,19.907499499999997,19.907499499999997
Ref-01B-B-0p50mps,0.89,0.20274999999999999,0.5,0.0,0.0,0.0,0.0,0.0,19.907499499999997,-19.907499499999997,0.0,19.907499499999997,19.907499499999997
Ref-01B-B-0p50mps,0.891,0.20325,0.5,0.0,0.0,0.0,0.0,0.0,19.907499499999997,-19.907499499999997,0.0,19.907499499999997,19.907499499999997
Ref-01B-B-0p50mps,0.892,0.20375,0.5,0.0,0.0,0.0,0.0,0.0,19.907499499999997,-19.907499499999997,0.0,19.907499499999997,19.907499499999997
Ref-01B-B-0p50mps,0.893,0.20425,0.5,0.0,0.0,0.0,0.0,0.0,19.907499499999997,-19.907499499999997,0.0,19.907499499999997,19.907499499999997
Ref-01B-B-0p50mps,0.894,0.20475,0.5,0.0,0.0,0.0,0.0,0.0,19.907499499999997,-19.907499499999997,0.0,19.907499499999997,19.907499499999997
Ref-01B-B-0p50mps,0.895,0.20525,0.5,0.0,0.0,0.0,0.0,0.0,19.907499499999997,-19.907499499999997,0.0,19.907499499999997,19.907499499999997
Ref-01B-B-0p50mps,0.896,0.20575,0.5,0.0,0.0,0.0,0.0,0.0,19.907499499999997,-19.907499499999997,0.0,19.907499499999997,19.907499499999997
Ref-01B-B-0p50mps,0.897,0.20625,0.5,0.0,0.0,0.0,0.0,0.0,19.907499499999997,-19.907499499999997,0.0,19.907499499999997,19.907499499999997
Ref-01B-B-0p50mps,0.898,0.20675,0.5,0.0,0.0,0.0,0.0,0.0,19.907499499999997,-19.907499499999997,0.0,19.907499499999997,19.907499499999997
Ref-01B-B-0p50mps,0.899,0.20725,0.5,0.0,0.0,0.0,0.0,0.0,19.907499499999997,-19.907499499999997,0.0,19.907499499999997,19.907499499999997
Ref-01B-B-0p50mps,0.9,0.20775,0.5,0.0,0.0,0.0,0.0,0.0,19.907499499999997,-19.907499499999997,0.0,19.907499499999997,19.907499499999997
Ref-01B-B-0p50mps,0.901,0.20825,0.5,0.0,0.0,0.0,0.0,0.0,19.907499499999997,-19.907499499999997,0.0,19.907499499999997,19.907499499999997
Ref-01B-B-0p50mps,0.902,0.20875,0.5,0.0,0.0,0.0,0.0,0.0,19.907499499999997,-19.907499499999997,0.0,19.907499499999997,19.907499499999997
Ref-01B-B-0p50mps,0.903,0.20925,0.5,0.0,0.0,0.0,0.0,0.0,19.907499499999997,-19.907499499999997,0.0,19.907499499999997,19.907499499999997
Ref-01B-B-0p50mps,0.904,0.20975,0.5,0.0,0.0,0.0,0.0,0.0,19.907499499999997,-19.907499499999997,0.0,19.907499499999997,19.907499499999997
Ref-01B-B-0p50mps,0.905,0.21025,0.5,0.0,0.0,0.0,0.0,0.0,19.907499499999997,-19.907499499999997,0.0,19.907499499999997,19.907499499999997
Ref-01B-B-0p50mps,0.906,0.21075,0.5,0.0,0.0,0.0,0.0,0.0,19.907499499999997,-19.907499499999997,0.0,19.907499499999997,19.907499499999997
Ref-01B-B-0p50mps,0.907,0.21125,0.5,0.0,0.0,0.0,0.0,0.0,19.907499499999997,-19.907499499999997,0.0,19.907499499999997,19.907499499999997
Ref-01B-B-0p50mps,0.908,0.21175,0.5,0.0,0.0,0.0,0.0,0.0,19.907499499999997,-19.907499499999997,0.0,19.907499499999997,19.907499499999997
Ref-01B-B-0p50mps,0.909,0.21225,0.5,0.0,0.0,0.0,0.0,0.0,19.907499499999997,-19.907499499999997,0.0,19.907499499999997,19.907499499999997
Ref-01B-B-0p50mps,0.91,0.21275,0.5,0.0,0.0,0.0,0.0,0.0,19.907499499999997,-19.907499499999997,0.0,19.907499499999997,19.907499499999997
Ref-01B-B-0p50mps,0.911,0.21325,0.5,0.0,0.0,0.0,0.0,0.0,19.907499499999997,-19.907499499999997,0.0,19.907499499999997,19.907499499999997
Ref-01B-B-0p50mps,0.912,0.21375,0.5,0.0,0.0,0.0,0.0,0.0,19.907499499999997,-19.907499499999997,0.0,19.907499499999997,19.907499499999997
Ref-01B-B-0p50mps,0.913,0.21425,0.5,0.0,0.0,0.0,0.0,0.0,19.907499499999997,-19.907499499999997,0.0,19.907499499999997,19.907499499999997
Ref-01B-B-0p50mps,0.914,0.21475,0.5,0.0,0.0,0.0,0.0,0.0,19.907499499999997,-19.907499499999997,0.0,19.907499499999997,19.907499499999997
Ref-01B-B-0p50mps,0.915,0.21525,0.5,0.0,0.0,0.0,0.0,0.0,19.907499499999997,-19.907499499999997,0.0,19.907499499999997,19.907499499999997
Ref-01B-B-0p50mps,0.916,0.21575,0.5,0.0,0.0,0.0,0.0,0.0,19.907499499999997,-19.907499499999997,0.0,19.907499499999997,19.907499499999997
Ref-01B-B-0p50mps,0.917,0.21625,0.5,0.0,0.0,0.0,0.0,0.0,19.907499499999997,-19.907499499999997,0.0,19.907499499999997,19.907499499999997
Ref-01B-B-0p50mps,0.918,0.21675,0.5,0.0,0.0,0.0,0.0,0.0,19.907499499999997,-19.907499499999997,0.0,19.907499499999997,19.907499499999997
Ref-01B-B-0p50mps,0.919,0.21725,0.5,0.0,0.0,0.0,0.0,0.0,19.907499499999997,-19.907499499999997,0.0,19.907499499999997,19.907499499999997
Ref-01B-B-0p50mps,0.92,0.21775,0.5,0.0,0.0,0.0,0.0,0.0,19.907499499999997,-19.907499499999997,0.0,19.907499499999997,19.907499499999997
Ref-01B-B-0p50mps,0.921,0.21825,0.5,0.0,0.0,0.0,0.0,0.0,19.907499499999997,-19.907499499999997,0.0,19.907499499999997,19.907499499999997
Ref-01B-B-0p50mps,0.922,0.21875,0.5,0.0,0.0,0.0,0.0,0.0,19.907499499999997,-19.907499499999997,0.0,19.907499499999997,19.907499499999997
Ref-01B-B-0p50mps,0.923,0.21925,0.5,0.0,0.0,0.0,0.0,0.0,19.907499499999997,-19.907499499999997,0.0,19.907499499999997,19.907499499999997
Ref-01B-B-0p50mps,0.924,0.21975,0.5,0.0,0.0,0.0,0.0,0.0,19.907499499999997,-19.907499499999997,0.0,19.907499499999997,19.907499499999997
Ref-01B-B-0p50mps,0.925,0.22025,0.5,0.0,0.0,0.0,0.0,0.0,19.907499499999997,-19.907499499999997,0.0,19.907499499999997,19.907499499999997
Ref-01B-B-0p50mps,0.926,0.22075,0.5,0.0,0.0,0.0,0.0,0.0,19.907499499999997,-19.907499499999997,0.0,19.907499499999997,19.907499499999997
Ref-01B-B-0p50mps,0.927,0.22125,0.5,0.0,0.0,0.0,0.0,0.0,19.907499499999997,-19.907499499999997,0.0,19.907499499999997,19.907499499999997
Ref-01B-B-0p50mps,0.928,0.22175,0.5,0.0,0.0,0.0,0.0,0.0,19.907499499999997,-19.907499499999997,0.0,19.907499499999997,19.907499499999997
Ref-01B-B-0p50mps,0.929,0.22225,0.5,0.0,0.0,0.0,0.0,0.0,19.907499499999997,-19.907499499999997,0.0,19.907499499999997,19.907499499999997
Ref-01B-B-0p50mps,0.93,0.22275,0.5,0.0,0.0,0.0,0.0,0.0,19.907499499999997,-19.907499499999997,0.0,19.907499499999997,19.907499499999997
Ref-01B-B-0p50mps,0.931,0.22325,0.5,0.0,0.0,0.0,0.0,0.0,19.907499499999997,-19.907499499999997,0.0,19.907499499999997,19.907499499999997
Ref-01B-B-0p50mps,0.932,0.22375,0.5,0.0,0.0,0.0,0.0,0.0,19.907499499999997,-19.907499499999997,0.0,19.907499499999997,19.907499499999997
Ref-01B-B-0p50mps,0.933,0.22425,0.5,0.0,0.0,0.0,0.0,0.0,19.907499499999997,-19.907499499999997,0.0,19.907499499999997,19.907499499999997
Ref-01B-B-0p50mps,0.934,0.22475,0.5,0.0,0.0,0.0,0.0,0.0,19.907499499999997,-19.907499499999997,0.0,19.907499499999997,19.907499499999997
Ref-01B-B-0p50mps,0.935,0.22525,0.5,0.0,0.0,0.0,0.0,0.0,19.907499499999997,-19.907499499999997,0.0,19.907499499999997,19.907499499999997
Ref-01B-B-0p50mps,0.936,0.22575,0.5,0.0,0.0,0.0,0.0,0.0,19.907499499999997,-19.907499499999997,0.0,19.907499499999997,19.907499499999997
Ref-01B-B-0p50mps,0.937,0.22625,0.5,0.0,0.0,0.0,0.0,0.0,19.907499499999997,-19.907499499999997,0.0,19.907499499999997,19.907499499999997
Ref-01B-B-0p50mps,0.9380000000000001,0.22675,0.5,0.0,0.0,0.0,0.0,0.0,19.907499499999997,-19.907499499999997,0.0,19.907499499999997,19.907499499999997
Ref-01B-B-0p50mps,0.9390000000000001,0.22725,0.5,0.0,0.0,0.0,0.0,0.0,19.907499499999997,-19.907499499999997,0.0,19.907499499999997,19.907499499999997
Ref-01B-B-0p50mps,0.9400000000000001,0.22775,0.5,0.0,0.0,0.0,0.0,0.0,19.907499499999997,-19.907499499999997,0.0,19.907499499999997,19.907499499999997
Ref-01B-B-0p50mps,0.9410000000000001,0.22825,0.5,0.0,0.0,0.0,0.0,0.0,19.907499499999997,-19.907499499999997,0.0,19.907499499999997,19.907499499999997
Ref-01B-B-0p50mps,0.9420000000000001,0.22875,0.5,0.0,0.0,0.0,0.0,0.0,19.907499499999997,-19.907499499999997,0.0,19.907499499999997,19.907499499999997
Ref-01B-B-0p50mps,0.9430000000000001,0.22925,0.5,0.0,0.0,0.0,0.0,0.0,19.907499499999997,-19.907499499999997,0.0,19.907499499999997,19.907499499999997
Ref-01B-B-0p50mps,0.9440000000000001,0.22975,0.5,0.0,0.0,0.0,0.0,0.0,19.907499499999997,-19.907499499999997,0.0,19.907499499999997,19.907499499999997
Ref-01B-B-0p50mps,0.9450000000000001,0.23025,0.5,0.0,0.0,0.0,0.0,0.0,19.907499499999997,-19.907499499999997,0.0,19.907499499999997,19.907499499999997
Ref-01B-B-0p50mps,0.9460000000000001,0.23075,0.5,0.0,0.0,0.0,0.0,0.0,19.907499499999997,-19.907499499999997,0.0,19.907499499999997,19.907499499999997
Ref-01B-B-0p50mps,0.9470000000000001,0.23125,0.5,0.0,0.0,0.0,0.0,0.0,19.907499499999997,-19.907499499999997,0.0,19.907499499999997,19.907499499999997
Ref-01B-B-0p50mps,0.9480000000000001,0.23175,0.5,0.0,0.0,0.0,0.0,0.0,19.907499499999997,-19.907499499999997,0.0,19.907499499999997,19.907499499999997
Ref-01B-B-0p50mps,0.9490000000000001,0.23225,0.5,0.0,0.0,0.0,0.0,0.0,19.907499499999997,-19.907499499999997,0.0,19.907499499999997,19.907499499999997
Ref-01B-B-0p50mps,0.9500000000000001,0.23275,0.5,0.0,0.0,0.0,0.0,0.0,19.907499499999997,-19.907499499999997,0.0,19.907499499999997,19.907499499999997
Ref-01B-B-0p50mps,0.9510000000000001,0.23325,0.5,0.0,0.0,0.0,0.0,0.0,19.907499499999997,-19.907499499999997,0.0,19.907499499999997,19.907499499999997
Ref-01B-B-0p50mps,0.9520000000000001,0.23375,0.5,0.0,0.0,0.0,0.0,0.0,19.907499499999997,-19.907499499999997,0.0,19.907499499999997,19.907499499999997
Ref-01B-B-0p50mps,0.9530000000000001,0.23425,0.5,0.0,0.0,0.0,0.0,0.0,19.907499499999997,-19.907499499999997,0.0,19.907499499999997,19.907499499999997
Ref-01B-B-0p50mps,0.9540000000000001,0.23475000000000001,0.5,0.0,0.0,0.0,0.0,0.0,19.907499499999997,-19.907499499999997,0.0,19.907499499999997,19.907499499999997
Ref-01B-B-0p50mps,0.9550000000000001,0.23525000000000001,0.5,0.0,0.0,0.0,0.0,0.0,19.907499499999997,-19.907499499999997,0.0,19.907499499999997,19.907499499999997
Ref-01B-B-0p50mps,0.9560000000000001,0.23575000000000002,0.5,0.0,0.0,0.0,0.0,0.0,19.907499499999997,-19.907499499999997,0.0,19.907499499999997,19.907499499999997
Ref-01B-B-0p50mps,0.9570000000000001,0.23625000000000002,0.5,0.0,0.0,0.0,0.0,0.0,19.907499499999997,-19.907499499999997,0.0,19.907499499999997,19.907499499999997
Ref-01B-B-0p50mps,0.9580000000000001,0.23675000000000002,0.5,0.0,0.0,0.0,0.0,0.0,19.907499499999997,-19.907499499999997,0.0,19.907499499999997,19.907499499999997
Ref-01B-B-0p50mps,0.9590000000000001,0.23725000000000002,0.5,0.0,0.0,0.0,0.0,0.0,19.907499499999997,-19.907499499999997,0.0,19.907499499999997,19.907499499999997
Ref-01B-B-0p50mps,0.96,0.23774999999999996,0.5,0.0,0.0,0.0,0.0,0.0,19.907499499999997,-19.907499499999997,0.0,19.907499499999997,19.907499499999997
Ref-01B-B-0p50mps,0.961,0.23824999999999996,0.5,0.0,0.0,0.0,0.0,0.0,19.907499499999997,-19.907499499999997,0.0,19.907499499999997,19.907499499999997
Ref-01B-B-0p50mps,0.962,0.23874999999999996,0.5,0.0,0.0,0.0,0.0,0.0,19.907499499999997,-19.907499499999997,0.0,19.907499499999997,19.907499499999997
Ref-01B-B-0p50mps,0.963,0.23924999999999996,0.5,0.0,0.0,0.0,0.0,0.0,19.907499499999997,-19.907499499999997,0.0,19.907499499999997,19.907499499999997
Ref-01B-B-0p50mps,0.964,0.23974999999999996,0.5,0.0,0.0,0.0,0.0,0.0,19.907499499999997,-19.907499499999997,0.0,19.907499499999997,19.907499499999997
Ref-01B-B-0p50mps,0.965,0.24024999999999996,0.5,0.0,0.0,0.0,0.0,0.0,19.907499499999997,-19.907499499999997,0.0,19.907499499999997,19.907499499999997
Ref-01B-B-0p50mps,0.966,0.24074999999999996,0.5,0.0,0.0,0.0,0.0,0.0,19.907499499999997,-19.907499499999997,0.0,19.907499499999997,19.907499499999997
Ref-01B-B-0p50mps,0.967,0.24124999999999996,0.5,0.0,0.0,0.0,0.0,0.0,19.907499499999997,-19.907499499999997,0.0,19.907499499999997,19.907499499999997
Ref-01B-B-0p50mps,0.968,0.24174999999999996,0.5,0.0,0.0,0.0,0.0,0.0,19.907499499999997,-19.907499499999997,0.0,19.907499499999997,19.907499499999997
Ref-01B-B-0p50mps,0.969,0.24224999999999997,0.5,0.0,0.0,0.0,0.0,0.0,19.907499499999997,-19.907499499999997,0.0,19.907499499999997,19.907499499999997
Ref-01B-B-0p50mps,0.9690000000000001,0.24225000000000002,0.5,0.0,0.0,0.0,0.0,0.0,19.907499499999997,-19.907499499999997,0.0,19.907499499999997,19.907499499999997
