case_id,time_s,z_center_m,velocity_m_s,acceleration_m_s2,submerged_length_m,immersion_fraction,submerged_volume_m3,buoyancy_N,weight_N,net_hydrostatic_force_N,free_surface_force_N,constraint_force_N,constraint_force_abs_N
Ref-01B-B-0p10mps,0.0,-0.24225000000000002,0.1,0.0,0.323,1.0,0.002054837214896744,20.151069373467152,19.907499499999997,0.24356987346715542,0.0,-0.24356987346715542,0.24356987346715542
Ref-01B-B-0p10mps,0.001,-0.24215000000000003,0.1,0.0,0.323,1.0,0.002054837214896744,20.151069373467152,19.907499499999997,0.24356987346715542,0.0,-0.24356987346715542,0.24356987346715542
Ref-01B-B-0p10mps,0.002,-0.24205000000000002,0.1,0.0,0.323,1.0,0.002054837214896744,20.151069373467152,19.907499499999997,0.24356987346715542,0.0,-0.24356987346715542,0.24356987346715542
Ref-01B-B-0p10mps,0.003,-0.24195000000000003,0.1,0.0,0.323,1.0,0.002054837214896744,20.151069373467152,19.907499499999997,0.24356987346715542,0.0,-0.24356987346715542,0.24356987346715542
Ref-01B-B-0p10mps,0.004,-0.24185,0.1,0.0,0.323,1.0,0.002054837214896744,20.151069373467152,19.907499499999997,0.24356987346715542,0.0,-0.24356987346715542,0.24356987346715542
Ref-01B-B-0p10mps,0.005,-0.24175000000000002,0.1,0.0,0.323,1.0,0.002054837214896744,20.151069373467152,19.907499499999997,0.24356987346715542,0.0,-0.24356987346715542,0.24356987346715542
Ref-01B-B-0p10mps,0.006,-0.24165000000000003,0.1,0.0,0.323,1.0,0.002054837214896744,20.151069373467152,19.907499499999997,0.24356987346715542,0.0,-0.24356987346715542,0.24356987346715542
Ref-01B-B-0p10mps,0.007000000000000001,-0.24155000000000001,0.1,0.0,0.323,1.0,0.002054837214896744,20.151069373467152,19.907499499999997,0.24356987346715542,0.0,-0.24356987346715542,0.24356987346715542
Ref-01B-B-0p10mps,0.008,-0.24145000000000003,0.1,0.0,0.323,1.0,0.002054837214896744,20.151069373467152,19.907499499999997,0.24356987346715542,0.0,-0.24356987346715542,0.24356987346715542
Ref-01B-B-0p10mps,0.009000000000000001,-0.24135,0.1,0.0,0.323,1.0,0.002054837214896744,20.151069373467152,19.907499499999997,0.24356987346715542,0.0,-0.24356987346715542,0.24356987346715542
Ref-01B-B-0p10mps,0.01,-0.24125000000000002,0.1,0.0,0.323,1.0,0.002054837214896744,20.151069373467152,19.907499499999997,0.24356987346715542,0.0,-0.24356987346715542,0.24356987346715542
Ref-01B-B-0p10mps,0.011,-0.24115000000000003,0.1,0.0,0.323,1.0,0.002054837214896744,20.151069373467152,19.907499499999997,0.24356987346715542,0.0,-0.24356987346715542,0.24356987346715542
Ref-01B-B-0p10mps,0.012,-0.24105000000000001,0.1,0.0,0.323,1.0,0.002054837214896744,20.151069373467152,19.907499499999997,0.24356987346715542,0.0,-0.24356987346715542,0.24356987346715542
Ref-01B-B-0p10mps,0.013000000000000001,-0.24095000000000003,0.1,0.0,0.323,1.0,0.002054837214896744,20.151069373467152,19.907499499999997,0.24356987346715542,0.0,-0.24356987346715542,0.24356987346715542
Ref-01B-B-0p10mps,0.014000000000000002,-0.24085,0.1,0.0,0.323,1.0,0.002054837214896744,20.151069373467152,19.907499499999997,0.24356987346715542,0.0,-0.24356987346715542,0.24356987346715542
Ref-01B-B-0p10mps,0.015,-0.24075000000000002,0.1,0.0,0.323,1.0,0.002054837214896744,20.151069373467152,19.907499499999997,0.24356987346715542,0.0,-0.24356987346715542,0.24356987346715542
Ref-01B-B-0p10mps,0.016,-0.24065000000000003,0.1,0.0,0.323,1.0,0.002054837214896744,20.151069373467152,19.907499499999997,0.24356987346715542,0.0,-0.24356987346715542,0.24356987346715542
Ref-01B-B-0p10mps,0.017,-0.24055,0.1,0.0,0.323,1.0,0.002054837214896744,20.151069373467152,19.907499499999997,0.24356987346715542,0.0,-0.24356987346715542,0.24356987346715542
Ref-01B-B-0p10mps,0.018000000000000002,-0.24045000000000002,0.1,0.0,0.323,1.0,0.002054837214896744,20.151069373467152,19.907499499999997,0.24356987346715542,0.0,-0.24356987346715542,0.24356987346715542
Ref-01B-B-0p10mps,0.019,-0.24035,0.1,0.0,0.323,1.0,0.002054837214896744,20.151069373467152,19.907499499999997,0.24356987346715542,0.0,-0.24356987346715542,0.24356987346715542
Ref-01B-B-0p10mps,0.02,-0.24025000000000002,0.1,0.0,0.323,1.0,0.002054837214896744,20.151069373467152,19.907499499999997,0.24356987346715542,0.0,-0.24356987346715542,0.24356987346715542
Ref-01B-B-0p10mps,0.021,-0.24015000000000003,0.1,0.0,0.323,1.0,0.002054837214896744,20.151069373467152,19.907499499999997,0.24356987346715542,0.0,-0.24356987346715542,0.24356987346715542
Ref-01B-B-0p10mps,0.022,-0.24005,0.1,0.0,0.323,1.0,0.002054837214896744,20.151069373467152,19.907499499999997,0.24356987346715542,0.0,-0.24356987346715542,0.24356987346715542
Ref-01B-B-0p10mps,0.023000000000000003,-0.23995000000000002,0.1,0.0,0.323,1.0,0.002054837214896744,20.151069373467152,19.907499499999997,0.24356987346715542,0.0,-0.24356987346715542,0.24356987346715542
Ref-01B-B-0p10mps,0.024,-0.23985,0.1,0.0,0.323,1.0,0.002054837214896744,20.151069373467152,19.907499499999997,0.24356987346715542,0.0,-0.24356987346715542,0.24356987346715542
Ref-01B-B-0p10mps,0.024999999999999998,-0.23975000000000002,0.1,0.0,0.323,1.0,0.002054837214896744,20.151069373467152,19.907499499999997,0.24356987346715542,0.0,-0.24356987346715542,0.24356987346715542
Ref-01B-B-0p10mps,0.026000000000000002,-0.23965000000000003,0.1,0.0,0.323,1.0,0.002054837214896744,20.151069373467152,19.907499499999997,0.24356987346715542,0.0,-0.24356987346715542,0.24356987346715542
Ref-01B-B-0p10mps,0.027,-0.23955,0.1,0.0,0.323,1.0,0.002054837214896744,20.151069373467152,19.907499499999997,0.24356987346715542,0.0,-0.24356987346715542,0.24356987346715542
Ref-01B-B-0p10mps,0.028000000000000004,-0.23945000000000002,0.1,0.0,0.323,1.0,0.002054837214896744,20.151069373467152,19.907499499999997,0.24356987346715542,0.0,-0.24356987346715542,0.24356987346715542
Ref-01B-B-0p10mps,0.029,-0.23935,0.1,0.0,0.323,1.0,0.002054837214896744,20.151069373467152,19.907499499999997,0.24356987346715542,0.0,-0.24356987346715542,0.24356987346715542
Ref-01B-B-0p10mps,0.03,-0.23925000000000002,0.1,0.0,0.323,1.0,0.002054837214896744,20.151069373467152,19.907499499999997,0.24356987346715542,0.0,-0.24356987346715542,0.24356987346715542
Ref-01B-B-0p10mps,0.031000000000000003,-0.23915000000000003,0.1,0.0,0.323,1.0,0.002054837214896744,20.151069373467152,19.907499499999997,0.24356987346715542,0.0,-0.24356987346715542,0.24356987346715542
Ref-01B-B-0p10mps,0.032,-0.23905,0.1,0.0,0.323,1.0,0.002054837214896744,20.151069373467152,19.907499499999997,0.24356987346715542,0.0,-0.24356987346715542,0.24356987346715542
Ref-01B-B-0p10mps,0.033,-0.23895000000000002,0.1,0.0,0.323,1.0,0.002054837214896744,20.151069373467152,19.907499499999997,0.24356987346715542,0.0,-0.24356987346715542,0.24356987346715542
Ref-01B-B-0p10mps,0.034,-0.23885,0.1,0.0,0.323,1.0,0.002054837214896744,20.151069373467152,19.907499499999997,0.24356987346715542,0.0,-0.24356987346715542,0.24356987346715542
Ref-01B-B-0p10mps,0.034999999999999996,-0.23875000000000002,0.1,0.0,0.323,1.0,0.002054837214896744,20.151069373467152,19.907499499999997,0.24356987346715542,0.0,-0.24356987346715542,0.24356987346715542
Ref-01B-B-0p10mps,0.036000000000000004,-0.23865000000000003,0.1,0.0,0.323,1.0,0.002054837214896744,20.151069373467152,19.907499499999997,0.24356987346715542,0.0,-0.24356987346715542,0.24356987346715542
Ref-01B-B-0p10mps,0.037,-0.23855,0.1,0.0,0.323,1.0,0.002054837214896744,20.151069373467152,19.907499499999997,0.24356987346715542,0.0,-0.24356987346715542,0.24356987346715542
Ref-01B-B-0p10mps,0.038,-0.23845000000000002,0.1,0.0,0.323,1.0,0.002054837214896744,20.151069373467152,19.907499499999997,0.24356987346715542,0.0,-0.24356987346715542,0.24356987346715542
Ref-01B-B-0p10mps,0.039,-0.23835000000000003,0.1,0.0,0.323,1.0,0.002054837214896744,20.151069373467152,19.907499499999997,0.24356987346715542,0.0,-0.24356987346715542,0.24356987346715542
Ref-01B-B-0p10mps,0.04,-0.23825000000000002,0.1,0.0,0.323,1.0,0.002054837214896744,20.151069373467152,19.907499499999997,0.24356987346715542,0.0,-0.24356987346715542,0.24356987346715542
Ref-01B-B-0p10mps,0.041,-0.23815000000000003,0.1,0.0,0.323,1.0,0.002054837214896744,20.151069373467152,19.907499499999997,0.24356987346715542,0.0,-0.24356987346715542,0.24356987346715542
Ref-01B-B-0p10mps,0.042,-0.23805,0.1,0.0,0.323,1.0,0.002054837214896744,20.151069373467152,19.907499499999997,0.24356987346715542,0.0,-0.24356987346715542,0.24356987346715542
Ref-01B-B-0p10mps,0.043,-0.23795000000000002,0.1,0.0,0.323,1.0,0.002054837214896744,20.151069373467152,19.907499499999997,0.24356987346715542,0.0,-0.24356987346715542,0.24356987346715542
Ref-01B-B-0p10mps,0.044,-0.23785000000000003,0.1,0.0,0.323,1.0,0.002054837214896744,20.151069373467152,19.907499499999997,0.24356987346715542,0.0,-0.24356987346715542,0.24356987346715542
Ref-01B-B-0p10mps,0.045000000000000005,-0.23775000000000002,0.1,0.0,0.323,1.0,0.002054837214896744,20.151069373467152,19.907499499999997,0.24356987346715542,0.0,-0.24356987346715542,0.24356987346715542
Ref-01B-B-0p10mps,0.046000000000000006,-0.23765000000000003,0.1,0.0,0.323,1.0,0.002054837214896744,20.151069373467152,19.907499499999997,0.24356987346715542,0.0,-0.24356987346715542,0.24356987346715542
Ref-01B-B-0p10mps,0.047,-0.23755,0.1,0.0,0.323,1.0,0.002054837214896744,20.151069373467152,19.907499499999997,0.24356987346715542,0.0,-0.24356987346715542,0.24356987346715542
Ref-01B-B-0p10mps,0.048,-0.23745000000000002,0.1,0.0,0.323,1.0,0.002054837214896744,20.151069373467152,19.907499499999997,0.24356987346715542,0.0,-0.24356987346715542,0.24356987346715542
Ref-01B-B-0p10mps,0.049,-0.23735000000000003,0.1,0.0,0.323,1.0,0.002054837214896744,20.151069373467152,19.907499499999997,0.24356987346715542,0.0,-0.24356987346715542,0.24356987346715542
Ref-01B-B-0p10mps,0.049999999999999996,-0.23725000000000002,0.1,0.0,0.323,1.0,0.002054837214896744,20.151069373467152,19.907499499999997,0.24356987346715542,0.0,-0.24356987346715542,0.24356987346715542
Ref-01B-B-0p10mps,0.051000000000000004,-0.23715000000000003,0.1,0.0,0.323,1.0,0.002054837214896744,20.151069373467152,19.907499499999997,0.24356987346715542,0.0,-0.24356987346715542,0.24356987346715542
Ref-01B-B-0p10mps,0.052000000000000005,-0.23705,0.1,0.0,0.323,1.0,0.002054837214896744,20.151069373467152,19.907499499999997,0.24356987346715542,0.0,-0.24356987346715542,0.24356987346715542
Ref-01B-B-0p10mps,0.053000000000000005,-0.23695000000000002,0.1,0.0,0.323,1.0,0.002054837214896744,20.151069373467152,19.907499499999997,0.24356987346715542,0.0,-0.24356987346715542,0.24356987346715542
Ref-01B-B-0p10mps,0.054,-0.23685000000000003,0.1,0.0,0.323,1.0,0.002054837214896744,20.151069373467152,19.907499499999997,0.24356987346715542,0.0,-0.24356987346715542,0.24356987346715542
Ref-01B-B-0p10mps,0.05499999999999999,-0.23675000000000002,0.1,0.0,0.323,1.0,0.002054837214896744,20.151069373467152,19.907499499999997,0.24356987346715542,0.0,-0.24356987346715542,0.24356987346715542
Ref-01B-B-0p10mps,0.05600000000000001,-0.23665000000000003,0.1,0.0,0.323,1.0,0.002054837214896744,20.151069373467152,19.907499499999997,0.24356987346715542,0.0,-0.24356987346715542,0.24356987346715542
Ref-01B-B-0p10mps,0.057,-0.23655,0.1,0.0,0.323,1.0,0.002054837214896744,20.151069373467152,19.907499499999997,0.24356987346715542,0.0,-0.24356987346715542,0.24356987346715542
Ref-01B-B-0p10mps,0.058,-0.23645000000000002,0.1,0.0,0.323,1.0,0.002054837214896744,20.151069373467152,19.907499499999997,0.24356987346715542,0.0,-0.24356987346715542,0.24356987346715542
Ref-01B-B-0p10mps,0.059000000000000004,-0.23635000000000003,0.1,0.0,0.323,1.0,0.002054837214896744,20.151069373467152,19.907499499999997,0.24356987346715542,0.0,-0.24356987346715542,0.24356987346715542
Ref-01B-B-0p10mps,0.06,-0.23625000000000002,0.1,0.0,0.323,1.0,0.002054837214896744,20.151069373467152,19.907499499999997,0.24356987346715542,0.0,-0.24356987346715542,0.24356987346715542
Ref-01B-B-0p10mps,0.061,-0.23615000000000003,0.1,0.0,0.323,1.0,0.002054837214896744,20.151069373467152,19.907499499999997,0.24356987346715542,0.0,-0.24356987346715542,0.24356987346715542
Ref-01B-B-0p10mps,0.062000000000000006,-0.23605,0.1,0.0,0.323,1.0,0.002054837214896744,20.151069373467152,19.907499499999997,0.24356987346715542,0.0,-0.24356987346715542,0.24356987346715542
Ref-01B-B-0p10mps,0.063,-0.23595000000000002,0.1,0.0,0.323,1.0,0.002054837214896744,20.151069373467152,19.907499499999997,0.24356987346715542,0.0,-0.24356987346715542,0.24356987346715542
Ref-01B-B-0p10mps,0.064,-0.23585000000000003,0.1,0.0,0.323,1.0,0.002054837214896744,20.151069373467152,19.907499499999997,0.24356987346715542,0.0,-0.24356987346715542,0.24356987346715542
Ref-01B-B-0p10mps,0.065,-0.23575000000000002,0.1,0.0,0.323,1.0,0.002054837214896744,20.151069373467152,19.907499499999997,0.24356987346715542,0.0,-0.24356987346715542,0.24356987346715542
Ref-01B-B-0p10mps,0.066,-0.23565000000000003,0.1,0.0,0.323,1.0,0.002054837214896744,20.151069373467152,19.907499499999997,0.24356987346715542,0.0,-0.24356987346715542,0.24356987346715542
Ref-01B-B-0p10mps,0.067,-0.23555,0.1,0.0,0.323,1.0,0.002054837214896744,20.151069373467152,19.907499499999997,0.24356987346715542,0.0,-0.24356987346715542,0.24356987346715542
Ref-01B-B-0p10mps,0.068,-0.23545000000000002,0.1,0.0,0.323,1.0,0.002054837214896744,20.151069373467152,19.907499499999997,0.24356987346715542,0.0,-0.24356987346715542,0.24356987346715542
Ref-01B-B-0p10mps,0.069,-0.23535000000000003,0.1,0.0,0.323,1.0,0.002054837214896744,20.151069373467152,19.907499499999997,0.24356987346715542,0.0,-0.24356987346715542,0.24356987346715542
Ref-01B-B-0p10mps,0.06999999999999999,-0.23525000000000001,0.1,0.0,0.323,1.0,0.002054837214896744,20.151069373467152,19.907499499999997,0.24356987346715542,0.0,-0.24356987346715542,0.24356987346715542
Ref-01B-B-0p10mps,0.071,-0.23515000000000003,0.1,0.0,0.323,1.0,0.002054837214896744,20.151069373467152,19.907499499999997,0.24356987346715542,0.0,-0.24356987346715542,0.24356987346715542
Ref-01B-B-0p10mps,0.07200000000000001,-0.23505,0.1,0.0,0.323,1.0,0.002054837214896744,20.151069373467152,19.907499499999997,0.24356987346715542,0.0,-0.24356987346715542,0.24356987346715542
Ref-01B-B-0p10mps,0.07300000000000001,-0.23495000000000002,0.1,0.0,0.323,1.0,0.002054837214896744,20.151069373467152,19.907499499999997,0.24356987346715542,0.0,-0.24356987346715542,0.24356987346715542
Ref-01B-B-0p10mps,0.074,-0.23485000000000003,0.1,0.0,0.323,1.0,0.002054837214896744,20.151069373467152,19.907499499999997,0.24356987346715542,0.0,-0.24356987346715542,0.24356987346715542
Ref-01B-B-0p10mps,0.075,-0.23475000000000001,0.1,0.0,0.323,1.0,0.002054837214896744,20.151069373467152,19.907499499999997,0.24356987346715542,0.0,-0.24356987346715542,0.24356987346715542
Ref-01B-B-0p10mps,0.076,-0.23465000000000003,0.1,0.0,0.323,1.0,0.002054837214896744,20.151069373467152,19.907499499999997,0.24356987346715542,0.0,-0.24356987346715542,0.24356987346715542
Ref-01B-B-0p10mps,0.077,-0.23455,0.1,0.0,0.323,1.0,0.002054837214896744,20.151069373467152,19.907499499999997,0.24356987346715542,0.0,-0.24356987346715542,0.24356987346715542
Ref-01B-B-0p10mps,0.078,-0.23445000000000002,0.1,0.0,0.323,1.0,0.002054837214896744,20.151069373467152,19.907499499999997,0.24356987346715542,0.0,-0.24356987346715542,0.24356987346715542
Ref-01B-B-0p10mps,0.079,-0.23435000000000003,0.1,0.0,0.323,1.0,0.002054837214896744,20.151069373467152,19.907499499999997,0.24356987346715542,0.0,-0.24356987346715542,0.24356987346715542
Ref-01B-B-0p10mps,0.08,-0.23425,0.1,0.0,0.323,1.0,0.002054837214896744,20.151069373467152,19.907499499999997,0.24356987346715542,0.0,-0.24356987346715542,0.24356987346715542
Ref-01B-B-0p10mps,0.08099999999999999,-0.23415000000000002,0.1,0.0,0.323,1.0,0.002054837214896744,20.151069373467152,19.907499499999997,0.24356987346715542,0.0,-0.24356987346715542,0.24356987346715542
Ref-01B-B-0p10mps,0.082,-0.23405,0.1,0.0,0.323,1.0,0.002054837214896744,20.151069373467152,19.907499499999997,0.24356987346715542,0.0,-0.24356987346715542,0.24356987346715542
Ref-01B-B-0p10mps,0.08299999999999999,-0.23395000000000002,0.1,0.0,0.323,1.0,0.002054837214896744,20.151069373467152,19.907499499999997,0.24356987346715542,0.0,-0.24356987346715542,0.24356987346715542
Ref-01B-B-0p10mps,0.084,-0.23385000000000003,0.1,0.0,0.323,1.0,0.002054837214896744,20.151069373467152,19.907499499999997,0.24356987346715542,0.0,-0.24356987346715542,0.24356987346715542
Ref-01B-B-0p10mps,0.085,-0.23375,0.1,0.0,0.323,1.0,0.002054837214896744,20.151069373467152,19.907499499999997,0.24356987346715542,0.0,-0.24356987346715542,0.24356987346715542
Ref-01B-B-0p10mps,0.086,-0.23365000000000002,0.1,0.0,0.323,1.0,0.002054837214896744,20.151069373467152,19.907499499999997,0.24356987346715542,0.0,-0.24356987346715542,0.24356987346715542
Ref-01B-B-0p10mps,0.08700000000000001,-0.23355,0.1,0.0,0.323,1.0,0.002054837214896744,20.151069373467152,19.907499499999997,0.24356987346715542,0.0,-0.24356987346715542,0.24356987346715542
Ref-01B-B-0p10mps,0.088,-0.23345000000000002,0.1,0.0,0.323,1.0,0.002054837214896744,20.151069373467152,19.907499499999997,0.24356987346715542,0.0,-0.24356987346715542,0.24356987346715542
Ref-01B-B-0p10mps,0.089,-0.23335000000000003,0.1,0.0,0.323,1.0,0.002054837214896744,20.151069373467152,19.907499499999997,0.24356987346715542,0.0,-0.24356987346715542,0.24356987346715542
Ref-01B-B-0p10mps,0.09000000000000001,-0.23325,0.1,0.0,0.323,1.0,0.002054837214896744,20.151069373467152,19.907499499999997,0.24356987346715542,0.0,-0.24356987346715542,0.24356987346715542
Ref-01B-B-0p10mps,0.091,-0.23315000000000002,0.1,0.0,0.323,1.0,0.002054837214896744,20.151069373467152,19.907499499999997,0.24356987346715542,0.0,-0.24356987346715542,0.24356987346715542
Ref-01B-B-0p10mps,0.09200000000000001,-0.23305,0.1,0.0,0.323,1.0,0.002054837214896744,20.151069373467152,19.907499499999997,0.24356987346715542,0.0,-0.24356987346715542,0.24356987346715542
Ref-01B-B-0p10mps,0.093,-0.23295000000000002,0.1,0.0,0.323,1.0,0.002054837214896744,20.151069373467152,19.907499499999997,0.24356987346715542,0.0,-0.24356987346715542,0.24356987346715542
Ref-01B-B-0p10mps,0.094,-0.23285000000000003,0.1,0.0,0.323,1.0,0.002054837214896744,20.151069373467152,19.907499499999997,0.24356987346715542,0.0,-0.24356987346715542,0.24356987346715542
Ref-01B-B-0p10mps,0.09499999999999999,-0.23275,0.1,0.0,0.323,1.0,0.002054837214896744,20.151069373467152,19.907499499999997,0.24356987346715542,0.0,-0.24356987346715542,0.24356987346715542
Ref-01B-B-0p10mps,0.096,-0.23265000000000002,0.1,0.0,0.323,1.0,0.002054837214896744,20.151069373467152,19.907499499999997,0.24356987346715542,0.0,-0.24356987346715542,0.24356987346715542
Ref-01B-B-0p10mps,0.09700000000000002,-0.23255,0.1,0.0,0.323,1.0,0.002054837214896744,20.151069373467152,19.907499499999997,0.24356987346715542,0.0,-0.24356987346715542,0.24356987346715542
Ref-01B-B-0p10mps,0.098,-0.23245000000000002,0.1,0.0,0.323,1.0,0.002054837214896744,20.151069373467152,19.907499499999997,0.24356987346715542,0.0,-0.24356987346715542,0.24356987346715542
Ref-01B-B-0p10mps,0.099,-0.23235000000000003,0.1,0.0,0.323,1.0,0.002054837214896744,20.151069373467152,19.907499499999997,0.24356987346715542,0.0,-0.24356987346715542,0.24356987346715542
Ref-01B-B-0p10mps,0.09999999999999999,-0.23225,0.1,0.0,0.323,1.0,0.002054837214896744,20.151069373467152,19.907499499999997,0.24356987346715542,0.0,-0.24356987346715542,0.24356987346715542
Ref-01B-B-0p10mps,0.101,-0.23215000000000002,0.1,0.0,0.323,1.0,0.002054837214896744,20.151069373467152,19.907499499999997,0.24356987346715542,0.0,-0.24356987346715542,0.24356987346715542
Ref-01B-B-0p10mps,0.10200000000000001,-0.23205000000000003,0.1,0.0,0.323,1.0,0.002054837214896744,20.151069373467152,19.907499499999997,0.24356987346715542,0.0,-0.24356987346715542,0.24356987346715542
Ref-01B-B-0p10mps,0.103,-0.23195000000000002,0.1,0.0,0.323,1.0,0.002054837214896744,20.151069373467152,19.907499499999997,0.24356987346715542,0.0,-0.24356987346715542,0.24356987346715542
Ref-01B-B-0p10mps,0.10400000000000001,-0.23185000000000003,0.1,0.0,0.323,1.0,0.002054837214896744,20.151069373467152,19.907499499999997,0.24356987346715542,0.0,-0.24356987346715542,0.24356987346715542
Ref-01B-B-0p10mps,0.105,-0.23175,0.1,0.0,0.323,1.0,0.002054837214896744,20.151069373467152,19.907499499999997,0.24356987346715542,0.0,-0.24356987346715542,0.24356987346715542
Ref-01B-B-0p10mps,0.10600000000000001,-0.23165000000000002,0.1,0.0,0.323,1.0,0.002054837214896744,20.151069373467152,19.907499499999997,0.24356987346715542,0.0,-0.24356987346715542,0.24356987346715542
Ref-01B-B-0p10mps,0.10700000000000001,-0.23155000000000003,0.1,0.0,0.323,1.0,0.002054837214896744,20.151069373467152,19.907499499999997,0.24356987346715542,0.0,-0.24356987346715542,0.24356987346715542
Ref-01B-B-0p10mps,0.108,-0.23145000000000002,0.1,0.0,0.323,1.0,0.002054837214896744,20.151069373467152,19.907499499999997,0.24356987346715542,0.0,-0.24356987346715542,0.24356987346715542
Ref-01B-B-0p10mps,0.109,-0.23135000000000003,0.1,0.0,0.323,1.0,0.002054837214896744,20.151069373467152,19.907499499999997,0.24356987346715542,0.0,-0.24356987346715542,0.24356987346715542
Ref-01B-B-0p10mps,0.10999999999999999,-0.23125,0.1,0.0,0.323,1.0,0.002054837214896744,20.151069373467152,19.907499499999997,0.24356987346715542,0.0,-0.24356987346715542,0.24356987346715542
Ref-01B-B-0p10mps,0.11100000000000002,-0.23115000000000002,0.1,0.0,0.323,1.0,0.002054837214896744,20.151069373467152,19.907499499999997,0.24356987346715542,0.0,-0.24356987346715542,0.24356987346715542
Ref-01B-B-0p10mps,0.11200000000000002,-0.23105000000000003,0.1,0.0,0.323,1.0,0.002054837214896744,20.151069373467152,19.907499499999997,0.24356987346715542,0.0,-0.24356987346715542,0.24356987346715542
Ref-01B-B-0p10mps,0.113,-0.23095000000000002,0.1,0.0,0.323,1.0,0.002054837214896744,20.151069373467152,19.907499499999997,0.24356987346715542,0.0,-0.24356987346715542,0.24356987346715542
Ref-01B-B-0p10mps,0.114,-0.23085000000000003,0.1,0.0,0.323,1.0,0.002054837214896744,20.151069373467152,19.907499499999997,0.24356987346715542,0.0,-0.24356987346715542,0.24356987346715542
Ref-01B-B-0p10mps,0.11499999999999999,-0.23075,0.1,0.0,0.323,1.0,0.002054837214896744,20.151069373467152,19.907499499999997,0.24356987346715542,0.0,-0.24356987346715542,0.24356987346715542
Ref-01B-B-0p10mps,0.116,-0.23065000000000002,0.1,0.0,0.323,1.0,0.002054837214896744,20.151069373467152,19.907499499999997,0.24356987346715542,0.0,-0.24356987346715542,0.24356987346715542
Ref-01B-B-0p10mps,0.11700000000000002,-0.23055000000000003,0.1,0.0,0.323,1.0,0.002054837214896744,20.151069373467152,19.907499499999997,0.24356987346715542,0.0,-0.24356987346715542,0.24356987346715542
Ref-01B-B-0p10mps,0.11800000000000001,-0.23045000000000002,0.1,0.0,0.323,1.0,0.002054837214896744,20.151069373467152,19.907499499999997,0.24356987346715542,0.0,-0.24356987346715542,0.24356987346715542
Ref-01B-B-0p10mps,0.11900000000000001,-0.23035000000000003,0.1,0.0,0.323,1.0,0.002054837214896744,20.151069373467152,19.907499499999997,0.24356987346715542,0.0,-0.24356987346715542,0.24356987346715542
Ref-01B-B-0p10mps,0.12,-0.23025,0.1,0.0,0.323,1.0,0.002054837214896744,20.151069373467152,19.907499499999997,0.24356987346715542,0.0,-0.24356987346715542,0.24356987346715542
Ref-01B-B-0p10mps,0.12100000000000001,-0.23015000000000002,0.1,0.0,0.323,1.0,0.002054837214896744,20.151069373467152,19.907499499999997,0.24356987346715542,0.0,-0.24356987346715542,0.24356987346715542
Ref-01B-B-0p10mps,0.122,-0.23005000000000003,0.1,0.0,0.323,1.0,0.002054837214896744,20.151069373467152,19.907499499999997,0.24356987346715542,0.0,-0.24356987346715542,0.24356987346715542
Ref-01B-B-0p10mps,0.123,-0.22995000000000002,0.1,0.0,0.323,1.0,0.002054837214896744,20.151069373467152,19.907499499999997,0.24356987346715542,0.0,-0.24356987346715542,0.24356987346715542
Ref-01B-B-0p10mps,0.12400000000000001,-0.22985000000000003,0.1,0.0,0.323,1.0,0.002054837214896744,20.151069373467152,19.907499499999997,0.24356987346715542,0.0,-0.24356987346715542,0.24356987346715542
Ref-01B-B-0p10mps,0.125,-0.22975,0.1,0.0,0.323,1.0,0.002054837214896744,20.151069373467152,19.907499499999997,0.24356987346715542,0.0,-0.24356987346715542,0.24356987346715542
Ref-01B-B-0p10mps,0.126,-0.22965000000000002,0.1,0.0,0.323,1.0,0.002054837214896744,20.151069373467152,19.907499499999997,0.24356987346715542,0.0,-0.24356987346715542,0.24356987346715542
Ref-01B-B-0p10mps,0.127,-0.22955000000000003,0.1,0.0,0.323,1.0,0.002054837214896744,20.151069373467152,19.907499499999997,0.24356987346715542,0.0,-0.24356987346715542,0.24356987346715542
Ref-01B-B-0p10mps,0.128,-0.22945000000000002,0.1,0.0,0.323,1.0,0.002054837214896744,20.151069373467152,19.907499499999997,0.24356987346715542,0.0,-0.24356987346715542,0.24356987346715542
Ref-01B-B-0p10mps,0.129,-0.22935000000000003,0.1,0.0,0.323,1.0,0.002054837214896744,20.151069373467152,19.907499499999997,0.24356987346715542,0.0,-0.24356987346715542,0.24356987346715542
Ref-01B-B-0p10mps,0.13,-0.22925,0.1,0.0,0.323,1.0,0.002054837214896744,20.151069373467152,19.907499499999997,0.24356987346715542,0.0,-0.24356987346715542,0.24356987346715542
Ref-01B-B-0p10mps,0.131,-0.22915000000000002,0.1,0.0,0.323,1.0,0.002054837214896744,20.151069373467152,19.907499499999997,0.24356987346715542,0.0,-0.24356987346715542,0.24356987346715542
Ref-01B-B-0p10mps,0.132,-0.22905000000000003,0.1,0.0,0.323,1.0,0.002054837214896744,20.151069373467152,19.907499499999997,0.24356987346715542,0.0,-0.24356987346715542,0.24356987346715542
Ref-01B-B-0p10mps,0.133,-0.22895000000000001,0.1,0.0,0.323,1.0,0.002054837214896744,20.151069373467152,19.907499499999997,0.24356987346715542,0.0,-0.24356987346715542,0.24356987346715542
Ref-01B-B-0p10mps,0.134,-0.22885000000000003,0.1,0.0,0.323,1.0,0.002054837214896744,20.151069373467152,19.907499499999997,0.24356987346715542,0.0,-0.24356987346715542,0.24356987346715542
Ref-01B-B-0p10mps,0.13499999999999998,-0.22875,0.1,0.0,0.323,1.0,0.002054837214896744,20.151069373467152,19.907499499999997,0.24356987346715542,0.0,-0.24356987346715542,0.24356987346715542
Ref-01B-B-0p10mps,0.136,-0.22865000000000002,0.1,0.0,0.323,1.0,0.002054837214896744,20.151069373467152,19.907499499999997,0.24356987346715542,0.0,-0.24356987346715542,0.24356987346715542
Ref-01B-B-0p10mps,0.137,-0.22855000000000003,0.1,0.0,0.323,1.0,0.002054837214896744,20.151069373467152,19.907499499999997,0.24356987346715542,0.0,-0.24356987346715542,0.24356987346715542
Ref-01B-B-0p10mps,0.138,-0.22845000000000001,0.1,0.0,0.323,1.0,0.002054837214896744,20.151069373467152,19.907499499999997,0.24356987346715542,0.0,-0.24356987346715542,0.24356987346715542
Ref-01B-B-0p10mps,0.139,-0.22835000000000003,0.1,0.0,0.323,1.0,0.002054837214896744,20.151069373467152,19.907499499999997,0.24356987346715542,0.0,-0.24356987346715542,0.24356987346715542
Ref-01B-B-0p10mps,0.13999999999999999,-0.22825,0.1,0.0,0.323,1.0,0.002054837214896744,20.151069373467152,19.907499499999997,0.24356987346715542,0.0,-0.24356987346715542,0.24356987346715542
Ref-01B-B-0p10mps,0.14100000000000001,-0.22815000000000002,0.1,0.0,0.323,1.0,0.002054837214896744,20.151069373467152,19.907499499999997,0.24356987346715542,0.0,-0.24356987346715542,0.24356987346715542
Ref-01B-B-0p10mps,0.142,-0.22805000000000003,0.1,0.0,0.323,1.0,0.002054837214896744,20.151069373467152,19.907499499999997,0.24356987346715542,0.0,-0.24356987346715542,0.24356987346715542
Ref-01B-B-0p10mps,0.143,-0.22795,0.1,0.0,0.323,1.0,0.002054837214896744,20.151069373467152,19.907499499999997,0.24356987346715542,0.0,-0.24356987346715542,0.24356987346715542
Ref-01B-B-0p10mps,0.14400000000000002,-0.22785000000000002,0.1,0.0,0.323,1.0,0.002054837214896744,20.151069373467152,19.907499499999997,0.24356987346715542,0.0,-0.24356987346715542,0.24356987346715542
Ref-01B-B-0p10mps,0.145,-0.22775,0.1,0.0,0.323,1.0,0.002054837214896744,20.151069373467152,19.907499499999997,0.24356987346715542,0.0,-0.24356987346715542,0.24356987346715542
Ref-01B-B-0p10mps,0.14600000000000002,-0.22765000000000002,0.1,0.0,0.323,1.0,0.002054837214896744,20.151069373467152,19.907499499999997,0.24356987346715542,0.0,-0.24356987346715542,0.24356987346715542
Ref-01B-B-0p10mps,0.147,-0.22755000000000003,0.1,0.0,0.323,1.0,0.002054837214896744,20.151069373467152,19.907499499999997,0.24356987346715542,0.0,-0.24356987346715542,0.24356987346715542
Ref-01B-B-0p10mps,0.148,-0.22745,0.1,0.0,0.323,1.0,0.002054837214896744,20.151069373467152,19.907499499999997,0.24356987346715542,0.0,-0.24356987346715542,0.24356987346715542
Ref-01B-B-0p10mps,0.149,-0.22735000000000002,0.1,0.0,0.323,1.0,0.002054837214896744,20.151069373467152,19.907499499999997,0.24356987346715542,0.0,-0.24356987346715542,0.24356987346715542
Ref-01B-B-0p10mps,0.15,-0.22725,0.1,0.0,0.323,1.0,0.002054837214896744,20.151069373467152,19.907499499999997,0.24356987346715542,0.0,-0.24356987346715542,0.24356987346715542
Ref-01B-B-0p10mps,0.15100000000000002,-0.22715000000000002,0.1,0.0,0.323,1.0,0.002054837214896744,20.151069373467152,19.907499499999997,0.24356987346715542,0.0,-0.24356987346715542,0.24356987346715542
Ref-01B-B-0p10mps,0.152,-0.22705000000000003,0.1,0.0,0.323,1.0,0.002054837214896744,20.151069373467152,19.907499499999997,0.24356987346715542,0.0,-0.24356987346715542,0.24356987346715542
Ref-01B-B-0p10mps,0.153,-0.22695,0.1,0.0,0.323,1.0,0.002054837214896744,20.151069373467152,19.907499499999997,0.24356987346715542,0.0,-0.24356987346715542,0.24356987346715542
Ref-01B-B-0p10mps,0.154,-0.22685000000000002,0.1,0.0,0.323,1.0,0.002054837214896744,20.151069373467152,19.907499499999997,0.24356987346715542,0.0,-0.24356987346715542,0.24356987346715542
Ref-01B-B-0p10mps,0.155,-0.22675,0.1,0.0,0.323,1.0,0.002054837214896744,20.151069373467152,19.907499499999997,0.24356987346715542,0.0,-0.24356987346715542,0.24356987346715542
Ref-01B-B-0p10mps,0.156,-0.22665000000000002,0.1,0.0,0.323,1.0,0.002054837214896744,20.151069373467152,19.907499499999997,0.24356987346715542,0.0,-0.24356987346715542,0.24356987346715542
Ref-01B-B-0p10mps,0.157,-0.22655000000000003,0.1,0.0,0.323,1.0,0.002054837214896744,20.151069373467152,19.907499499999997,0.24356987346715542,0.0,-0.24356987346715542,0.24356987346715542
Ref-01B-B-0p10mps,0.158,-0.22645,0.1,0.0,0.323,1.0,0.002054837214896744,20.151069373467152,19.907499499999997,0.24356987346715542,0.0,-0.24356987346715542,0.24356987346715542
Ref-01B-B-0p10mps,0.159,-0.22635000000000002,0.1,0.0,0.323,1.0,0.002054837214896744,20.151069373467152,19.907499499999997,0.24356987346715542,0.0,-0.24356987346715542,0.24356987346715542
Ref-01B-B-0p10mps,0.16,-0.22625,0.1,0.0,0.323,1.0,0.002054837214896744,20.151069373467152,19.907499499999997,0.24356987346715542,0.0,-0.24356987346715542,0.24356987346715542
Ref-01B-B-0p10mps,0.16100000000000003,-0.22615000000000002,0.1,0.0,0.323,1.0,0.002054837214896744,20.151069373467152,19.907499499999997,0.24356987346715542,0.0,-0.24356987346715542,0.24356987346715542
Ref-01B-B-0p10mps,0.16199999999999998,-0.22605000000000003,0.1,0.0,0.323,1.0,0.002054837214896744,20.151069373467152,19.907499499999997,0.24356987346715542,0.0,-0.24356987346715542,0.24356987346715542
Ref-01B-B-0p10mps,0.163,-0.22595,0.1,0.0,0.323,1.0,0.002054837214896744,20.151069373467152,19.907499499999997,0.24356987346715542,0.0,-0.24356987346715542,0.24356987346715542
Ref-01B-B-0p10mps,0.164,-0.22585000000000002,0.1,0.0,0.323,1.0,0.002054837214896744,20.151069373467152,19.907499499999997,0.24356987346715542,0.0,-0.24356987346715542,0.24356987346715542
Ref-01B-B-0p10mps,0.165,-0.22575,0.1,0.0,0.323,1.0,0.002054837214896744,20.151069373467152,19.907499499999997,0.24356987346715542,0.0,-0.24356987346715542,0.24356987346715542
Ref-01B-B-0p10mps,0.16599999999999998,-0.22565000000000002,0.1,0.0,0.323,1.0,0.002054837214896744,20.151069373467152,19.907499499999997,0.24356987346715542,0.0,-0.24356987346715542,0.24356987346715542
Ref-01B-B-0p10mps,0.16699999999999998,-0.22555000000000003,0.1,0.0,0.323,1.0,0.002054837214896744,20.151069373467152,19.907499499999997,0.24356987346715542,0.0,-0.24356987346715542,0.24356987346715542
Ref-01B-B-0p10mps,0.168,-0.22545,0.1,0.0,0.323,1.0,0.002054837214896744,20.151069373467152,19.907499499999997,0.24356987346715542,0.0,-0.24356987346715542,0.24356987346715542
Ref-01B-B-0p10mps,0.169,-0.22535000000000002,0.1,0.0,0.323,1.0,0.002054837214896744,20.151069373467152,19.907499499999997,0.24356987346715542,0.0,-0.24356987346715542,0.24356987346715542
Ref-01B-B-0p10mps,0.17,-0.22525,0.1,0.0,0.323,1.0,0.002054837214896744,20.151069373467152,19.907499499999997,0.24356987346715542,0.0,-0.24356987346715542,0.24356987346715542
Ref-01B-B-0p10mps,0.17099999999999999,-0.22515000000000002,0.1,0.0,0.323,1.0,0.002054837214896744,20.151069373467152,19.907499499999997,0.24356987346715542,0.0,-0.24356987346715542,0.24356987346715542
Ref-01B-B-0p10mps,0.172,-0.22505000000000003,0.1,0.0,0.323,1.0,0.002054837214896744,20.151069373467152,19.907499499999997,0.24356987346715542,0.0,-0.24356987346715542,0.24356987346715542
Ref-01B-B-0p10mps,0.173,-0.22495,0.1,0.0,0.323,1.0,0.002054837214896744,20.151069373467152,19.907499499999997,0.24356987346715542,0.0,-0.24356987346715542,0.24356987346715542
Ref-01B-B-0p10mps,0.17400000000000002,-0.22485000000000002,0.1,0.0,0.323,1.0,0.002054837214896744,20.151069373467152,19.907499499999997,0.24356987346715542,0.0,-0.24356987346715542,0.24356987346715542
Ref-01B-B-0p10mps,0.17500000000000002,-0.22475,0.1,0.0,0.323,1.0,0.002054837214896744,20.151069373467152,19.907499499999997,0.24356987346715542,0.0,-0.24356987346715542,0.24356987346715542
Ref-01B-B-0p10mps,0.176,-0.22465000000000002,0.1,0.0,0.323,1.0,0.002054837214896744,20.151069373467152,19.907499499999997,0.24356987346715542,0.0,-0.24356987346715542,0.24356987346715542
Ref-01B-B-0p10mps,0.177,-0.22455000000000003,0.1,0.0,0.323,1.0,0.002054837214896744,20.151069373467152,19.907499499999997,0.24356987346715542,0.0,-0.24356987346715542,0.24356987346715542
Ref-01B-B-0p10mps,0.178,-0.22445,0.1,0.0,0.323,1.0,0.002054837214896744,20.151069373467152,19.907499499999997,0.24356987346715542,0.0,-0.24356987346715542,0.24356987346715542
Ref-01B-B-0p10mps,0.17900000000000002,-0.22435000000000002,0.1,0.0,0.323,1.0,0.002054837214896744,20.151069373467152,19.907499499999997,0.24356987346715542,0.0,-0.24356987346715542,0.24356987346715542
Ref-01B-B-0p10mps,0.18000000000000002,-0.22425,0.1,0.0,0.323,1.0,0.002054837214896744,20.151069373467152,19.907499499999997,0.24356987346715542,0.0,-0.24356987346715542,0.24356987346715542
Ref-01B-B-0p10mps,0.181,-0.22415000000000002,0.1,0.0,0.323,1.0,0.002054837214896744,20.151069373467152,19.907499499999997,0.24356987346715542,0.0,-0.24356987346715542,0.24356987346715542
Ref-01B-B-0p10mps,0.182,-0.22405000000000003,0.1,0.0,0.323,1.0,0.002054837214896744,20.151069373467152,19.907499499999997,0.24356987346715542,0.0,-0.24356987346715542,0.24356987346715542
Ref-01B-B-0p10mps,0.183,-0.22395,0.1,0.0,0.323,1.0,0.002054837214896744,20.151069373467152,19.907499499999997,0.24356987346715542,0.0,-0.24356987346715542,0.24356987346715542
Ref-01B-B-0p10mps,0.18400000000000002,-0.22385000000000002,0.1,0.0,0.323,1.0,0.002054837214896744,20.151069373467152,19.907499499999997,0.24356987346715542,0.0,-0.24356987346715542,0.24356987346715542
Ref-01B-B-0p10mps,0.18499999999999997,-0.22375000000000003,0.1,0.0,0.323,1.0,0.002054837214896744,20.151069373467152,19.907499499999997,0.24356987346715542,0.0,-0.24356987346715542,0.24356987346715542
Ref-01B-B-0p10mps,0.186,-0.22365000000000002,0.1,0.0,0.323,1.0,0.002054837214896744,20.151069373467152,19.907499499999997,0.24356987346715542,0.0,-0.24356987346715542,0.24356987346715542
Ref-01B-B-0p10mps,0.187,-0.22355000000000003,0.1,0.0,0.323,1.0,0.002054837214896744,20.151069373467152,19.907499499999997,0.24356987346715542,0.0,-0.24356987346715542,0.24356987346715542
Ref-01B-B-0p10mps,0.188,-0.22345,0.1,0.0,0.323,1.0,0.002054837214896744,20.151069373467152,19.907499499999997,0.24356987346715542,0.0,-0.24356987346715542,0.24356987346715542
Ref-01B-B-0p10mps,0.18900000000000003,-0.22335000000000002,0.1,0.0,0.323,1.0,0.002054837214896744,20.151069373467152,19.907499499999997,0.24356987346715542,0.0,-0.24356987346715542,0.24356987346715542
Ref-01B-B-0p10mps,0.18999999999999997,-0.22325000000000003,0.1,0.0,0.323,1.0,0.002054837214896744,20.151069373467152,19.907499499999997,0.24356987346715542,0.0,-0.24356987346715542,0.24356987346715542
Ref-01B-B-0p10mps,0.191,-0.22315000000000002,0.1,0.0,0.323,1.0,0.002054837214896744,20.151069373467152,19.907499499999997,0.24356987346715542,0.0,-0.24356987346715542,0.24356987346715542
Ref-01B-B-0p10mps,0.192,-0.22305000000000003,0.1,0.0,0.323,1.0,0.002054837214896744,20.151069373467152,19.907499499999997,0.24356987346715542,0.0,-0.24356987346715542,0.24356987346715542
Ref-01B-B-0p10mps,0.193,-0.22295,0.1,0.0,0.323,1.0,0.002054837214896744,20.151069373467152,19.907499499999997,0.24356987346715542,0.0,-0.24356987346715542,0.24356987346715542
Ref-01B-B-0p10mps,0.19400000000000003,-0.22285000000000002,0.1,0.0,0.323,1.0,0.002054837214896744,20.151069373467152,19.907499499999997,0.24356987346715542,0.0,-0.24356987346715542,0.24356987346715542
Ref-01B-B-0p10mps,0.19499999999999998,-0.22275000000000003,0.1,0.0,0.323,1.0,0.002054837214896744,20.151069373467152,19.907499499999997,0.24356987346715542,0.0,-0.24356987346715542,0.24356987346715542
Ref-01B-B-0p10mps,0.196,-0.22265000000000001,0.1,0.0,0.323,1.0,0.002054837214896744,20.151069373467152,19.907499499999997,0.24356987346715542,0.0,-0.24356987346715542,0.24356987346715542
Ref-01B-B-0p10mps,0.197,-0.22255000000000003,0.1,0.0,0.323,1.0,0.002054837214896744,20.151069373467152,19.907499499999997,0.24356987346715542,0.0,-0.24356987346715542,0.24356987346715542
Ref-01B-B-0p10mps,0.198,-0.22245,0.1,0.0,0.323,1.0,0.002054837214896744,20.151069373467152,19.907499499999997,0.24356987346715542,0.0,-0.24356987346715542,0.24356987346715542
Ref-01B-B-0p10mps,0.199,-0.22235000000000002,0.1,0.0,0.323,1.0,0.002054837214896744,20.151069373467152,19.907499499999997,0.24356987346715542,0.0,-0.24356987346715542,0.24356987346715542
Ref-01B-B-0p10mps,0.19999999999999998,-0.22225000000000003,0.1,0.0,0.323,1.0,0.002054837214896744,20.151069373467152,19.907499499999997,0.24356987346715542,0.0,-0.24356987346715542,0.24356987346715542
Ref-01B-B-0p10mps,0.201,-0.22215000000000001,0.1,0.0,0.323,1.0,0.002054837214896744,20.151069373467152,19.907499499999997,0.24356987346715542,0.0,-0.24356987346715542,0.24356987346715542
Ref-01B-B-0p10mps,0.202,-0.22205000000000003,0.1,0.0,0.323,1.0,0.002054837214896744,20.151069373467152,19.907499499999997,0.24356987346715542,0.0,-0.24356987346715542,0.24356987346715542
Ref-01B-B-0p10mps,0.203,-0.22195,0.1,0.0,0.323,1.0,0.002054837214896744,20.151069373467152,19.907499499999997,0.24356987346715542,0.0,-0.24356987346715542,0.24356987346715542
Ref-01B-B-0p10mps,0.20400000000000001,-0.22185000000000002,0.1,0.0,0.323,1.0,0.002054837214896744,20.151069373467152,19.907499499999997,0.24356987346715542,0.0,-0.24356987346715542,0.24356987346715542
Ref-01B-B-0p10mps,0.205,-0.22175000000000003,0.1,0.0,0.323,1.0,0.002054837214896744,20.151069373467152,19.907499499999997,0.24356987346715542,0.0,-0.24356987346715542,0.24356987346715542
Ref-01B-B-0p10mps,0.206,-0.22165,0.1,0.0,0.323,1.0,0.002054837214896744,20.151069373467152,19.907499499999997,0.24356987346715542,0.0,-0.24356987346715542,0.24356987346715542
Ref-01B-B-0p10mps,0.20700000000000002,-0.22155000000000002,0.1,0.0,0.323,1.0,0.002054837214896744,20.151069373467152,19.907499499999997,0.24356987346715542,0.0,-0.24356987346715542,0.24356987346715542
Ref-01B-B-0p10mps,0.20800000000000002,-0.22145,0.1,0.0,0.323,1.0,0.002054837214896744,20.151069373467152,19.907499499999997,0.24356987346715542,0.0,-0.24356987346715542,0.24356987346715542
Ref-01B-B-0p10mps,0.20900000000000002,-0.22135000000000002,0.1,0.0,0.323,1.0,0.002054837214896744,20.151069373467152,19.907499499999997,0.24356987346715542,0.0,-0.24356987346715542,0.24356987346715542
Ref-01B-B-0p10mps,0.21,-0.22125000000000003,0.1,0.0,0.323,1.0,0.002054837214896744,20.151069373467152,19.907499499999997,0.24356987346715542,0.0,-0.24356987346715542,0.24356987346715542
Ref-01B-B-0p10mps,0.211,-0.22115,0.1,0.0,0.323,1.0,0.002054837214896744,20.151069373467152,19.907499499999997,0.24356987346715542,0.0,-0.24356987346715542,0.24356987346715542
Ref-01B-B-0p10mps,0.21200000000000002,-0.22105000000000002,0.1,0.0,0.323,1.0,0.002054837214896744,20.151069373467152,19.907499499999997,0.24356987346715542,0.0,-0.24356987346715542,0.24356987346715542
Ref-01B-B-0p10mps,0.213,-0.22095000000000004,0.1,0.0,0.323,1.0,0.002054837214896744,20.151069373467152,19.907499499999997,0.24356987346715542,0.0,-0.24356987346715542,0.24356987346715542
Ref-01B-B-0p10mps,0.21400000000000002,-0.22085000000000002,0.1,0.0,0.323,1.0,0.002054837214896744,20.151069373467152,19.907499499999997,0.24356987346715542,0.0,-0.24356987346715542,0.24356987346715542
Ref-01B-B-0p10mps,0.215,-0.22075000000000003,0.1,0.0,0.323,1.0,0.002054837214896744,20.151069373467152,19.907499499999997,0.24356987346715542,0.0,-0.24356987346715542,0.24356987346715542
Ref-01B-B-0p10mps,0.216,-0.22065,0.1,0.0,0.323,1.0,0.002054837214896744,20.151069373467152,19.907499499999997,0.24356987346715542,0.0,-0.24356987346715542,0.24356987346715542
Ref-01B-B-0p10mps,0.21700000000000003,-0.22055000000000002,0.1,0.0,0.323,1.0,0.002054837214896744,20.151069373467152,19.907499499999997,0.24356987346715542,0.0,-0.24356987346715542,0.24356987346715542
Ref-01B-B-0p10mps,0.218,-0.22045000000000003,0.1,0.0,0.323,1.0,0.002054837214896744,20.151069373467152,19.907499499999997,0.24356987346715542,0.0,-0.24356987346715542,0.24356987346715542
Ref-01B-B-0p10mps,0.21900000000000003,-0.22035000000000002,0.1,0.0,0.323,1.0,0.002054837214896744,20.151069373467152,19.907499499999997,0.24356987346715542,0.0,-0.24356987346715542,0.24356987346715542
Ref-01B-B-0p10mps,0.21999999999999997,-0.22025000000000003,0.1,0.0,0.323,1.0,0.002054837214896744,20.151069373467152,19.907499499999997,0.24356987346715542,0.0,-0.24356987346715542,0.24356987346715542
Ref-01B-B-0p10mps,0.221,-0.22015,0.1,0.0,0.323,1.0,0.002054837214896744,20.151069373467152,19.907499499999997,0.24356987346715542,0.0,-0.24356987346715542,0.24356987346715542
Ref-01B-B-0p10mps,0.22200000000000003,-0.22005000000000002,0.1,0.0,0.323,1.0,0.002054837214896744,20.151069373467152,19.907499499999997,0.24356987346715542,0.0,-0.24356987346715542,0.24356987346715542
Ref-01B-B-0p10mps,0.223,-0.21995000000000003,0.1,0.0,0.323,1.0,0.002054837214896744,20.151069373467152,19.907499499999997,0.24356987346715542,0.0,-0.24356987346715542,0.24356987346715542
Ref-01B-B-0p10mps,0.22400000000000003,-0.21985000000000002,0.1,0.0,0.323,1.0,0.002054837214896744,20.151069373467152,19.907499499999997,0.24356987346715542,0.0,-0.24356987346715542,0.24356987346715542
Ref-01B-B-0p10mps,0.22499999999999998,-0.21975000000000003,0.1,0.0,0.323,1.0,0.002054837214896744,20.151069373467152,19.907499499999997,0.24356987346715542,0.0,-0.24356987346715542,0.24356987346715542
Ref-01B-B-0p10mps,0.226,-0.21965,0.1,0.0,0.323,1.0,0.002054837214896744,20.151069373467152,19.907499499999997,0.24356987346715542,0.0,-0.24356987346715542,0.24356987346715542
Ref-01B-B-0p10mps,0.22700000000000004,-0.21955000000000002,0.1,0.0,0.323,1.0,0.002054837214896744,20.151069373467152,19.907499499999997,0.24356987346715542,0.0,-0.24356987346715542,0.24356987346715542
Ref-01B-B-0p10mps,0.228,-0.21945000000000003,0.1,0.0,0.323,1.0,0.002054837214896744,20.151069373467152,19.907499499999997,0.24356987346715542,0.0,-0.24356987346715542,0.24356987346715542
Ref-01B-B-0p10mps,0.22900000000000004,-0.21935000000000002,0.1,0.0,0.323,1.0,0.002054837214896744,20.151069373467152,19.907499499999997,0.24356987346715542,0.0,-0.24356987346715542,0.24356987346715542
Ref-01B-B-0p10mps,0.22999999999999998,-0.21925000000000003,0.1,0.0,0.323,1.0,0.002054837214896744,20.151069373467152,19.907499499999997,0.24356987346715542,0.0,-0.24356987346715542,0.24356987346715542
Ref-01B-B-0p10mps,0.231,-0.21915,0.1,0.0,0.323,1.0,0.002054837214896744,20.151069373467152,19.907499499999997,0.24356987346715542,0.0,-0.24356987346715542,0.24356987346715542
Ref-01B-B-0p10mps,0.232,-0.21905000000000002,0.1,0.0,0.323,1.0,0.002054837214896744,20.151069373467152,19.907499499999997,0.24356987346715542,0.0,-0.24356987346715542,0.24356987346715542
Ref-01B-B-0p10mps,0.233,-0.21895000000000003,0.1,0.0,0.323,1.0,0.002054837214896744,20.151069373467152,19.907499499999997,0.24356987346715542,0.0,-0.24356987346715542,0.24356987346715542
Ref-01B-B-0p10mps,0.23400000000000004,-0.21885000000000002,0.1,0.0,0.323,1.0,0.002054837214896744,20.151069373467152,19.907499499999997,0.24356987346715542,0.0,-0.24356987346715542,0.24356987346715542
Ref-01B-B-0p10mps,0.235,-0.21875000000000003,0.1,0.0,0.323,1.0,0.002054837214896744,20.151069373467152,19.907499499999997,0.24356987346715542,0.0,-0.24356987346715542,0.24356987346715542
Ref-01B-B-0p10mps,0.23600000000000002,-0.21865,0.1,0.0,0.323,1.0,0.002054837214896744,20.151069373467152,19.907499499999997,0.24356987346715542,0.0,-0.24356987346715542,0.24356987346715542
Ref-01B-B-0p10mps,0.23700000000000002,-0.21855000000000002,0.1,0.0,0.323,1.0,0.002054837214896744,20.151069373467152,19.907499499999997,0.24356987346715542,0.0,-0.24356987346715542,0.24356987346715542
Ref-01B-B-0p10mps,0.23800000000000002,-0.21845000000000003,0.1,0.0,0.323,1.0,0.002054837214896744,20.151069373467152,19.907499499999997,0.24356987346715542,0.0,-0.24356987346715542,0.24356987346715542
Ref-01B-B-0p10mps,0.239,-0.21835000000000002,0.1,0.0,0.323,1.0,0.002054837214896744,20.151069373467152,19.907499499999997,0.24356987346715542,0.0,-0.24356987346715542,0.24356987346715542
Ref-01B-B-0p10mps,0.24,-0.21825000000000003,0.1,0.0,0.323,1.0,0.002054837214896744,20.151069373467152,19.907499499999997,0.24356987346715542,0.0,-0.24356987346715542,0.24356987346715542
Ref-01B-B-0p10mps,0.24100000000000002,-0.21815,0.1,0.0,0.323,1.0,0.002054837214896744,20.151069373467152,19.907499499999997,0.24356987346715542,0.0,-0.24356987346715542,0.24356987346715542
Ref-01B-B-0p10mps,0.24200000000000002,-0.21805000000000002,0.1,0.0,0.323,1.0,0.002054837214896744,20.151069373467152,19.907499499999997,0.24356987346715542,0.0,-0.24356987346715542,0.24356987346715542
Ref-01B-B-0p10mps,0.24300000000000002,-0.21795000000000003,0.1,0.0,0.323,1.0,0.002054837214896744,20.151069373467152,19.907499499999997,0.24356987346715542,0.0,-0.24356987346715542,0.24356987346715542
Ref-01B-B-0p10mps,0.244,-0.21785000000000002,0.1,0.0,0.323,1.0,0.002054837214896744,20.151069373467152,19.907499499999997,0.24356987346715542,0.0,-0.24356987346715542,0.24356987346715542
Ref-01B-B-0p10mps,0.245,-0.21775000000000003,0.1,0.0,0.323,1.0,0.002054837214896744,20.151069373467152,19.907499499999997,0.24356987346715542,0.0,-0.24356987346715542,0.24356987346715542
Ref-01B-B-0p10mps,0.246,-0.21765,0.1,0.0,0.323,1.0,0.002054837214896744,20.151069373467152,19.907499499999997,0.24356987346715542,0.0,-0.24356987346715542,0.24356987346715542
Ref-01B-B-0p10mps,0.24700000000000003,-0.21755000000000002,0.1,0.0,0.323,1.0,0.002054837214896744,20.151069373467152,19.907499499999997,0.24356987346715542,0.0,-0.24356987346715542,0.24356987346715542
Ref-01B-B-0p10mps,0.24800000000000003,-0.21745000000000003,0.1,0.0,0.323,1.0,0.002054837214896744,20.151069373467152,19.907499499999997,0.24356987346715542,0.0,-0.24356987346715542,0.24356987346715542
Ref-01B-B-0p10mps,0.249,-0.21735000000000002,0.1,0.0,0.323,1.0,0.002054837214896744,20.151069373467152,19.907499499999997,0.24356987346715542,0.0,-0.24356987346715542,0.24356987346715542
Ref-01B-B-0p10mps,0.25,-0.21725000000000003,0.1,0.0,0.323,1.0,0.002054837214896744,20.151069373467152,19.907499499999997,0.24356987346715542,0.0,-0.24356987346715542,0.24356987346715542
Ref-01B-B-0p10mps,0.251,-0.21715,0.1,0.0,0.323,1.0,0.002054837214896744,20.151069373467152,19.907499499999997,0.24356987346715542,0.0,-0.24356987346715542,0.24356987346715542
Ref-01B-B-0p10mps,0.252,-0.21705000000000002,0.1,0.0,0.323,1.0,0.002054837214896744,20.151069373467152,19.907499499999997,0.24356987346715542,0.0,-0.24356987346715542,0.24356987346715542
Ref-01B-B-0p10mps,0.253,-0.21695000000000003,0.1,0.0,0.323,1.0,0.002054837214896744,20.151069373467152,19.907499499999997,0.24356987346715542,0.0,-0.24356987346715542,0.24356987346715542
Ref-01B-B-0p10mps,0.254,-0.21685000000000001,0.1,0.0,0.323,1.0,0.002054837214896744,20.151069373467152,19.907499499999997,0.24356987346715542,0.0,-0.24356987346715542,0.24356987346715542
Ref-01B-B-0p10mps,0.255,-0.21675000000000003,0.1,0.0,0.323,1.0,0.002054837214896744,20.151069373467152,19.907499499999997,0.24356987346715542,0.0,-0.24356987346715542,0.24356987346715542
Ref-01B-B-0p10mps,0.256,-0.21665,0.1,0.0,0.323,1.0,0.002054837214896744,20.151069373467152,19.907499499999997,0.24356987346715542,0.0,-0.24356987346715542,0.24356987346715542
Ref-01B-B-0p10mps,0.257,-0.21655000000000002,0.1,0.0,0.323,1.0,0.002054837214896744,20.151069373467152,19.907499499999997,0.24356987346715542,0.0,-0.24356987346715542,0.24356987346715542
Ref-01B-B-0p10mps,0.258,-0.21645000000000003,0.1,0.0,0.323,1.0,0.002054837214896744,20.151069373467152,19.907499499999997,0.24356987346715542,0.0,-0.24356987346715542,0.24356987346715542
Ref-01B-B-0p10mps,0.259,-0.21635000000000001,0.1,0.0,0.323,1.0,0.002054837214896744,20.151069373467152,19.907499499999997,0.24356987346715542,0.0,-0.24356987346715542,0.24356987346715542
Ref-01B-B-0p10mps,0.26,-0.21625000000000003,0.1,0.0,0.323,1.0,0.002054837214896744,20.151069373467152,19.907499499999997,0.24356987346715542,0.0,-0.24356987346715542,0.24356987346715542
Ref-01B-B-0p10mps,0.261,-0.21615,0.1,0.0,0.323,1.0,0.002054837214896744,20.151069373467152,19.907499499999997,0.24356987346715542,0.0,-0.24356987346715542,0.24356987346715542
Ref-01B-B-0p10mps,0.262,-0.21605000000000002,0.1,0.0,0.323,1.0,0.002054837214896744,20.151069373467152,19.907499499999997,0.24356987346715542,0.0,-0.24356987346715542,0.24356987346715542
Ref-01B-B-0p10mps,0.263,-0.21595000000000003,0.1,0.0,0.323,1.0,0.002054837214896744,20.151069373467152,19.907499499999997,0.24356987346715542,0.0,-0.24356987346715542,0.24356987346715542
Ref-01B-B-0p10mps,0.264,-0.21585000000000001,0.1,0.0,0.323,1.0,0.002054837214896744,20.151069373467152,19.907499499999997,0.24356987346715542,0.0,-0.24356987346715542,0.24356987346715542
Ref-01B-B-0p10mps,0.26499999999999996,-0.21575000000000003,0.1,0.0,0.323,1.0,0.002054837214896744,20.151069373467152,19.907499499999997,0.24356987346715542,0.0,-0.24356987346715542,0.24356987346715542
Ref-01B-B-0p10mps,0.266,-0.21565,0.1,0.0,0.323,1.0,0.002054837214896744,20.151069373467152,19.907499499999997,0.24356987346715542,0.0,-0.24356987346715542,0.24356987346715542
Ref-01B-B-0p10mps,0.267,-0.21555000000000002,0.1,0.0,0.323,1.0,0.002054837214896744,20.151069373467152,19.907499499999997,0.24356987346715542,0.0,-0.24356987346715542,0.24356987346715542
Ref-01B-B-0p10mps,0.268,-0.21545000000000003,0.1,0.0,0.323,1.0,0.002054837214896744,20.151069373467152,19.907499499999997,0.24356987346715542,0.0,-0.24356987346715542,0.24356987346715542
Ref-01B-B-0p10mps,0.269,-0.21535,0.1,0.0,0.323,1.0,0.002054837214896744,20.151069373467152,19.907499499999997,0.24356987346715542,0.0,-0.24356987346715542,0.24356987346715542
Ref-01B-B-0p10mps,0.26999999999999996,-0.21525000000000002,0.1,0.0,0.323,1.0,0.002054837214896744,20.151069373467152,19.907499499999997,0.24356987346715542,0.0,-0.24356987346715542,0.24356987346715542
Ref-01B-B-0p10mps,0.271,-0.21515,0.1,0.0,0.323,1.0,0.002054837214896744,20.151069373467152,19.907499499999997,0.24356987346715542,0.0,-0.24356987346715542,0.24356987346715542
Ref-01B-B-0p10mps,0.272,-0.21505000000000002,0.1,0.0,0.323,1.0,0.002054837214896744,20.151069373467152,19.907499499999997,0.24356987346715542,0.0,-0.24356987346715542,0.24356987346715542
Ref-01B-B-0p10mps,0.273,-0.21495000000000003,0.1,0.0,0.323,1.0,0.002054837214896744,20.151069373467152,19.907499499999997,0.24356987346715542,0.0,-0.24356987346715542,0.24356987346715542
Ref-01B-B-0p10mps,0.274,-0.21485,0.1,0.0,0.323,1.0,0.002054837214896744,20.151069373467152,19.907499499999997,0.24356987346715542,0.0,-0.24356987346715542,0.24356987346715542
Ref-01B-B-0p10mps,0.27499999999999997,-0.21475000000000002,0.1,0.0,0.323,1.0,0.002054837214896744,20.151069373467152,19.907499499999997,0.24356987346715542,0.0,-0.24356987346715542,0.24356987346715542
Ref-01B-B-0p10mps,0.276,-0.21465,0.1,0.0,0.323,1.0,0.002054837214896744,20.151069373467152,19.907499499999997,0.24356987346715542,0.0,-0.24356987346715542,0.24356987346715542
Ref-01B-B-0p10mps,0.277,-0.21455000000000002,0.1,0.0,0.323,1.0,0.002054837214896744,20.151069373467152,19.907499499999997,0.24356987346715542,0.0,-0.24356987346715542,0.24356987346715542
Ref-01B-B-0p10mps,0.278,-0.21445000000000003,0.1,0.0,0.323,1.0,0.002054837214896744,20.151069373467152,19.907499499999997,0.24356987346715542,0.0,-0.24356987346715542,0.24356987346715542
Ref-01B-B-0p10mps,0.27899999999999997,-0.21435,0.1,0.0,0.323,1.0,0.002054837214896744,20.151069373467152,19.907499499999997,0.24356987346715542,0.0,-0.24356987346715542,0.24356987346715542
Ref-01B-B-0p10mps,0.27999999999999997,-0.21425000000000002,0.1,0.0,0.323,1.0,0.002054837214896744,20.151069373467152,19.907499499999997,0.24356987346715542,0.0,-0.24356987346715542,0.24356987346715542
Ref-01B-B-0p10mps,0.281,-0.21415,0.1,0.0,0.323,1.0,0.002054837214896744,20.151069373467152,19.907499499999997,0.24356987346715542,0.0,-0.24356987346715542,0.24356987346715542
Ref-01B-B-0p10mps,0.28200000000000003,-0.21405000000000002,0.1,0.0,0.323,1.0,0.002054837214896744,20.151069373467152,19.907499499999997,0.24356987346715542,0.0,-0.24356987346715542,0.24356987346715542
Ref-01B-B-0p10mps,0.28300000000000003,-0.21395000000000003,0.1,0.0,0.323,1.0,0.002054837214896744,20.151069373467152,19.907499499999997,0.24356987346715542,0.0,-0.24356987346715542,0.24356987346715542
Ref-01B-B-0p10mps,0.284,-0.21385,0.1,0.0,0.323,1.0,0.002054837214896744,20.151069373467152,19.907499499999997,0.24356987346715542,0.0,-0.24356987346715542,0.24356987346715542
Ref-01B-B-0p10mps,0.285,-0.21375000000000002,0.1,0.0,0.323,1.0,0.002054837214896744,20.151069373467152,19.907499499999997,0.24356987346715542,0.0,-0.24356987346715542,0.24356987346715542
Ref-01B-B-0p10mps,0.286,-0.21365,0.1,0.0,0.323,1.0,0.002054837214896744,20.151069373467152,19.907499499999997,0.24356987346715542,0.0,-0.24356987346715542,0.24356987346715542
Ref-01B-B-0p10mps,0.28700000000000003,-0.21355000000000002,0.1,0.0,0.323,1.0,0.002054837214896744,20.151069373467152,19.907499499999997,0.24356987346715542,0.0,-0.24356987346715542,0.24356987346715542
Ref-01B-B-0p10mps,0.28800000000000003,-0.21345000000000003,0.1,0.0,0.323,1.0,0.002054837214896744,20.151069373467152,19.907499499999997,0.24356987346715542,0.0,-0.24356987346715542,0.24356987346715542
Ref-01B-B-0p10mps,0.289,-0.21335,0.1,0.0,0.323,1.0,0.002054837214896744,20.151069373467152,19.907499499999997,0.24356987346715542,0.0,-0.24356987346715542,0.24356987346715542
Ref-01B-B-0p10mps,0.29,-0.21325000000000002,0.1,0.0,0.323,1.0,0.002054837214896744,20.151069373467152,19.907499499999997,0.24356987346715542,0.0,-0.24356987346715542,0.24356987346715542
Ref-01B-B-0p10mps,0.291,-0.21315,0.1,0.0,0.323,1.0,0.002054837214896744,20.151069373467152,19.907499499999997,0.24356987346715542,0.0,-0.24356987346715542,0.24356987346715542
Ref-01B-B-0p10mps,0.29200000000000004,-0.21305000000000002,0.1,0.0,0.323,1.0,0.002054837214896744,20.151069373467152,19.907499499999997,0.24356987346715542,0.0,-0.24356987346715542,0.24356987346715542
Ref-01B-B-0p10mps,0.293,-0.21295000000000003,0.1,0.0,0.323,1.0,0.002054837214896744,20.151069373467152,19.907499499999997,0.24356987346715542,0.0,-0.24356987346715542,0.24356987346715542
Ref-01B-B-0p10mps,0.294,-0.21285,0.1,0.0,0.323,1.0,0.002054837214896744,20.151069373467152,19.907499499999997,0.24356987346715542,0.0,-0.24356987346715542,0.24356987346715542
Ref-01B-B-0p10mps,0.295,-0.21275000000000002,0.1,0.0,0.323,1.0,0.002054837214896744,20.151069373467152,19.907499499999997,0.24356987346715542,0.0,-0.24356987346715542,0.24356987346715542
Ref-01B-B-0p10mps,0.296,-0.21265,0.1,0.0,0.323,1.0,0.002054837214896744,20.151069373467152,19.907499499999997,0.24356987346715542,0.0,-0.24356987346715542,0.24356987346715542
Ref-01B-B-0p10mps,0.29700000000000004,-0.21255000000000002,0.1,0.0,0.323,1.0,0.002054837214896744,20.151069373467152,19.907499499999997,0.24356987346715542,0.0,-0.24356987346715542,0.24356987346715542
Ref-01B-B-0p10mps,0.298,-0.21245000000000003,0.1,0.0,0.323,1.0,0.002054837214896744,20.151069373467152,19.907499499999997,0.24356987346715542,0.0,-0.24356987346715542,0.24356987346715542
Ref-01B-B-0p10mps,0.299,-0.21235,0.1,0.0,0.323,1.0,0.002054837214896744,20.151069373467152,19.907499499999997,0.24356987346715542,0.0,-0.24356987346715542,0.24356987346715542
Ref-01B-B-0p10mps,0.3,-0.21225000000000002,0.1,0.0,0.323,1.0,0.002054837214896744,20.151069373467152,19.907499499999997,0.24356987346715542,0.0,-0.24356987346715542,0.24356987346715542
Ref-01B-B-0p10mps,0.301,-0.21215,0.1,0.0,0.323,1.0,0.002054837214896744,20.151069373467152,19.907499499999997,0.24356987346715542,0.0,-0.24356987346715542,0.24356987346715542
Ref-01B-B-0p10mps,0.30200000000000005,-0.21205000000000002,0.1,0.0,0.323,1.0,0.002054837214896744,20.151069373467152,19.907499499999997,0.24356987346715542,0.0,-0.24356987346715542,0.24356987346715542
Ref-01B-B-0p10mps,0.303,-0.21195000000000003,0.1,0.0,0.323,1.0,0.002054837214896744,20.151069373467152,19.907499499999997,0.24356987346715542,0.0,-0.24356987346715542,0.24356987346715542
Ref-01B-B-0p10mps,0.304,-0.21185,0.1,0.0,0.323,1.0,0.002054837214896744,20.151069373467152,19.907499499999997,0.24356987346715542,0.0,-0.24356987346715542,0.24356987346715542
Ref-01B-B-0p10mps,0.305,-0.21175000000000002,0.1,0.0,0.323,1.0,0.002054837214896744,20.151069373467152,19.907499499999997,0.24356987346715542,0.0,-0.24356987346715542,0.24356987346715542
Ref-01B-B-0p10mps,0.306,-0.21165,0.1,0.0,0.323,1.0,0.002054837214896744,20.151069373467152,19.907499499999997,0.24356987346715542,0.0,-0.24356987346715542,0.24356987346715542
Ref-01B-B-0p10mps,0.30700000000000005,-0.21155000000000002,0.1,0.0,0.323,1.0,0.002054837214896744,20.151069373467152,19.907499499999997,0.24356987346715542,0.0,-0.24356987346715542,0.24356987346715542
Ref-01B-B-0p10mps,0.308,-0.21145000000000003,0.1,0.0,0.323,1.0,0.002054837214896744,20.151069373467152,19.907499499999997,0.24356987346715542,0.0,-0.24356987346715542,0.24356987346715542
Ref-01B-B-0p10mps,0.309,-0.21135,0.1,0.0,0.323,1.0,0.002054837214896744,20.151069373467152,19.907499499999997,0.24356987346715542,0.0,-0.24356987346715542,0.24356987346715542
Ref-01B-B-0p10mps,0.31,-0.21125000000000002,0.1,0.0,0.323,1.0,0.002054837214896744,20.151069373467152,19.907499499999997,0.24356987346715542,0.0,-0.24356987346715542,0.24356987346715542
Ref-01B-B-0p10mps,0.311,-0.21115,0.1,0.0,0.323,1.0,0.002054837214896744,20.151069373467152,19.907499499999997,0.24356987346715542,0.0,-0.24356987346715542,0.24356987346715542
Ref-01B-B-0p10mps,0.312,-0.21105000000000002,0.1,0.0,0.323,1.0,0.002054837214896744,20.151069373467152,19.907499499999997,0.24356987346715542,0.0,-0.24356987346715542,0.24356987346715542
Ref-01B-B-0p10mps,0.313,-0.21095000000000003,0.1,0.0,0.323,1.0,0.002054837214896744,20.151069373467152,19.907499499999997,0.24356987346715542,0.0,-0.24356987346715542,0.24356987346715542
Ref-01B-B-0p10mps,0.314,-0.21085,0.1,0.0,0.323,1.0,0.002054837214896744,20.151069373467152,19.907499499999997,0.24356987346715542,0.0,-0.24356987346715542,0.24356987346715542
Ref-01B-B-0p10mps,0.315,-0.21075000000000002,0.1,0.0,0.323,1.0,0.002054837214896744,20.151069373467152,19.907499499999997,0.24356987346715542,0.0,-0.24356987346715542,0.24356987346715542
Ref-01B-B-0p10mps,0.316,-0.21065,0.1,0.0,0.323,1.0,0.002054837214896744,20.151069373467152,19.907499499999997,0.24356987346715542,0.0,-0.24356987346715542,0.24356987346715542
Ref-01B-B-0p10mps,0.31700000000000006,-0.21055000000000001,0.1,0.0,0.323,1.0,0.002054837214896744,20.151069373467152,19.907499499999997,0.24356987346715542,0.0,-0.24356987346715542,0.24356987346715542
Ref-01B-B-0p10mps,0.318,-0.21045000000000003,0.1,0.0,0.323,1.0,0.002054837214896744,20.151069373467152,19.907499499999997,0.24356987346715542,0.0,-0.24356987346715542,0.24356987346715542
Ref-01B-B-0p10mps,0.319,-0.21035,0.1,0.0,0.323,1.0,0.002054837214896744,20.151069373467152,19.907499499999997,0.24356987346715542,0.0,-0.24356987346715542,0.24356987346715542
Ref-01B-B-0p10mps,0.32,-0.21025000000000002,0.1,0.0,0.323,1.0,0.002054837214896744,20.151069373467152,19.907499499999997,0.24356987346715542,0.0,-0.24356987346715542,0.24356987346715542
Ref-01B-B-0p10mps,0.321,-0.21015,0.1,0.0,0.323,1.0,0.002054837214896744,20.151069373467152,19.907499499999997,0.24356987346715542,0.0,-0.24356987346715542,0.24356987346715542
Ref-01B-B-0p10mps,0.32200000000000006,-0.21005000000000001,0.1,0.0,0.323,1.0,0.002054837214896744,20.151069373467152,19.907499499999997,0.24356987346715542,0.0,-0.24356987346715542,0.24356987346715542
Ref-01B-B-0p10mps,0.323,-0.20995000000000003,0.1,0.0,0.323,1.0,0.002054837214896744,20.151069373467152,19.907499499999997,0.24356987346715542,0.0,-0.24356987346715542,0.24356987346715542
Ref-01B-B-0p10mps,0.32399999999999995,-0.20985000000000004,0.1,0.0,0.323,1.0,0.002054837214896744,20.151069373467152,19.907499499999997,0.24356987346715542,0.0,-0.24356987346715542,0.24356987346715542
Ref-01B-B-0p10mps,0.325,-0.20975000000000002,0.1,0.0,0.323,1.0,0.002054837214896744,20.151069373467152,19.907499499999997,0.24356987346715542,0.0,-0.24356987346715542,0.24356987346715542
Ref-01B-B-0p10mps,0.326,-0.20965,0.1,0.0,0.323,1.0,0.002054837214896744,20.151069373467152,19.907499499999997,0.24356987346715542,0.0,-0.24356987346715542,0.24356987346715542
Ref-01B-B-0p10mps,0.32700000000000007,-0.20955000000000001,0.1,0.0,0.323,1.0,0.002054837214896744,20.151069373467152,19.907499499999997,0.24356987346715542,0.0,-0.24356987346715542,0.24356987346715542
Ref-01B-B-0p10mps,0.328,-0.20945000000000003,0.1,0.0,0.323,1.0,0.002054837214896744,20.151069373467152,19.907499499999997,0.24356987346715542,0.0,-0.24356987346715542,0.24356987346715542
Ref-01B-B-0p10mps,0.32899999999999996,-0.20935000000000004,0.1,0.0,0.323,1.0,0.002054837214896744,20.151069373467152,19.907499499999997,0.24356987346715542,0.0,-0.24356987346715542,0.24356987346715542
Ref-01B-B-0p10mps,0.33,-0.20925000000000002,0.1,0.0,0.323,1.0,0.002054837214896744,20.151069373467152,19.907499499999997,0.24356987346715542,0.0,-0.24356987346715542,0.24356987346715542
Ref-01B-B-0p10mps,0.331,-0.20915,0.1,0.0,0.323,1.0,0.002054837214896744,20.151069373467152,19.907499499999997,0.24356987346715542,0.0,-0.24356987346715542,0.24356987346715542
Ref-01B-B-0p10mps,0.33199999999999996,-0.20905,0.1,0.0,0.323,1.0,0.002054837214896744,20.151069373467152,19.907499499999997,0.24356987346715542,0.0,-0.24356987346715542,0.24356987346715542
Ref-01B-B-0p10mps,0.333,-0.20895000000000002,0.1,0.0,0.323,1.0,0.002054837214896744,20.151069373467152,19.907499499999997,0.24356987346715542,0.0,-0.24356987346715542,0.24356987346715542
Ref-01B-B-0p10mps,0.33399999999999996,-0.20885000000000004,0.1,0.0,0.323,1.0,0.002054837214896744,20.151069373467152,19.907499499999997,0.24356987346715542,0.0,-0.24356987346715542,0.24356987346715542
Ref-01B-B-0p10mps,0.335,-0.20875000000000002,0.1,0.0,0.323,1.0,0.002054837214896744,20.151069373467152,19.907499499999997,0.24356987346715542,0.0,-0.24356987346715542,0.24356987346715542
Ref-01B-B-0p10mps,0.336,-0.20865,0.1,0.0,0.323,1.0,0.002054837214896744,20.151069373467152,19.907499499999997,0.24356987346715542,0.0,-0.24356987346715542,0.24356987346715542
Ref-01B-B-0p10mps,0.33699999999999997,-0.20855,0.1,0.0,0.323,1.0,0.002054837214896744,20.151069373467152,19.907499499999997,0.24356987346715542,0.0,-0.24356987346715542,0.24356987346715542
Ref-01B-B-0p10mps,0.338,-0.20845000000000002,0.1,0.0,0.323,1.0,0.002054837214896744,20.151069373467152,19.907499499999997,0.24356987346715542,0.0,-0.24356987346715542,0.24356987346715542
Ref-01B-B-0p10mps,0.33899999999999997,-0.20835000000000004,0.1,0.0,0.323,1.0,0.002054837214896744,20.151069373467152,19.907499499999997,0.24356987346715542,0.0,-0.24356987346715542,0.24356987346715542
Ref-01B-B-0p10mps,0.34,-0.20825000000000002,0.1,0.0,0.323,1.0,0.002054837214896744,20.151069373467152,19.907499499999997,0.24356987346715542,0.0,-0.24356987346715542,0.24356987346715542
Ref-01B-B-0p10mps,0.341,-0.20815,0.1,0.0,0.323,1.0,0.002054837214896744,20.151069373467152,19.907499499999997,0.24356987346715542,0.0,-0.24356987346715542,0.24356987346715542
Ref-01B-B-0p10mps,0.34199999999999997,-0.20805,0.1,0.0,0.323,1.0,0.002054837214896744,20.151069373467152,19.907499499999997,0.24356987346715542,0.0,-0.24356987346715542,0.24356987346715542
Ref-01B-B-0p10mps,0.343,-0.20795000000000002,0.1,0.0,0.323,1.0,0.002054837214896744,20.151069373467152,19.907499499999997,0.24356987346715542,0.0,-0.24356987346715542,0.24356987346715542
Ref-01B-B-0p10mps,0.344,-0.20785000000000003,0.1,0.0,0.323,1.0,0.002054837214896744,20.151069373467152,19.907499499999997,0.24356987346715542,0.0,-0.24356987346715542,0.24356987346715542
Ref-01B-B-0p10mps,0.34500000000000003,-0.20775000000000002,0.1,0.0,0.323,1.0,0.002054837214896744,20.151069373467152,19.907499499999997,0.24356987346715542,0.0,-0.24356987346715542,0.24356987346715542
Ref-01B-B-0p10mps,0.346,-0.20765000000000003,0.1,0.0,0.323,1.0,0.002054837214896744,20.151069373467152,19.907499499999997,0.24356987346715542,0.0,-0.24356987346715542,0.24356987346715542
Ref-01B-B-0p10mps,0.347,-0.20755,0.1,0.0,0.323,1.0,0.002054837214896744,20.151069373467152,19.907499499999997,0.24356987346715542,0.0,-0.24356987346715542,0.24356987346715542
Ref-01B-B-0p10mps,0.34800000000000003,-0.20745000000000002,0.1,0.0,0.323,1.0,0.002054837214896744,20.151069373467152,19.907499499999997,0.24356987346715542,0.0,-0.24356987346715542,0.24356987346715542
Ref-01B-B-0p10mps,0.349,-0.20735000000000003,0.1,0.0,0.323,1.0,0.002054837214896744,20.151069373467152,19.907499499999997,0.24356987346715542,0.0,-0.24356987346715542,0.24356987346715542
Ref-01B-B-0p10mps,0.35000000000000003,-0.20725000000000002,0.1,0.0,0.323,1.0,0.002054837214896744,20.151069373467152,19.907499499999997,0.24356987346715542,0.0,-0.24356987346715542,0.24356987346715542
Ref-01B-B-0p10mps,0.351,-0.20715000000000003,0.1,0.0,0.323,1.0,0.002054837214896744,20.151069373467152,19.907499499999997,0.24356987346715542,0.0,-0.24356987346715542,0.24356987346715542
Ref-01B-B-0p10mps,0.352,-0.20705,0.1,0.0,0.323,1.0,0.002054837214896744,20.151069373467152,19.907499499999997,0.24356987346715542,0.0,-0.24356987346715542,0.24356987346715542
Ref-01B-B-0p10mps,0.35300000000000004,-0.20695000000000002,0.1,0.0,0.323,1.0,0.002054837214896744,20.151069373467152,19.907499499999997,0.24356987346715542,0.0,-0.24356987346715542,0.24356987346715542
Ref-01B-B-0p10mps,0.354,-0.20685000000000003,0.1,0.0,0.323,1.0,0.002054837214896744,20.151069373467152,19.907499499999997,0.24356987346715542,0.0,-0.24356987346715542,0.24356987346715542
Ref-01B-B-0p10mps,0.35500000000000004,-0.20675000000000002,0.1,0.0,0.323,1.0,0.002054837214896744,20.151069373467152,19.907499499999997,0.24356987346715542,0.0,-0.24356987346715542,0.24356987346715542
Ref-01B-B-0p10mps,0.356,-0.20665000000000003,0.1,0.0,0.323,1.0,0.002054837214896744,20.151069373467152,19.907499499999997,0.24356987346715542,0.0,-0.24356987346715542,0.24356987346715542
Ref-01B-B-0p10mps,0.357,-0.20655,0.1,0.0,0.323,1.0,0.002054837214896744,20.151069373467152,19.907499499999997,0.24356987346715542,0.0,-0.24356987346715542,0.24356987346715542
Ref-01B-B-0p10mps,0.35800000000000004,-0.20645000000000002,0.1,0.0,0.323,1.0,0.002054837214896744,20.151069373467152,19.907499499999997,0.24356987346715542,0.0,-0.24356987346715542,0.24356987346715542
Ref-01B-B-0p10mps,0.359,-0.20635000000000003,0.1,0.0,0.323,1.0,0.002054837214896744,20.151069373467152,19.907499499999997,0.24356987346715542,0.0,-0.24356987346715542,0.24356987346715542
Ref-01B-B-0p10mps,0.36000000000000004,-0.20625000000000002,0.1,0.0,0.323,1.0,0.002054837214896744,20.151069373467152,19.907499499999997,0.24356987346715542,0.0,-0.24356987346715542,0.24356987346715542
Ref-01B-B-0p10mps,0.361,-0.20615000000000003,0.1,0.0,0.323,1.0,0.002054837214896744,20.151069373467152,19.907499499999997,0.24356987346715542,0.0,-0.24356987346715542,0.24356987346715542
Ref-01B-B-0p10mps,0.362,-0.20605,0.1,0.0,0.323,1.0,0.002054837214896744,20.151069373467152,19.907499499999997,0.24356987346715542,0.0,-0.24356987346715542,0.24356987346715542
Ref-01B-B-0p10mps,0.36300000000000004,-0.20595000000000002,0.1,0.0,0.323,1.0,0.002054837214896744,20.151069373467152,19.907499499999997,0.24356987346715542,0.0,-0.24356987346715542,0.24356987346715542
Ref-01B-B-0p10mps,0.364,-0.20585000000000003,0.1,0.0,0.323,1.0,0.002054837214896744,20.151069373467152,19.907499499999997,0.24356987346715542,0.0,-0.24356987346715542,0.24356987346715542
Ref-01B-B-0p10mps,0.36499999999999994,-0.20575000000000002,0.1,0.0,0.323,1.0,0.002054837214896744,20.151069373467152,19.907499499999997,0.24356987346715542,0.0,-0.24356987346715542,0.24356987346715542
Ref-01B-B-0p10mps,0.366,-0.20565000000000003,0.1,0.0,0.323,1.0,0.002054837214896744,20.151069373467152,19.907499499999997,0.24356987346715542,0.0,-0.24356987346715542,0.24356987346715542
Ref-01B-B-0p10mps,0.367,-0.20555,0.1,0.0,0.323,1.0,0.002054837214896744,20.151069373467152,19.907499499999997,0.24356987346715542,0.0,-0.24356987346715542,0.24356987346715542
Ref-01B-B-0p10mps,0.36800000000000005,-0.20545000000000002,0.1,0.0,0.323,1.0,0.002054837214896744,20.151069373467152,19.907499499999997,0.24356987346715542,0.0,-0.24356987346715542,0.24356987346715542
Ref-01B-B-0p10mps,0.369,-0.20535000000000003,0.1,0.0,0.323,1.0,0.002054837214896744,20.151069373467152,19.907499499999997,0.24356987346715542,0.0,-0.24356987346715542,0.24356987346715542
Ref-01B-B-0p10mps,0.36999999999999994,-0.20525000000000002,0.1,0.0,0.323,1.0,0.002054837214896744,20.151069373467152,19.907499499999997,0.24356987346715542,0.0,-0.24356987346715542,0.24356987346715542
Ref-01B-B-0p10mps,0.371,-0.20515000000000003,0.1,0.0,0.323,1.0,0.002054837214896744,20.151069373467152,19.907499499999997,0.24356987346715542,0.0,-0.24356987346715542,0.24356987346715542
Ref-01B-B-0p10mps,0.372,-0.20505,0.1,0.0,0.323,1.0,0.002054837214896744,20.151069373467152,19.907499499999997,0.24356987346715542,0.0,-0.24356987346715542,0.24356987346715542
Ref-01B-B-0p10mps,0.37300000000000005,-0.20495000000000002,0.1,0.0,0.323,1.0,0.002054837214896744,20.151069373467152,19.907499499999997,0.24356987346715542,0.0,-0.24356987346715542,0.24356987346715542
Ref-01B-B-0p10mps,0.374,-0.20485000000000003,0.1,0.0,0.323,1.0,0.002054837214896744,20.151069373467152,19.907499499999997,0.24356987346715542,0.0,-0.24356987346715542,0.24356987346715542
Ref-01B-B-0p10mps,0.37499999999999994,-0.20475000000000002,0.1,0.0,0.323,1.0,0.002054837214896744,20.151069373467152,19.907499499999997,0.24356987346715542,0.0,-0.24356987346715542,0.24356987346715542
Ref-01B-B-0p10mps,0.376,-0.20465000000000003,0.1,0.0,0.323,1.0,0.002054837214896744,20.151069373467152,19.907499499999997,0.24356987346715542,0.0,-0.24356987346715542,0.24356987346715542
Ref-01B-B-0p10mps,0.377,-0.20455,0.1,0.0,0.323,1.0,0.002054837214896744,20.151069373467152,19.907499499999997,0.24356987346715542,0.0,-0.24356987346715542,0.24356987346715542
Ref-01B-B-0p10mps,0.37800000000000006,-0.20445000000000002,0.1,0.0,0.323,1.0,0.002054837214896744,20.151069373467152,19.907499499999997,0.24356987346715542,0.0,-0.24356987346715542,0.24356987346715542
Ref-01B-B-0p10mps,0.37899999999999995,-0.20435000000000003,0.1,0.0,0.323,1.0,0.002054837214896744,20.151069373467152,19.907499499999997,0.24356987346715542,0.0,-0.24356987346715542,0.24356987346715542
Ref-01B-B-0p10mps,0.37999999999999995,-0.20425000000000001,0.1,0.0,0.323,1.0,0.002054837214896744,20.151069373467152,19.907499499999997,0.24356987346715542,0.0,-0.24356987346715542,0.24356987346715542
Ref-01B-B-0p10mps,0.381,-0.20415000000000003,0.1,0.0,0.323,1.0,0.002054837214896744,20.151069373467152,19.907499499999997,0.24356987346715542,0.0,-0.24356987346715542,0.24356987346715542
Ref-01B-B-0p10mps,0.382,-0.20405,0.1,0.0,0.323,1.0,0.002054837214896744,20.151069373467152,19.907499499999997,0.24356987346715542,0.0,-0.24356987346715542,0.24356987346715542
Ref-01B-B-0p10mps,0.38300000000000006,-0.20395000000000002,0.1,0.0,0.323,1.0,0.002054837214896744,20.151069373467152,19.907499499999997,0.24356987346715542,0.0,-0.24356987346715542,0.24356987346715542
Ref-01B-B-0p10mps,0.384,-0.20385000000000003,0.1,0.0,0.323,1.0,0.002054837214896744,20.151069373467152,19.907499499999997,0.24356987346715542,0.0,-0.24356987346715542,0.24356987346715542
Ref-01B-B-0p10mps,0.38499999999999995,-0.20375000000000001,0.1,0.0,0.323,1.0,0.002054837214896744,20.151069373467152,19.907499499999997,0.24356987346715542,0.0,-0.24356987346715542,0.24356987346715542
Ref-01B-B-0p10mps,0.386,-0.20365000000000003,0.1,0.0,0.323,1.0,0.002054837214896744,20.151069373467152,19.907499499999997,0.24356987346715542,0.0,-0.24356987346715542,0.24356987346715542
Ref-01B-B-0p10mps,0.387,-0.20355,0.1,0.0,0.323,1.0,0.002054837214896744,20.151069373467152,19.907499499999997,0.24356987346715542,0.0,-0.24356987346715542,0.24356987346715542
Ref-01B-B-0p10mps,0.38800000000000007,-0.20345000000000002,0.1,0.0,0.323,1.0,0.002054837214896744,20.151069373467152,19.907499499999997,0.24356987346715542,0.0,-0.24356987346715542,0.24356987346715542
Ref-01B-B-0p10mps,0.389,-0.20335000000000003,0.1,0.0,0.323,1.0,0.002054837214896744,20.151069373467152,19.907499499999997,0.24356987346715542,0.0,-0.24356987346715542,0.24356987346715542
Ref-01B-B-0p10mps,0.38999999999999996,-0.20325000000000001,0.1,0.0,0.323,1.0,0.002054837214896744,20.151069373467152,19.907499499999997,0.24356987346715542,0.0,-0.24356987346715542,0.24356987346715542
Ref-01B-B-0p10mps,0.391,-0.20315000000000003,0.1,0.0,0.323,1.0,0.002054837214896744,20.151069373467152,19.907499499999997,0.24356987346715542,0.0,-0.24356987346715542,0.24356987346715542
Ref-01B-B-0p10mps,0.392,-0.20305,0.1,0.0,0.323,1.0,0.002054837214896744,20.151069373467152,19.907499499999997,0.24356987346715542,0.0,-0.24356987346715542,0.24356987346715542
Ref-01B-B-0p10mps,0.39300000000000007,-0.20295000000000002,0.1,0.0,0.323,1.0,0.002054837214896744,20.151069373467152,19.907499499999997,0.24356987346715542,0.0,-0.24356987346715542,0.24356987346715542
Ref-01B-B-0p10mps,0.394,-0.20285000000000003,0.1,0.0,0.323,1.0,0.002054837214896744,20.151069373467152,19.907499499999997,0.24356987346715542,0.0,-0.24356987346715542,0.24356987346715542
Ref-01B-B-0p10mps,0.39499999999999996,-0.20275,0.1,0.0,0.323,1.0,0.002054837214896744,20.151069373467152,19.907499499999997,0.24356987346715542,0.0,-0.24356987346715542,0.24356987346715542
Ref-01B-B-0p10mps,0.396,-0.20265000000000002,0.1,0.0,0.323,1.0,0.002054837214896744,20.151069373467152,19.907499499999997,0.24356987346715542,0.0,-0.24356987346715542,0.24356987346715542
Ref-01B-B-0p10mps,0.397,-0.20255,0.1,0.0,0.323,1.0,0.002054837214896744,20.151069373467152,19.907499499999997,0.24356987346715542,0.0,-0.24356987346715542,0.24356987346715542
Ref-01B-B-0p10mps,0.398,-0.20245000000000002,0.1,0.0,0.323,1.0,0.002054837214896744,20.151069373467152,19.907499499999997,0.24356987346715542,0.0,-0.24356987346715542,0.24356987346715542
Ref-01B-B-0p10mps,0.399,-0.20235000000000003,0.1,0.0,0.323,1.0,0.002054837214896744,20.151069373467152,19.907499499999997,0.24356987346715542,0.0,-0.24356987346715542,0.24356987346715542
Ref-01B-B-0p10mps,0.39999999999999997,-0.20225,0.1,0.0,0.323,1.0,0.002054837214896744,20.151069373467152,19.907499499999997,0.24356987346715542,0.0,-0.24356987346715542,0.24356987346715542
Ref-01B-B-0p10mps,0.401,-0.20215000000000002,0.1,0.0,0.323,1.0,0.002054837214896744,20.151069373467152,19.907499499999997,0.24356987346715542,0.0,-0.24356987346715542,0.24356987346715542
Ref-01B-B-0p10mps,0.402,-0.20205,0.1,0.0,0.323,1.0,0.002054837214896744,20.151069373467152,19.907499499999997,0.24356987346715542,0.0,-0.24356987346715542,0.24356987346715542
Ref-01B-B-0p10mps,0.403,-0.20195000000000002,0.1,0.0,0.323,1.0,0.002054837214896744,20.151069373467152,19.907499499999997,0.24356987346715542,0.0,-0.24356987346715542,0.24356987346715542
Ref-01B-B-0p10mps,0.404,-0.20185000000000003,0.1,0.0,0.323,1.0,0.002054837214896744,20.151069373467152,19.907499499999997,0.24356987346715542,0.0,-0.24356987346715542,0.24356987346715542
Ref-01B-B-0p10mps,0.40499999999999997,-0.20175,0.1,0.0,0.323,1.0,0.002054837214896744,20.151069373467152,19.907499499999997,0.24356987346715542,0.0,-0.24356987346715542,0.24356987346715542
Ref-01B-B-0p10mps,0.406,-0.20165000000000002,0.1,0.0,0.323,1.0,0.002054837214896744,20.151069373467152,19.907499499999997,0.24356987346715542,0.0,-0.24356987346715542,0.24356987346715542
Ref-01B-B-0p10mps,0.40700000000000003,-0.20155,0.1,0.0,0.323,1.0,0.002054837214896744,20.151069373467152,19.907499499999997,0.24356987346715542,0.0,-0.24356987346715542,0.24356987346715542
Ref-01B-B-0p10mps,0.40800000000000003,-0.20145000000000002,0.1,0.0,0.323,1.0,0.002054837214896744,20.151069373467152,19.907499499999997,0.24356987346715542,0.0,-0.24356987346715542,0.24356987346715542
Ref-01B-B-0p10mps,0.40900000000000003,-0.20135000000000003,0.1,0.0,0.323,1.0,0.002054837214896744,20.151069373467152,19.907499499999997,0.24356987346715542,0.0,-0.24356987346715542,0.24356987346715542
Ref-01B-B-0p10mps,0.41,-0.20125,0.1,0.0,0.323,1.0,0.002054837214896744,20.151069373467152,19.907499499999997,0.24356987346715542,0.0,-0.24356987346715542,0.24356987346715542
Ref-01B-B-0p10mps,0.41100000000000003,-0.20115000000000002,0.1,0.0,0.323,1.0,0.002054837214896744,20.151069373467152,19.907499499999997,0.24356987346715542,0.0,-0.24356987346715542,0.24356987346715542
Ref-01B-B-0p10mps,0.412,-0.20105,0.1,0.0,0.323,1.0,0.002054837214896744,20.151069373467152,19.907499499999997,0.24356987346715542,0.0,-0.24356987346715542,0.24356987346715542
Ref-01B-B-0p10mps,0.41300000000000003,-0.20095000000000002,0.1,0.0,0.323,1.0,0.002054837214896744,20.151069373467152,19.907499499999997,0.24356987346715542,0.0,-0.24356987346715542,0.24356987346715542
Ref-01B-B-0p10mps,0.41400000000000003,-0.20085000000000003,0.1,0.0,0.323,1.0,0.002054837214896744,20.151069373467152,19.907499499999997,0.24356987346715542,0.0,-0.24356987346715542,0.24356987346715542
Ref-01B-B-0p10mps,0.415,-0.20075,0.1,0.0,0.323,1.0,0.002054837214896744,20.151069373467152,19.907499499999997,0.24356987346715542,0.0,-0.24356987346715542,0.24356987346715542
Ref-01B-B-0p10mps,0.41600000000000004,-0.20065000000000002,0.1,0.0,0.323,1.0,0.002054837214896744,20.151069373467152,19.907499499999997,0.24356987346715542,0.0,-0.24356987346715542,0.24356987346715542
Ref-01B-B-0p10mps,0.417,-0.20055,0.1,0.0,0.323,1.0,0.002054837214896744,20.151069373467152,19.907499499999997,0.24356987346715542,0.0,-0.24356987346715542,0.24356987346715542
Ref-01B-B-0p10mps,0.41800000000000004,-0.20045000000000002,0.1,0.0,0.323,1.0,0.002054837214896744,20.151069373467152,19.907499499999997,0.24356987346715542,0.0,-0.24356987346715542,0.24356987346715542
Ref-01B-B-0p10mps,0.41900000000000004,-0.20035000000000003,0.1,0.0,0.323,1.0,0.002054837214896744,20.151069373467152,19.907499499999997,0.24356987346715542,0.0,-0.24356987346715542,0.24356987346715542
Ref-01B-B-0p10mps,0.42,-0.20025,0.1,0.0,0.323,1.0,0.002054837214896744,20.151069373467152,19.907499499999997,0.24356987346715542,0.0,-0.24356987346715542,0.24356987346715542
Ref-01B-B-0p10mps,0.42100000000000004,-0.20015000000000002,0.1,0.0,0.323,1.0,0.002054837214896744,20.151069373467152,19.907499499999997,0.24356987346715542,0.0,-0.24356987346715542,0.24356987346715542
Ref-01B-B-0p10mps,0.422,-0.20005,0.1,0.0,0.323,1.0,0.002054837214896744,20.151069373467152,19.907499499999997,0.24356987346715542,0.0,-0.24356987346715542,0.24356987346715542
Ref-01B-B-0p10mps,0.42300000000000004,-0.19995000000000002,0.1,0.0,0.323,1.0,0.002054837214896744,20.151069373467152,19.907499499999997,0.24356987346715542,0.0,-0.24356987346715542,0.24356987346715542
Ref-01B-B-0p10mps,0.42400000000000004,-0.19985000000000003,0.1,0.0,0.323,1.0,0.002054837214896744,20.151069373467152,19.907499499999997,0.24356987346715542,0.0,-0.24356987346715542,0.24356987346715542
Ref-01B-B-0p10mps,0.425,-0.19975,0.1,0.0,0.323,1.0,0.002054837214896744,20.151069373467152,19.907499499999997,0.24356987346715542,0.0,-0.24356987346715542,0.24356987346715542
Ref-01B-B-0p10mps,0.426,-0.19965000000000002,0.1,0.0,0.323,1.0,0.002054837214896744,20.151069373467152,19.907499499999997,0.24356987346715542,0.0,-0.24356987346715542,0.24356987346715542
Ref-01B-B-0p10mps,0.427,-0.19955,0.1,0.0,0.323,1.0,0.002054837214896744,20.151069373467152,19.907499499999997,0.24356987346715542,0.0,-0.24356987346715542,0.24356987346715542
Ref-01B-B-0p10mps,0.42800000000000005,-0.19945000000000002,0.1,0.0,0.323,1.0,0.002054837214896744,20.151069373467152,19.907499499999997,0.24356987346715542,0.0,-0.24356987346715542,0.24356987346715542
Ref-01B-B-0p10mps,0.42900000000000005,-0.19935000000000003,0.1,0.0,0.323,1.0,0.002054837214896744,20.151069373467152,19.907499499999997,0.24356987346715542,0.0,-0.24356987346715542,0.24356987346715542
Ref-01B-B-0p10mps,0.43,-0.19925,0.1,0.0,0.323,1.0,0.002054837214896744,20.151069373467152,19.907499499999997,0.24356987346715542,0.0,-0.24356987346715542,0.24356987346715542
Ref-01B-B-0p10mps,0.431,-0.19915000000000002,0.1,0.0,0.323,1.0,0.002054837214896744,20.151069373467152,19.907499499999997,0.24356987346715542,0.0,-0.24356987346715542,0.24356987346715542
Ref-01B-B-0p10mps,0.432,-0.19905,0.1,0.0,0.323,1.0,0.002054837214896744,20.151069373467152,19.907499499999997,0.24356987346715542,0.0,-0.24356987346715542,0.24356987346715542
Ref-01B-B-0p10mps,0.43300000000000005,-0.19895000000000002,0.1,0.0,0.323,1.0,0.002054837214896744,20.151069373467152,19.907499499999997,0.24356987346715542,0.0,-0.24356987346715542,0.24356987346715542
Ref-01B-B-0p10mps,0.43400000000000005,-0.19885000000000003,0.1,0.0,0.323,1.0,0.002054837214896744,20.151069373467152,19.907499499999997,0.24356987346715542,0.0,-0.24356987346715542,0.24356987346715542
Ref-01B-B-0p10mps,0.435,-0.19875,0.1,0.0,0.323,1.0,0.002054837214896744,20.151069373467152,19.907499499999997,0.24356987346715542,0.0,-0.24356987346715542,0.24356987346715542
Ref-01B-B-0p10mps,0.436,-0.19865000000000002,0.1,0.0,0.323,1.0,0.002054837214896744,20.151069373467152,19.907499499999997,0.24356987346715542,0.0,-0.24356987346715542,0.24356987346715542
Ref-01B-B-0p10mps,0.437,-0.19855,0.1,0.0,0.323,1.0,0.002054837214896744,20.151069373467152,19.907499499999997,0.24356987346715542,0.0,-0.24356987346715542,0.24356987346715542
Ref-01B-B-0p10mps,0.43800000000000006,-0.19845000000000002,0.1,0.0,0.323,1.0,0.002054837214896744,20.151069373467152,19.907499499999997,0.24356987346715542,0.0,-0.24356987346715542,0.24356987346715542
Ref-01B-B-0p10mps,0.43900000000000006,-0.19835000000000003,0.1,0.0,0.323,1.0,0.002054837214896744,20.151069373467152,19.907499499999997,0.24356987346715542,0.0,-0.24356987346715542,0.24356987346715542
Ref-01B-B-0p10mps,0.43999999999999995,-0.19825000000000004,0.1,0.0,0.323,1.0,0.002054837214896744,20.151069373467152,19.907499499999997,0.24356987346715542,0.0,-0.24356987346715542,0.24356987346715542
Ref-01B-B-0p10mps,0.441,-0.19815000000000002,0.1,0.0,0.323,1.0,0.002054837214896744,20.151069373467152,19.907499499999997,0.24356987346715542,0.0,-0.24356987346715542,0.24356987346715542
Ref-01B-B-0p10mps,0.442,-0.19805,0.1,0.0,0.323,1.0,0.002054837214896744,20.151069373467152,19.907499499999997,0.24356987346715542,0.0,-0.24356987346715542,0.24356987346715542
Ref-01B-B-0p10mps,0.44300000000000006,-0.19795000000000001,0.1,0.0,0.323,1.0,0.002054837214896744,20.151069373467152,19.907499499999997,0.24356987346715542,0.0,-0.24356987346715542,0.24356987346715542
Ref-01B-B-0p10mps,0.44400000000000006,-0.19785000000000003,0.1,0.0,0.323,1.0,0.002054837214896744,20.151069373467152,19.907499499999997,0.24356987346715542,0.0,-0.24356987346715542,0.24356987346715542
Ref-01B-B-0p10mps,0.44499999999999995,-0.19775000000000004,0.1,0.0,0.323,1.0,0.002054837214896744,20.151069373467152,19.907499499999997,0.24356987346715542,0.0,-0.24356987346715542,0.24356987346715542
Ref-01B-B-0p10mps,0.446,-0.19765000000000002,0.1,0.0,0.323,1.0,0.002054837214896744,20.151069373467152,19.907499499999997,0.24356987346715542,0.0,-0.24356987346715542,0.24356987346715542
Ref-01B-B-0p10mps,0.447,-0.19755,0.1,0.0,0.323,1.0,0.002054837214896744,20.151069373467152,19.907499499999997,0.24356987346715542,0.0,-0.24356987346715542,0.24356987346715542
Ref-01B-B-0p10mps,0.44800000000000006,-0.19745000000000001,0.1,0.0,0.323,1.0,0.002054837214896744,20.151069373467152,19.907499499999997,0.24356987346715542,0.0,-0.24356987346715542,0.24356987346715542
Ref-01B-B-0p10mps,0.44900000000000007,-0.19735000000000003,0.1,0.0,0.323,1.0,0.002054837214896744,20.151069373467152,19.907499499999997,0.24356987346715542,0.0,-0.24356987346715542,0.24356987346715542
Ref-01B-B-0p10mps,0.44999999999999996,-0.19725000000000004,0.1,0.0,0.323,1.0,0.002054837214896744,20.151069373467152,19.907499499999997,0.24356987346715542,0.0,-0.24356987346715542,0.24356987346715542
Ref-01B-B-0p10mps,0.451,-0.19715000000000002,0.1,0.0,0.323,1.0,0.002054837214896744,20.151069373467152,19.907499499999997,0.24356987346715542,0.0,-0.24356987346715542,0.24356987346715542
Ref-01B-B-0p10mps,0.452,-0.19705,0.1,0.0,0.323,1.0,0.002054837214896744,20.151069373467152,19.907499499999997,0.24356987346715542,0.0,-0.24356987346715542,0.24356987346715542
Ref-01B-B-0p10mps,0.45300000000000007,-0.19695000000000001,0.1,0.0,0.323,1.0,0.002054837214896744,20.151069373467152,19.907499499999997,0.24356987346715542,0.0,-0.24356987346715542,0.24356987346715542
Ref-01B-B-0p10mps,0.45400000000000007,-0.19685000000000002,0.1,0.0,0.323,1.0,0.002054837214896744,20.151069373467152,19.907499499999997,0.24356987346715542,0.0,-0.24356987346715542,0.24356987346715542
Ref-01B-B-0p10mps,0.45499999999999996,-0.19675000000000004,0.1,0.0,0.323,1.0,0.002054837214896744,20.151069373467152,19.907499499999997,0.24356987346715542,0.0,-0.24356987346715542,0.24356987346715542
Ref-01B-B-0p10mps,0.456,-0.19665000000000002,0.1,0.0,0.323,1.0,0.002054837214896744,20.151069373467152,19.907499499999997,0.24356987346715542,0.0,-0.24356987346715542,0.24356987346715542
Ref-01B-B-0p10mps,0.457,-0.19655,0.1,0.0,0.323,1.0,0.002054837214896744,20.151069373467152,19.907499499999997,0.24356987346715542,0.0,-0.24356987346715542,0.24356987346715542
Ref-01B-B-0p10mps,0.4580000000000001,-0.19645,0.1,0.0,0.323,1.0,0.002054837214896744,20.151069373467152,19.907499499999997,0.24356987346715542,0.0,-0.24356987346715542,0.24356987346715542
Ref-01B-B-0p10mps,0.459,-0.19635000000000002,0.1,0.0,0.323,1.0,0.002054837214896744,20.151069373467152,19.907499499999997,0.24356987346715542,0.0,-0.24356987346715542,0.24356987346715542
Ref-01B-B-0p10mps,0.45999999999999996,-0.19625000000000004,0.1,0.0,0.323,1.0,0.002054837214896744,20.151069373467152,19.907499499999997,0.24356987346715542,0.0,-0.24356987346715542,0.24356987346715542
Ref-01B-B-0p10mps,0.461,-0.19615000000000002,0.1,0.0,0.323,1.0,0.002054837214896744,20.151069373467152,19.907499499999997,0.24356987346715542,0.0,-0.24356987346715542,0.24356987346715542
Ref-01B-B-0p10mps,0.462,-0.19605,0.1,0.0,0.323,1.0,0.002054837214896744,20.151069373467152,19.907499499999997,0.24356987346715542,0.0,-0.24356987346715542,0.24356987346715542
Ref-01B-B-0p10mps,0.4630000000000001,-0.19595,0.1,0.0,0.323,1.0,0.002054837214896744,20.151069373467152,19.907499499999997,0.24356987346715542,0.0,-0.24356987346715542,0.24356987346715542
Ref-01B-B-0p10mps,0.464,-0.19585000000000002,0.1,0.0,0.323,1.0,0.002054837214896744,20.151069373467152,19.907499499999997,0.24356987346715542,0.0,-0.24356987346715542,0.24356987346715542
Ref-01B-B-0p10mps,0.46499999999999997,-0.19575000000000004,0.1,0.0,0.323,1.0,0.002054837214896744,20.151069373467152,19.907499499999997,0.24356987346715542,0.0,-0.24356987346715542,0.24356987346715542
Ref-01B-B-0p10mps,0.466,-0.19565000000000002,0.1,0.0,0.323,1.0,0.002054837214896744,20.151069373467152,19.907499499999997,0.24356987346715542,0.0,-0.24356987346715542,0.24356987346715542
Ref-01B-B-0p10mps,0.467,-0.19555,0.1,0.0,0.323,1.0,0.002054837214896744,20.151069373467152,19.907499499999997,0.24356987346715542,0.0,-0.24356987346715542,0.24356987346715542
Ref-01B-B-0p10mps,0.4680000000000001,-0.19545,0.1,0.0,0.323,1.0,0.002054837214896744,20.151069373467152,19.907499499999997,0.24356987346715542,0.0,-0.24356987346715542,0.24356987346715542
Ref-01B-B-0p10mps,0.46900000000000003,-0.19535000000000002,0.1,0.0,0.323,1.0,0.002054837214896744,20.151069373467152,19.907499499999997,0.24356987346715542,0.0,-0.24356987346715542,0.24356987346715542
Ref-01B-B-0p10mps,0.47,-0.19525000000000003,0.1,0.0,0.323,1.0,0.002054837214896744,20.151069373467152,19.907499499999997,0.24356987346715542,0.0,-0.24356987346715542,0.24356987346715542
Ref-01B-B-0p10mps,0.47100000000000003,-0.19515000000000002,0.1,0.0,0.323,1.0,0.002054837214896744,20.151069373467152,19.907499499999997,0.24356987346715542,0.0,-0.24356987346715542,0.24356987346715542
Ref-01B-B-0p10mps,0.47200000000000003,-0.19505,0.1,0.0,0.323,1.0,0.002054837214896744,20.151069373467152,19.907499499999997,0.24356987346715542,0.0,-0.24356987346715542,0.24356987346715542
Ref-01B-B-0p10mps,0.4730000000000001,-0.19495,0.1,0.0,0.323,1.0,0.002054837214896744,20.151069373467152,19.907499499999997,0.24356987346715542,0.0,-0.24356987346715542,0.24356987346715542
Ref-01B-B-0p10mps,0.47400000000000003,-0.19485000000000002,0.1,0.0,0.323,1.0,0.002054837214896744,20.151069373467152,19.907499499999997,0.24356987346715542,0.0,-0.24356987346715542,0.24356987346715542
Ref-01B-B-0p10mps,0.475,-0.19475000000000003,0.1,0.0,0.323,1.0,0.002054837214896744,20.151069373467152,19.907499499999997,0.24356987346715542,0.0,-0.24356987346715542,0.24356987346715542
Ref-01B-B-0p10mps,0.47600000000000003,-0.19465000000000002,0.1,0.0,0.323,1.0,0.002054837214896744,20.151069373467152,19.907499499999997,0.24356987346715542,0.0,-0.24356987346715542,0.24356987346715542
Ref-01B-B-0p10mps,0.47700000000000004,-0.19455,0.1,0.0,0.323,1.0,0.002054837214896744,20.151069373467152,19.907499499999997,0.24356987346715542,0.0,-0.24356987346715542,0.24356987346715542
Ref-01B-B-0p10mps,0.478,-0.19445,0.1,0.0,0.323,1.0,0.002054837214896744,20.151069373467152,19.907499499999997,0.24356987346715542,0.0,-0.24356987346715542,0.24356987346715542
Ref-01B-B-0p10mps,0.47900000000000004,-0.19435000000000002,0.1,0.0,0.323,1.0,0.002054837214896744,20.151069373467152,19.907499499999997,0.24356987346715542,0.0,-0.24356987346715542,0.24356987346715542
Ref-01B-B-0p10mps,0.48,-0.19425000000000003,0.1,0.0,0.323,1.0,0.002054837214896744,20.151069373467152,19.907499499999997,0.24356987346715542,0.0,-0.24356987346715542,0.24356987346715542
Ref-01B-B-0p10mps,0.48100000000000004,-0.19415000000000002,0.1,0.0,0.323,1.0,0.002054837214896744,20.151069373467152,19.907499499999997,0.24356987346715542,0.0,-0.24356987346715542,0.24356987346715542
Ref-01B-B-0p10mps,0.48200000000000004,-0.19405,0.1,0.0,0.323,1.0,0.002054837214896744,20.151069373467152,19.907499499999997,0.24356987346715542,0.0,-0.24356987346715542,0.24356987346715542
Ref-01B-B-0p10mps,0.483,-0.19395,0.1,0.0,0.323,1.0,0.002054837214896744,20.151069373467152,19.907499499999997,0.24356987346715542,0.0,-0.24356987346715542,0.24356987346715542
Ref-01B-B-0p10mps,0.48400000000000004,-0.19385000000000002,0.1,0.0,0.323,1.0,0.002054837214896744,20.151069373467152,19.907499499999997,0.24356987346715542,0.0,-0.24356987346715542,0.24356987346715542
Ref-01B-B-0p10mps,0.485,-0.19375000000000003,0.1,0.0,0.323,1.0,0.002054837214896744,20.151069373467152,19.907499499999997,0.24356987346715542,0.0,-0.24356987346715542,0.24356987346715542
Ref-01B-B-0p10mps,0.48600000000000004,-0.19365000000000002,0.1,0.0,0.323,1.0,0.002054837214896744,20.151069373467152,19.907499499999997,0.24356987346715542,0.0,-0.24356987346715542,0.24356987346715542
Ref-01B-B-0p10mps,0.48700000000000004,-0.19355,0.1,0.0,0.323,1.0,0.002054837214896744,20.151069373467152,19.907499499999997,0.24356987346715542,0.0,-0.24356987346715542,0.24356987346715542
Ref-01B-B-0p10mps,0.488,-0.19345,0.1,0.0,0.323,1.0,0.002054837214896744,20.151069373467152,19.907499499999997,0.24356987346715542,0.0,-0.24356987346715542,0.24356987346715542
Ref-01B-B-0p10mps,0.48900000000000005,-0.19335000000000002,0.1,0.0,0.323,1.0,0.002054837214896744,20.151069373467152,19.907499499999997,0.24356987346715542,0.0,-0.24356987346715542,0.24356987346715542
Ref-01B-B-0p10mps,0.49,-0.19325000000000003,0.1,0.0,0.323,1.0,0.002054837214896744,20.151069373467152,19.907499499999997,0.24356987346715542,0.0,-0.24356987346715542,0.24356987346715542
Ref-01B-B-0p10mps,0.49100000000000005,-0.19315000000000002,0.1,0.0,0.323,1.0,0.002054837214896744,20.151069373467152,19.907499499999997,0.24356987346715542,0.0,-0.24356987346715542,0.24356987346715542
Ref-01B-B-0p10mps,0.492,-0.19305000000000003,0.1,0.0,0.323,1.0,0.002054837214896744,20.151069373467152,19.907499499999997,0.24356987346715542,0.0,-0.24356987346715542,0.24356987346715542
Ref-01B-B-0p10mps,0.493,-0.19295,0.1,0.0,0.323,1.0,0.002054837214896744,20.151069373467152,19.907499499999997,0.24356987346715542,0.0,-0.24356987346715542,0.24356987346715542
Ref-01B-B-0p10mps,0.49400000000000005,-0.19285000000000002,0.1,0.0,0.323,1.0,0.002054837214896744,20.151069373467152,19.907499499999997,0.24356987346715542,0.0,-0.24356987346715542,0.24356987346715542
Ref-01B-B-0p10mps,0.495,-0.19275000000000003,0.1,0.0,0.323,1.0,0.002054837214896744,20.151069373467152,19.907499499999997,0.24356987346715542,0.0,-0.24356987346715542,0.24356987346715542
Ref-01B-B-0p10mps,0.49600000000000005,-0.19265000000000002,0.1,0.0,0.323,1.0,0.002054837214896744,20.151069373467152,19.907499499999997,0.24356987346715542,0.0,-0.24356987346715542,0.24356987346715542
Ref-01B-B-0p10mps,0.497,-0.19255000000000003,0.1,0.0,0.323,1.0,0.002054837214896744,20.151069373467152,19.907499499999997,0.24356987346715542,0.0,-0.24356987346715542,0.24356987346715542
Ref-01B-B-0p10mps,0.498,-0.19245,0.1,0.0,0.323,1.0,0.002054837214896744,20.151069373467152,19.907499499999997,0.24356987346715542,0.0,-0.24356987346715542,0.24356987346715542
Ref-01B-B-0p10mps,0.49900000000000005,-0.19235000000000002,0.1,0.0,0.323,1.0,0.002054837214896744,20.151069373467152,19.907499499999997,0.24356987346715542,0.0,-0.24356987346715542,0.24356987346715542
Ref-01B-B-0p10mps,0.5,-0.19225000000000003,0.1,0.0,0.323,1.0,0.002054837214896744,20.151069373467152,19.907499499999997,0.24356987346715542,0.0,-0.24356987346715542,0.24356987346715542
Ref-01B-B-0p10mps,0.501,-0.19215000000000002,0.1,0.0,0.323,1.0,0.002054837214896744,20.151069373467152,19.907499499999997,0.24356987346715542,0.0,-0.24356987346715542,0.24356987346715542
Ref-01B-B-0p10mps,0.502,-0.19205000000000003,0.1,0.0,0.323,1.0,0.002054837214896744,20.151069373467152,19.907499499999997,0.24356987346715542,0.0,-0.24356987346715542,0.24356987346715542
Ref-01B-B-0p10mps,0.503,-0.19195,0.1,0.0,0.323,1.0,0.002054837214896744,20.151069373467152,19.907499499999997,0.24356987346715542,0.0,-0.24356987346715542,0.24356987346715542
Ref-01B-B-0p10mps,0.504,-0.19185000000000002,0.1,0.0,0.323,1.0,0.002054837214896744,20.151069373467152,19.907499499999997,0.24356987346715542,0.0,-0.24356987346715542,0.24356987346715542
Ref-01B-B-0p10mps,0.505,-0.19175000000000003,0.1,0.0,0.323,1.0,0.002054837214896744,20.151069373467152,19.907499499999997,0.24356987346715542,0.0,-0.24356987346715542,0.24356987346715542
Ref-01B-B-0p10mps,0.506,-0.19165000000000001,0.1,0.0,0.323,1.0,0.002054837214896744,20.151069373467152,19.907499499999997,0.24356987346715542,0.0,-0.24356987346715542,0.24356987346715542
Ref-01B-B-0p10mps,0.507,-0.19155000000000003,0.1,0.0,0.323,1.0,0.002054837214896744,20.151069373467152,19.907499499999997,0.24356987346715542,0.0,-0.24356987346715542,0.24356987346715542
Ref-01B-B-0p10mps,0.508,-0.19145,0.1,0.0,0.323,1.0,0.002054837214896744,20.151069373467152,19.907499499999997,0.24356987346715542,0.0,-0.24356987346715542,0.24356987346715542
Ref-01B-B-0p10mps,0.509,-0.19135000000000002,0.1,0.0,0.323,1.0,0.002054837214896744,20.151069373467152,19.907499499999997,0.24356987346715542,0.0,-0.24356987346715542,0.24356987346715542
Ref-01B-B-0p10mps,0.51,-0.19125000000000003,0.1,0.0,0.323,1.0,0.002054837214896744,20.151069373467152,19.907499499999997,0.24356987346715542,0.0,-0.24356987346715542,0.24356987346715542
Ref-01B-B-0p10mps,0.511,-0.19115000000000001,0.1,0.0,0.323,1.0,0.002054837214896744,20.151069373467152,19.907499499999997,0.24356987346715542,0.0,-0.24356987346715542,0.24356987346715542
Ref-01B-B-0p10mps,0.512,-0.19105000000000003,0.1,0.0,0.323,1.0,0.002054837214896744,20.151069373467152,19.907499499999997,0.24356987346715542,0.0,-0.24356987346715542,0.24356987346715542
Ref-01B-B-0p10mps,0.513,-0.19095,0.1,0.0,0.323,1.0,0.002054837214896744,20.151069373467152,19.907499499999997,0.24356987346715542,0.0,-0.24356987346715542,0.24356987346715542
Ref-01B-B-0p10mps,0.514,-0.19085000000000002,0.1,0.0,0.323,1.0,0.002054837214896744,20.151069373467152,19.907499499999997,0.24356987346715542,0.0,-0.24356987346715542,0.24356987346715542
Ref-01B-B-0p10mps,0.515,-0.19075000000000003,0.1,0.0,0.323,1.0,0.002054837214896744,20.151069373467152,19.907499499999997,0.24356987346715542,0.0,-0.24356987346715542,0.24356987346715542
Ref-01B-B-0p10mps,0.516,-0.19065000000000001,0.1,0.0,0.323,1.0,0.002054837214896744,20.151069373467152,19.907499499999997,0.24356987346715542,0.0,-0.24356987346715542,0.24356987346715542
Ref-01B-B-0p10mps,0.517,-0.19055000000000002,0.1,0.0,0.323,1.0,0.002054837214896744,20.151069373467152,19.907499499999997,0.24356987346715542,0.0,-0.24356987346715542,0.24356987346715542
Ref-01B-B-0p10mps,0.518,-0.19045,0.1,0.0,0.323,1.0,0.002054837214896744,20.151069373467152,19.907499499999997,0.24356987346715542,0.0,-0.24356987346715542,0.24356987346715542
Ref-01B-B-0p10mps,0.519,-0.19035000000000002,0.1,0.0,0.323,1.0,0.002054837214896744,20.151069373467152,19.907499499999997,0.24356987346715542,0.0,-0.24356987346715542,0.24356987346715542
Ref-01B-B-0p10mps,0.52,-0.19025000000000003,0.1,0.0,0.323,1.0,0.002054837214896744,20.151069373467152,19.907499499999997,0.24356987346715542,0.0,-0.24356987346715542,0.24356987346715542
Ref-01B-B-0p10mps,0.521,-0.19015,0.1,0.0,0.323,1.0,0.002054837214896744,20.151069373467152,19.907499499999997,0.24356987346715542,0.0,-0.24356987346715542,0.24356987346715542
Ref-01B-B-0p10mps,0.522,-0.19005000000000002,0.1,0.0,0.323,1.0,0.002054837214896744,20.151069373467152,19.907499499999997,0.24356987346715542,0.0,-0.24356987346715542,0.24356987346715542
Ref-01B-B-0p10mps,0.523,-0.18995,0.1,0.0,0.323,1.0,0.002054837214896744,20.151069373467152,19.907499499999997,0.24356987346715542,0.0,-0.24356987346715542,0.24356987346715542
Ref-01B-B-0p10mps,0.524,-0.18985000000000002,0.1,0.0,0.323,1.0,0.002054837214896744,20.151069373467152,19.907499499999997,0.24356987346715542,0.0,-0.24356987346715542,0.24356987346715542
Ref-01B-B-0p10mps,0.5249999999999999,-0.18975000000000003,0.1,0.0,0.323,1.0,0.002054837214896744,20.151069373467152,19.907499499999997,0.24356987346715542,0.0,-0.24356987346715542,0.24356987346715542
Ref-01B-B-0p10mps,0.526,-0.18965,0.1,0.0,0.323,1.0,0.002054837214896744,20.151069373467152,19.907499499999997,0.24356987346715542,0.0,-0.24356987346715542,0.24356987346715542
Ref-01B-B-0p10mps,0.527,-0.18955000000000002,0.1,0.0,0.323,1.0,0.002054837214896744,20.151069373467152,19.907499499999997,0.24356987346715542,0.0,-0.24356987346715542,0.24356987346715542
Ref-01B-B-0p10mps,0.528,-0.18945,0.1,0.0,0.323,1.0,0.002054837214896744,20.151069373467152,19.907499499999997,0.24356987346715542,0.0,-0.24356987346715542,0.24356987346715542
Ref-01B-B-0p10mps,0.529,-0.18935000000000002,0.1,0.0,0.323,1.0,0.002054837214896744,20.151069373467152,19.907499499999997,0.24356987346715542,0.0,-0.24356987346715542,0.24356987346715542
Ref-01B-B-0p10mps,0.5299999999999999,-0.18925000000000003,0.1,0.0,0.323,1.0,0.002054837214896744,20.151069373467152,19.907499499999997,0.24356987346715542,0.0,-0.24356987346715542,0.24356987346715542
Ref-01B-B-0p10mps,0.531,-0.18915,0.1,0.0,0.323,1.0,0.002054837214896744,20.151069373467152,19.907499499999997,0.24356987346715542,0.0,-0.24356987346715542,0.24356987346715542
Ref-01B-B-0p10mps,0.532,-0.18905000000000002,0.1,0.0,0.323,1.0,0.002054837214896744,20.151069373467152,19.907499499999997,0.24356987346715542,0.0,-0.24356987346715542,0.24356987346715542
Ref-01B-B-0p10mps,0.533,-0.18895,0.1,0.0,0.323,1.0,0.002054837214896744,20.151069373467152,19.907499499999997,0.24356987346715542,0.0,-0.24356987346715542,0.24356987346715542
Ref-01B-B-0p10mps,0.534,-0.18885000000000002,0.1,0.0,0.323,1.0,0.002054837214896744,20.151069373467152,19.907499499999997,0.24356987346715542,0.0,-0.24356987346715542,0.24356987346715542
Ref-01B-B-0p10mps,0.5349999999999999,-0.18875000000000003,0.1,0.0,0.323,1.0,0.002054837214896744,20.151069373467152,19.907499499999997,0.24356987346715542,0.0,-0.24356987346715542,0.24356987346715542
Ref-01B-B-0p10mps,0.536,-0.18865,0.1,0.0,0.323,1.0,0.002054837214896744,20.151069373467152,19.907499499999997,0.24356987346715542,0.0,-0.24356987346715542,0.24356987346715542
Ref-01B-B-0p10mps,0.537,-0.18855000000000002,0.1,0.0,0.323,1.0,0.002054837214896744,20.151069373467152,19.907499499999997,0.24356987346715542,0.0,-0.24356987346715542,0.24356987346715542
Ref-01B-B-0p10mps,0.538,-0.18845,0.1,0.0,0.323,1.0,0.002054837214896744,20.151069373467152,19.907499499999997,0.24356987346715542,0.0,-0.24356987346715542,0.24356987346715542
Ref-01B-B-0p10mps,0.539,-0.18835000000000002,0.1,0.0,0.323,1.0,0.002054837214896744,20.151069373467152,19.907499499999997,0.24356987346715542,0.0,-0.24356987346715542,0.24356987346715542
Ref-01B-B-0p10mps,0.5399999999999999,-0.18825000000000003,0.1,0.0,0.323,1.0,0.002054837214896744,20.151069373467152,19.907499499999997,0.24356987346715542,0.0,-0.24356987346715542,0.24356987346715542
Ref-01B-B-0p10mps,0.541,-0.18815,0.1,0.0,0.323,1.0,0.002054837214896744,20.151069373467152,19.907499499999997,0.24356987346715542,0.0,-0.24356987346715542,0.24356987346715542
Ref-01B-B-0p10mps,0.542,-0.18805000000000002,0.1,0.0,0.323,1.0,0.002054837214896744,20.151069373467152,19.907499499999997,0.24356987346715542,0.0,-0.24356987346715542,0.24356987346715542
Ref-01B-B-0p10mps,0.543,-0.18795,0.1,0.0,0.323,1.0,0.002054837214896744,20.151069373467152,19.907499499999997,0.24356987346715542,0.0,-0.24356987346715542,0.24356987346715542
Ref-01B-B-0p10mps,0.544,-0.18785000000000002,0.1,0.0,0.323,1.0,0.002054837214896744,20.151069373467152,19.907499499999997,0.24356987346715542,0.0,-0.24356987346715542,0.24356987346715542
Ref-01B-B-0p10mps,0.5449999999999999,-0.18775000000000003,0.1,0.0,0.323,1.0,0.002054837214896744,20.151069373467152,19.907499499999997,0.24356987346715542,0.0,-0.24356987346715542,0.24356987346715542
Ref-01B-B-0p10mps,0.546,-0.18765,0.1,0.0,0.323,1.0,0.002054837214896744,20.151069373467152,19.907499499999997,0.24356987346715542,0.0,-0.24356987346715542,0.24356987346715542
Ref-01B-B-0p10mps,0.547,-0.18755000000000002,0.1,0.0,0.323,1.0,0.002054837214896744,20.151069373467152,19.907499499999997,0.24356987346715542,0.0,-0.24356987346715542,0.24356987346715542
Ref-01B-B-0p10mps,0.548,-0.18745,0.1,0.0,0.323,1.0,0.002054837214896744,20.151069373467152,19.907499499999997,0.24356987346715542,0.0,-0.24356987346715542,0.24356987346715542
Ref-01B-B-0p10mps,0.549,-0.18735000000000002,0.1,0.0,0.323,1.0,0.002054837214896744,20.151069373467152,19.907499499999997,0.24356987346715542,0.0,-0.24356987346715542,0.24356987346715542
Ref-01B-B-0p10mps,0.5499999999999999,-0.18725000000000003,0.1,0.0,0.323,1.0,0.002054837214896744,20.151069373467152,19.907499499999997,0.24356987346715542,0.0,-0.24356987346715542,0.24356987346715542
Ref-01B-B-0p10mps,0.551,-0.18715,0.1,0.0,0.323,1.0,0.002054837214896744,20.151069373467152,19.907499499999997,0.24356987346715542,0.0,-0.24356987346715542,0.24356987346715542
Ref-01B-B-0p10mps,0.552,-0.18705000000000002,0.1,0.0,0.323,1.0,0.002054837214896744,20.151069373467152,19.907499499999997,0.24356987346715542,0.0,-0.24356987346715542,0.24356987346715542
Ref-01B-B-0p10mps,0.553,-0.18695,0.1,0.0,0.323,1.0,0.002054837214896744,20.151069373467152,19.907499499999997,0.24356987346715542,0.0,-0.24356987346715542,0.24356987346715542
Ref-01B-B-0p10mps,0.554,-0.18685000000000002,0.1,0.0,0.323,1.0,0.002054837214896744,20.151069373467152,19.907499499999997,0.24356987346715542,0.0,-0.24356987346715542,0.24356987346715542
Ref-01B-B-0p10mps,0.5549999999999999,-0.18675000000000003,0.1,0.0,0.323,1.0,0.002054837214896744,20.151069373467152,19.907499499999997,0.24356987346715542,0.0,-0.24356987346715542,0.24356987346715542
Ref-01B-B-0p10mps,0.556,-0.18665,0.1,0.0,0.323,1.0,0.002054837214896744,20.151069373467152,19.907499499999997,0.24356987346715542,0.0,-0.24356987346715542,0.24356987346715542
Ref-01B-B-0p10mps,0.557,-0.18655000000000002,0.1,0.0,0.323,1.0,0.002054837214896744,20.151069373467152,19.907499499999997,0.24356987346715542,0.0,-0.24356987346715542,0.24356987346715542
Ref-01B-B-0p10mps,0.5579999999999999,-0.18645,0.1,0.0,0.323,1.0,0.002054837214896744,20.151069373467152,19.907499499999997,0.24356987346715542,0.0,-0.24356987346715542,0.24356987346715542
Ref-01B-B-0p10mps,0.559,-0.18635000000000002,0.1,0.0,0.323,1.0,0.002054837214896744,20.151069373467152,19.907499499999997,0.24356987346715542,0.0,-0.24356987346715542,0.24356987346715542
Ref-01B-B-0p10mps,0.5599999999999999,-0.18625000000000003,0.1,0.0,0.323,1.0,0.002054837214896744,20.151069373467152,19.907499499999997,0.24356987346715542,0.0,-0.24356987346715542,0.24356987346715542
Ref-01B-B-0p10mps,0.561,-0.18615,0.1,0.0,0.323,1.0,0.002054837214896744,20.151069373467152,19.907499499999997,0.24356987346715542,0.0,-0.24356987346715542,0.24356987346715542
Ref-01B-B-0p10mps,0.562,-0.18605000000000002,0.1,0.0,0.323,1.0,0.002054837214896744,20.151069373467152,19.907499499999997,0.24356987346715542,0.0,-0.24356987346715542,0.24356987346715542
Ref-01B-B-0p10mps,0.563,-0.18595,0.1,0.0,0.323,1.0,0.002054837214896744,20.151069373467152,19.907499499999997,0.24356987346715542,0.0,-0.24356987346715542,0.24356987346715542
Ref-01B-B-0p10mps,0.5640000000000001,-0.18585000000000002,0.1,0.0,0.323,1.0,0.002054837214896744,20.151069373467152,19.907499499999997,0.24356987346715542,0.0,-0.24356987346715542,0.24356987346715542
Ref-01B-B-0p10mps,0.565,-0.18575000000000003,0.1,0.0,0.323,1.0,0.002054837214896744,20.151069373467152,19.907499499999997,0.24356987346715542,0.0,-0.24356987346715542,0.24356987346715542
Ref-01B-B-0p10mps,0.5660000000000001,-0.18565,0.1,0.0,0.323,1.0,0.002054837214896744,20.151069373467152,19.907499499999997,0.24356987346715542,0.0,-0.24356987346715542,0.24356987346715542
Ref-01B-B-0p10mps,0.5670000000000001,-0.18555000000000002,0.1,0.0,0.323,1.0,0.002054837214896744,20.151069373467152,19.907499499999997,0.24356987346715542,0.0,-0.24356987346715542,0.24356987346715542
Ref-01B-B-0p10mps,0.568,-0.18545,0.1,0.0,0.323,1.0,0.002054837214896744,20.151069373467152,19.907499499999997,0.24356987346715542,0.0,-0.24356987346715542,0.24356987346715542
Ref-01B-B-0p10mps,0.5690000000000001,-0.18535000000000001,0.1,0.0,0.323,1.0,0.002054837214896744,20.151069373467152,19.907499499999997,0.24356987346715542,0.0,-0.24356987346715542,0.24356987346715542
Ref-01B-B-0p10mps,0.57,-0.18525000000000003,0.1,0.0,0.323,1.0,0.002054837214896744,20.151069373467152,19.907499499999997,0.24356987346715542,0.0,-0.24356987346715542,0.24356987346715542
Ref-01B-B-0p10mps,0.5710000000000001,-0.18515,0.1,0.0,0.323,1.0,0.002054837214896744,20.151069373467152,19.907499499999997,0.24356987346715542,0.0,-0.24356987346715542,0.24356987346715542
Ref-01B-B-0p10mps,0.572,-0.18505000000000002,0.1,0.0,0.323,1.0,0.002054837214896744,20.151069373467152,19.907499499999997,0.24356987346715542,0.0,-0.24356987346715542,0.24356987346715542
Ref-01B-B-0p10mps,0.573,-0.18495,0.1,0.0,0.323,1.0,0.002054837214896744,20.151069373467152,19.907499499999997,0.24356987346715542,0.0,-0.24356987346715542,0.24356987346715542
Ref-01B-B-0p10mps,0.5740000000000001,-0.18485000000000001,0.1,0.0,0.323,1.0,0.002054837214896744,20.151069373467152,19.907499499999997,0.24356987346715542,0.0,-0.24356987346715542,0.24356987346715542
Ref-01B-B-0p10mps,0.575,-0.18475000000000003,0.1,0.0,0.323,1.0,0.002054837214896744,20.151069373467152,19.907499499999997,0.24356987346715542,0.0,-0.24356987346715542,0.24356987346715542
Ref-01B-B-0p10mps,0.5760000000000001,-0.18465,0.1,0.0,0.323,1.0,0.002054837214896744,20.151069373467152,19.907499499999997,0.24356987346715542,0.0,-0.24356987346715542,0.24356987346715542
Ref-01B-B-0p10mps,0.577,-0.18455000000000002,0.1,0.0,0.323,1.0,0.002054837214896744,20.151069373467152,19.907499499999997,0.24356987346715542,0.0,-0.24356987346715542,0.24356987346715542
Ref-01B-B-0p10mps,0.578,-0.18445,0.1,0.0,0.323,1.0,0.002054837214896744,20.151069373467152,19.907499499999997,0.24356987346715542,0.0,-0.24356987346715542,0.24356987346715542
Ref-01B-B-0p10mps,0.5790000000000001,-0.18435,0.1,0.0,0.323,1.0,0.002054837214896744,20.151069373467152,19.907499499999997,0.24356987346715542,0.0,-0.24356987346715542,0.24356987346715542
Ref-01B-B-0p10mps,0.58,-0.18425000000000002,0.1,0.0,0.323,1.0,0.002054837214896744,20.151069373467152,19.907499499999997,0.24356987346715542,0.0,-0.24356987346715542,0.24356987346715542
Ref-01B-B-0p10mps,0.5810000000000001,-0.18415,0.1,0.0,0.323,1.0,0.002054837214896744,20.151069373467152,19.907499499999997,0.24356987346715542,0.0,-0.24356987346715542,0.24356987346715542
Ref-01B-B-0p10mps,0.582,-0.18405000000000002,0.1,0.0,0.323,1.0,0.002054837214896744,20.151069373467152,19.907499499999997,0.24356987346715542,0.0,-0.24356987346715542,0.24356987346715542
Ref-01B-B-0p10mps,0.583,-0.18395,0.1,0.0,0.323,1.0,0.002054837214896744,20.151069373467152,19.907499499999997,0.24356987346715542,0.0,-0.24356987346715542,0.24356987346715542
Ref-01B-B-0p10mps,0.5840000000000001,-0.18385,0.1,0.0,0.323,1.0,0.002054837214896744,20.151069373467152,19.907499499999997,0.24356987346715542,0.0,-0.24356987346715542,0.24356987346715542
Ref-01B-B-0p10mps,0.585,-0.18375000000000002,0.1,0.0,0.323,1.0,0.002054837214896744,20.151069373467152,19.907499499999997,0.24356987346715542,0.0,-0.24356987346715542,0.24356987346715542
Ref-01B-B-0p10mps,0.586,-0.18365000000000004,0.1,0.0,0.323,1.0,0.002054837214896744,20.151069373467152,19.907499499999997,0.24356987346715542,0.0,-0.24356987346715542,0.24356987346715542
Ref-01B-B-0p10mps,0.587,-0.18355000000000002,0.1,0.0,0.323,1.0,0.002054837214896744,20.151069373467152,19.907499499999997,0.24356987346715542,0.0,-0.24356987346715542,0.24356987346715542
Ref-01B-B-0p10mps,0.588,-0.18345,0.1,0.0,0.323,1.0,0.002054837214896744,20.151069373467152,19.907499499999997,0.24356987346715542,0.0,-0.24356987346715542,0.24356987346715542
Ref-01B-B-0p10mps,0.5890000000000001,-0.18335,0.1,0.0,0.323,1.0,0.002054837214896744,20.151069373467152,19.907499499999997,0.24356987346715542,0.0,-0.24356987346715542,0.24356987346715542
Ref-01B-B-0p10mps,0.59,-0.18325000000000002,0.1,0.0,0.323,1.0,0.002054837214896744,20.151069373467152,19.907499499999997,0.24356987346715542,0.0,-0.24356987346715542,0.24356987346715542
Ref-01B-B-0p10mps,0.591,-0.18315000000000003,0.1,0.0,0.323,1.0,0.002054837214896744,20.151069373467152,19.907499499999997,0.24356987346715542,0.0,-0.24356987346715542,0.24356987346715542
Ref-01B-B-0p10mps,0.592,-0.18305000000000002,0.1,0.0,0.323,1.0,0.002054837214896744,20.151069373467152,19.907499499999997,0.24356987346715542,0.0,-0.24356987346715542,0.24356987346715542
Ref-01B-B-0p10mps,0.593,-0.18295,0.1,0.0,0.323,1.0,0.002054837214896744,20.151069373467152,19.907499499999997,0.24356987346715542,0.0,-0.24356987346715542,0.24356987346715542
Ref-01B-B-0p10mps,0.5940000000000001,-0.18285,0.1,0.0,0.323,1.0,0.002054837214896744,20.151069373467152,19.907499499999997,0.24356987346715542,0.0,-0.24356987346715542,0.24356987346715542
Ref-01B-B-0p10mps,0.595,-0.18275000000000002,0.1,0.0,0.323,1.0,0.002054837214896744,20.151069373467152,19.907499499999997,0.24356987346715542,0.0,-0.24356987346715542,0.24356987346715542
Ref-01B-B-0p10mps,0.596,-0.18265000000000003,0.1,0.0,0.323,1.0,0.002054837214896744,20.151069373467152,19.907499499999997,0.24356987346715542,0.0,-0.24356987346715542,0.24356987346715542
Ref-01B-B-0p10mps,0.597,-0.18255000000000002,0.1,0.0,0.323,1.0,0.002054837214896744,20.151069373467152,19.907499499999997,0.24356987346715542,0.0,-0.24356987346715542,0.24356987346715542
Ref-01B-B-0p10mps,0.598,-0.18245,0.1,0.0,0.323,1.0,0.002054837214896744,20.151069373467152,19.907499499999997,0.24356987346715542,0.0,-0.24356987346715542,0.24356987346715542
Ref-01B-B-0p10mps,0.5990000000000001,-0.18235,0.1,0.0,0.323,1.0,0.002054837214896744,20.151069373467152,19.907499499999997,0.24356987346715542,0.0,-0.24356987346715542,0.24356987346715542
Ref-01B-B-0p10mps,0.6,-0.18225000000000002,0.1,0.0,0.323,1.0,0.002054837214896744,20.151069373467152,19.907499499999997,0.24356987346715542,0.0,-0.24356987346715542,0.24356987346715542
Ref-01B-B-0p10mps,0.601,-0.18215000000000003,0.1,0.0,0.323,1.0,0.002054837214896744,20.151069373467152,19.907499499999997,0.24356987346715542,0.0,-0.24356987346715542,0.24356987346715542
Ref-01B-B-0p10mps,0.602,-0.18205000000000002,0.1,0.0,0.323,1.0,0.002054837214896744,20.151069373467152,19.907499499999997,0.24356987346715542,0.0,-0.24356987346715542,0.24356987346715542
Ref-01B-B-0p10mps,0.603,-0.18195,0.1,0.0,0.323,1.0,0.002054837214896744,20.151069373467152,19.907499499999997,0.24356987346715542,0.0,-0.24356987346715542,0.24356987346715542
Ref-01B-B-0p10mps,0.6040000000000001,-0.18185,0.1,0.0,0.323,1.0,0.002054837214896744,20.151069373467152,19.907499499999997,0.24356987346715542,0.0,-0.24356987346715542,0.24356987346715542
Ref-01B-B-0p10mps,0.605,-0.18175000000000002,0.1,0.0,0.323,1.0,0.002054837214896744,20.151069373467152,19.907499499999997,0.24356987346715542,0.0,-0.24356987346715542,0.24356987346715542
Ref-01B-B-0p10mps,0.606,-0.18165000000000003,0.1,0.0,0.323,1.0,0.002054837214896744,20.151069373467152,19.907499499999997,0.24356987346715542,0.0,-0.24356987346715542,0.24356987346715542
Ref-01B-B-0p10mps,0.607,-0.18155000000000002,0.1,0.0,0.323,1.0,0.002054837214896744,20.151069373467152,19.907499499999997,0.24356987346715542,0.0,-0.24356987346715542,0.24356987346715542
Ref-01B-B-0p10mps,0.608,-0.18145,0.1,0.0,0.323,1.0,0.002054837214896744,20.151069373467152,19.907499499999997,0.24356987346715542,0.0,-0.24356987346715542,0.24356987346715542
Ref-01B-B-0p10mps,0.6090000000000001,-0.18135,0.1,0.0,0.323,1.0,0.002054837214896744,20.151069373467152,19.907499499999997,0.24356987346715542,0.0,-0.24356987346715542,0.24356987346715542
Ref-01B-B-0p10mps,0.61,-0.18125000000000002,0.1,0.0,0.323,1.0,0.002054837214896744,20.151069373467152,19.907499499999997,0.24356987346715542,0.0,-0.24356987346715542,0.24356987346715542
Ref-01B-B-0p10mps,0.611,-0.18115000000000003,0.1,0.0,0.323,1.0,0.002054837214896744,20.151069373467152,19.907499499999997,0.24356987346715542,0.0,-0.24356987346715542,0.24356987346715542
Ref-01B-B-0p10mps,0.612,-0.18105000000000002,0.1,0.0,0.323,1.0,0.002054837214896744,20.151069373467152,19.907499499999997,0.24356987346715542,0.0,-0.24356987346715542,0.24356987346715542
Ref-01B-B-0p10mps,0.613,-0.18095,0.1,0.0,0.323,1.0,0.002054837214896744,20.151069373467152,19.907499499999997,0.24356987346715542,0.0,-0.24356987346715542,0.24356987346715542
Ref-01B-B-0p10mps,0.6140000000000001,-0.18085,0.1,0.0,0.323,1.0,0.002054837214896744,20.151069373467152,19.907499499999997,0.24356987346715542,0.0,-0.24356987346715542,0.24356987346715542
Ref-01B-B-0p10mps,0.615,-0.18075000000000002,0.1,0.0,0.323,1.0,0.002054837214896744,20.151069373467152,19.907499499999997,0.24356987346715542,0.0,-0.24356987346715542,0.24356987346715542
Ref-01B-B-0p10mps,0.616,-0.18065000000000003,0.1,0.0,0.323,1.0,0.002054837214896744,20.151069373467152,19.907499499999997,0.24356987346715542,0.0,-0.24356987346715542,0.24356987346715542
Ref-01B-B-0p10mps,0.617,-0.18055000000000002,0.1,0.0,0.323,1.0,0.002054837214896744,20.151069373467152,19.907499499999997,0.24356987346715542,0.0,-0.24356987346715542,0.24356987346715542
Ref-01B-B-0p10mps,0.618,-0.18045,0.1,0.0,0.323,1.0,0.002054837214896744,20.151069373467152,19.907499499999997,0.24356987346715542,0.0,-0.24356987346715542,0.24356987346715542
Ref-01B-B-0p10mps,0.619,-0.18035,0.1,0.0,0.323,1.0,0.002054837214896744,20.151069373467152,19.907499499999997,0.24356987346715542,0.0,-0.24356987346715542,0.24356987346715542
Ref-01B-B-0p10mps,0.62,-0.18025000000000002,0.1,0.0,0.323,1.0,0.002054837214896744,20.151069373467152,19.907499499999997,0.24356987346715542,0.0,-0.24356987346715542,0.24356987346715542
Ref-01B-B-0p10mps,0.621,-0.18015000000000003,0.1,0.0,0.323,1.0,0.002054837214896744,20.151069373467152,19.907499499999997,0.24356987346715542,0.0,-0.24356987346715542,0.24356987346715542
Ref-01B-B-0p10mps,0.622,-0.18005000000000002,0.1,0.0,0.323,1.0,0.002054837214896744,20.151069373467152,19.907499499999997,0.24356987346715542,0.0,-0.24356987346715542,0.24356987346715542
Ref-01B-B-0p10mps,0.623,-0.17995,0.1,0.0,0.323,1.0,0.002054837214896744,20.151069373467152,19.907499499999997,0.24356987346715542,0.0,-0.24356987346715542,0.24356987346715542
Ref-01B-B-0p10mps,0.624,-0.17985,0.1,0.0,0.323,1.0,0.002054837214896744,20.151069373467152,19.907499499999997,0.24356987346715542,0.0,-0.24356987346715542,0.24356987346715542
Ref-01B-B-0p10mps,0.625,-0.17975000000000002,0.1,0.0,0.323,1.0,0.002054837214896744,20.151069373467152,19.907499499999997,0.24356987346715542,0.0,-0.24356987346715542,0.24356987346715542
Ref-01B-B-0p10mps,0.626,-0.17965000000000003,0.1,0.0,0.323,1.0,0.002054837214896744,20.151069373467152,19.907499499999997,0.24356987346715542,0.0,-0.24356987346715542,0.24356987346715542
Ref-01B-B-0p10mps,0.627,-0.17955000000000002,0.1,0.0,0.323,1.0,0.002054837214896744,20.151069373467152,19.907499499999997,0.24356987346715542,0.0,-0.24356987346715542,0.24356987346715542
Ref-01B-B-0p10mps,0.628,-0.17945,0.1,0.0,0.323,1.0,0.002054837214896744,20.151069373467152,19.907499499999997,0.24356987346715542,0.0,-0.24356987346715542,0.24356987346715542
Ref-01B-B-0p10mps,0.6290000000000001,-0.17935,0.1,0.0,0.323,1.0,0.002054837214896744,20.151069373467152,19.907499499999997,0.24356987346715542,0.0,-0.24356987346715542,0.24356987346715542
Ref-01B-B-0p10mps,0.63,-0.17925000000000002,0.1,0.0,0.323,1.0,0.002054837214896744,20.151069373467152,19.907499499999997,0.24356987346715542,0.0,-0.24356987346715542,0.24356987346715542
Ref-01B-B-0p10mps,0.631,-0.17915000000000003,0.1,0.0,0.323,1.0,0.002054837214896744,20.151069373467152,19.907499499999997,0.24356987346715542,0.0,-0.24356987346715542,0.24356987346715542
Ref-01B-B-0p10mps,0.632,-0.17905000000000001,0.1,0.0,0.323,1.0,0.002054837214896744,20.151069373467152,19.907499499999997,0.24356987346715542,0.0,-0.24356987346715542,0.24356987346715542
Ref-01B-B-0p10mps,0.633,-0.17895,0.1,0.0,0.323,1.0,0.002054837214896744,20.151069373467152,19.907499499999997,0.24356987346715542,0.0,-0.24356987346715542,0.24356987346715542
Ref-01B-B-0p10mps,0.6340000000000001,-0.17885,0.1,0.0,0.323,1.0,0.002054837214896744,20.151069373467152,19.907499499999997,0.24356987346715542,0.0,-0.24356987346715542,0.24356987346715542
Ref-01B-B-0p10mps,0.635,-0.17875000000000002,0.1,0.0,0.323,1.0,0.002054837214896744,20.151069373467152,19.907499499999997,0.24356987346715542,0.0,-0.24356987346715542,0.24356987346715542
Ref-01B-B-0p10mps,0.636,-0.17865000000000003,0.1,0.0,0.323,1.0,0.002054837214896744,20.151069373467152,19.907499499999997,0.24356987346715542,0.0,-0.24356987346715542,0.24356987346715542
Ref-01B-B-0p10mps,0.637,-0.17855000000000001,0.1,0.0,0.323,1.0,0.002054837214896744,20.151069373467152,19.907499499999997,0.24356987346715542,0.0,-0.24356987346715542,0.24356987346715542
Ref-01B-B-0p10mps,0.638,-0.17845,0.1,0.0,0.323,1.0,0.002054837214896744,20.151069373467152,19.907499499999997,0.24356987346715542,0.0,-0.24356987346715542,0.24356987346715542
Ref-01B-B-0p10mps,0.6390000000000001,-0.17835,0.1,0.0,0.323,1.0,0.002054837214896744,20.151069373467152,19.907499499999997,0.24356987346715542,0.0,-0.24356987346715542,0.24356987346715542
Ref-01B-B-0p10mps,0.64,-0.17825000000000002,0.1,0.0,0.323,1.0,0.002054837214896744,20.151069373467152,19.907499499999997,0.24356987346715542,0.0,-0.24356987346715542,0.24356987346715542
Ref-01B-B-0p10mps,0.641,-0.17815000000000003,0.1,0.0,0.323,1.0,0.002054837214896744,20.151069373467152,19.907499499999997,0.24356987346715542,0.0,-0.24356987346715542,0.24356987346715542
Ref-01B-B-0p10mps,0.642,-0.17805,0.1,0.0,0.323,1.0,0.002054837214896744,20.151069373467152,19.907499499999997,0.24356987346715542,0.0,-0.24356987346715542,0.24356987346715542
Ref-01B-B-0p10mps,0.6429999999999999,-0.17795000000000002,0.1,0.0,0.323,1.0,0.002054837214896744,20.151069373467152,19.907499499999997,0.24356987346715542,0.0,-0.24356987346715542,0.24356987346715542
Ref-01B-B-0p10mps,0.6440000000000001,-0.17785,0.1,0.0,0.323,1.0,0.002054837214896744,20.151069373467152,19.907499499999997,0.24356987346715542,0.0,-0.24356987346715542,0.24356987346715542
Ref-01B-B-0p10mps,0.645,-0.17775000000000002,0.1,0.0,0.323,1.0,0.002054837214896744,20.151069373467152,19.907499499999997,0.24356987346715542,0.0,-0.24356987346715542,0.24356987346715542
Ref-01B-B-0p10mps,0.646,-0.17765000000000003,0.1,0.0,0.323,1.0,0.002054837214896744,20.151069373467152,19.907499499999997,0.24356987346715542,0.0,-0.24356987346715542,0.24356987346715542
Ref-01B-B-0p10mps,0.647,-0.17755,0.1,0.0,0.323,1.0,0.002054837214896744,20.151069373467152,19.907499499999997,0.24356987346715542,0.0,-0.24356987346715542,0.24356987346715542
Ref-01B-B-0p10mps,0.6479999999999999,-0.17745000000000002,0.1,0.0,0.323,1.0,0.002054837214896744,20.151069373467152,19.907499499999997,0.24356987346715542,0.0,-0.24356987346715542,0.24356987346715542
Ref-01B-B-0p10mps,0.6490000000000001,-0.17735,0.1,0.0,0.323,1.0,0.002054837214896744,20.151069373467152,19.907499499999997,0.24356987346715542,0.0,-0.24356987346715542,0.24356987346715542
Ref-01B-B-0p10mps,0.65,-0.17725000000000002,0.1,0.0,0.323,1.0,0.002054837214896744,20.151069373467152,19.907499499999997,0.24356987346715542,0.0,-0.24356987346715542,0.24356987346715542
Ref-01B-B-0p10mps,0.651,-0.17715000000000003,0.1,0.0,0.323,1.0,0.002054837214896744,20.151069373467152,19.907499499999997,0.24356987346715542,0.0,-0.24356987346715542,0.24356987346715542
Ref-01B-B-0p10mps,0.652,-0.17705,0.1,0.0,0.323,1.0,0.002054837214896744,20.151069373467152,19.907499499999997,0.24356987346715542,0.0,-0.24356987346715542,0.24356987346715542
Ref-01B-B-0p10mps,0.6529999999999999,-0.17695000000000002,0.1,0.0,0.323,1.0,0.002054837214896744,20.151069373467152,19.907499499999997,0.24356987346715542,0.0,-0.24356987346715542,0.24356987346715542
Ref-01B-B-0p10mps,0.6540000000000001,-0.17685,0.1,0.0,0.323,1.0,0.002054837214896744,20.151069373467152,19.907499499999997,0.24356987346715542,0.0,-0.24356987346715542,0.24356987346715542
Ref-01B-B-0p10mps,0.655,-0.17675000000000002,0.1,0.0,0.323,1.0,0.002054837214896744,20.151069373467152,19.907499499999997,0.24356987346715542,0.0,-0.24356987346715542,0.24356987346715542
Ref-01B-B-0p10mps,0.656,-0.17665000000000003,0.1,0.0,0.323,1.0,0.002054837214896744,20.151069373467152,19.907499499999997,0.24356987346715542,0.0,-0.24356987346715542,0.24356987346715542
Ref-01B-B-0p10mps,0.657,-0.17655,0.1,0.0,0.323,1.0,0.002054837214896744,20.151069373467152,19.907499499999997,0.24356987346715542,0.0,-0.24356987346715542,0.24356987346715542
Ref-01B-B-0p10mps,0.6579999999999999,-0.17645000000000002,0.1,0.0,0.323,1.0,0.002054837214896744,20.151069373467152,19.907499499999997,0.24356987346715542,0.0,-0.24356987346715542,0.24356987346715542
Ref-01B-B-0p10mps,0.6589999999999999,-0.17635,0.1,0.0,0.323,1.0,0.002054837214896744,20.151069373467152,19.907499499999997,0.24356987346715542,0.0,-0.24356987346715542,0.24356987346715542
Ref-01B-B-0p10mps,0.66,-0.17625000000000002,0.1,0.0,0.323,1.0,0.002054837214896744,20.151069373467152,19.907499499999997,0.24356987346715542,0.0,-0.24356987346715542,0.24356987346715542
Ref-01B-B-0p10mps,0.661,-0.17615000000000003,0.1,0.0,0.323,1.0,0.002054837214896744,20.151069373467152,19.907499499999997,0.24356987346715542,0.0,-0.24356987346715542,0.24356987346715542
Ref-01B-B-0p10mps,0.662,-0.17605,0.1,0.0,0.323,1.0,0.002054837214896744,20.151069373467152,19.907499499999997,0.24356987346715542,0.0,-0.24356987346715542,0.24356987346715542
Ref-01B-B-0p10mps,0.6629999999999999,-0.17595000000000002,0.1,0.0,0.323,1.0,0.002054837214896744,20.151069373467152,19.907499499999997,0.24356987346715542,0.0,-0.24356987346715542,0.24356987346715542
Ref-01B-B-0p10mps,0.6639999999999999,-0.17585,0.1,0.0,0.323,1.0,0.002054837214896744,20.151069373467152,19.907499499999997,0.24356987346715542,0.0,-0.24356987346715542,0.24356987346715542
Ref-01B-B-0p10mps,0.665,-0.17575000000000002,0.1,0.0,0.323,1.0,0.002054837214896744,20.151069373467152,19.907499499999997,0.24356987346715542,0.0,-0.24356987346715542,0.24356987346715542
Ref-01B-B-0p10mps,0.666,-0.17565000000000003,0.1,0.0,0.323,1.0,0.002054837214896744,20.151069373467152,19.907499499999997,0.24356987346715542,0.0,-0.24356987346715542,0.24356987346715542
Ref-01B-B-0p10mps,0.667,-0.17555,0.1,0.0,0.323,1.0,0.002054837214896744,20.151069373467152,19.907499499999997,0.24356987346715542,0.0,-0.24356987346715542,0.24356987346715542
Ref-01B-B-0p10mps,0.6679999999999999,-0.17545000000000002,0.1,0.0,0.323,1.0,0.002054837214896744,20.151069373467152,19.907499499999997,0.24356987346715542,0.0,-0.24356987346715542,0.24356987346715542
Ref-01B-B-0p10mps,0.6689999999999999,-0.17535,0.1,0.0,0.323,1.0,0.002054837214896744,20.151069373467152,19.907499499999997,0.24356987346715542,0.0,-0.24356987346715542,0.24356987346715542
Ref-01B-B-0p10mps,0.67,-0.17525000000000002,0.1,0.0,0.323,1.0,0.002054837214896744,20.151069373467152,19.907499499999997,0.24356987346715542,0.0,-0.24356987346715542,0.24356987346715542
Ref-01B-B-0p10mps,0.671,-0.17515000000000003,0.1,0.0,0.323,1.0,0.002054837214896744,20.151069373467152,19.907499499999997,0.24356987346715542,0.0,-0.24356987346715542,0.24356987346715542
Ref-01B-B-0p10mps,0.672,-0.17505,0.1,0.0,0.323,1.0,0.002054837214896744,20.151069373467152,19.907499499999997,0.24356987346715542,0.0,-0.24356987346715542,0.24356987346715542
Ref-01B-B-0p10mps,0.6729999999999999,-0.17495000000000002,0.1,0.0,0.323,1.0,0.002054837214896744,20.151069373467152,19.907499499999997,0.24356987346715542,0.0,-0.24356987346715542,0.24356987346715542
Ref-01B-B-0p10mps,0.6739999999999999,-0.17485,0.1,0.0,0.323,1.0,0.002054837214896744,20.151069373467152,19.907499499999997,0.24356987346715542,0.0,-0.24356987346715542,0.24356987346715542
Ref-01B-B-0p10mps,0.675,-0.17475000000000002,0.1,0.0,0.323,1.0,0.002054837214896744,20.151069373467152,19.907499499999997,0.24356987346715542,0.0,-0.24356987346715542,0.24356987346715542
Ref-01B-B-0p10mps,0.676,-0.17465000000000003,0.1,0.0,0.323,1.0,0.002054837214896744,20.151069373467152,19.907499499999997,0.24356987346715542,0.0,-0.24356987346715542,0.24356987346715542
Ref-01B-B-0p10mps,0.677,-0.17455,0.1,0.0,0.323,1.0,0.002054837214896744,20.151069373467152,19.907499499999997,0.24356987346715542,0.0,-0.24356987346715542,0.24356987346715542
Ref-01B-B-0p10mps,0.6779999999999999,-0.17445000000000002,0.1,0.0,0.323,1.0,0.002054837214896744,20.151069373467152,19.907499499999997,0.24356987346715542,0.0,-0.24356987346715542,0.24356987346715542
Ref-01B-B-0p10mps,0.6789999999999999,-0.17435,0.1,0.0,0.323,1.0,0.002054837214896744,20.151069373467152,19.907499499999997,0.24356987346715542,0.0,-0.24356987346715542,0.24356987346715542
Ref-01B-B-0p10mps,0.68,-0.17425000000000002,0.1,0.0,0.323,1.0,0.002054837214896744,20.151069373467152,19.907499499999997,0.24356987346715542,0.0,-0.24356987346715542,0.24356987346715542
Ref-01B-B-0p10mps,0.681,-0.17415000000000003,0.1,0.0,0.323,1.0,0.002054837214896744,20.151069373467152,19.907499499999997,0.24356987346715542,0.0,-0.24356987346715542,0.24356987346715542
Ref-01B-B-0p10mps,0.682,-0.17405,0.1,0.0,0.323,1.0,0.002054837214896744,20.151069373467152,19.907499499999997,0.24356987346715542,0.0,-0.24356987346715542,0.24356987346715542
Ref-01B-B-0p10mps,0.6829999999999999,-0.17395000000000002,0.1,0.0,0.323,1.0,0.002054837214896744,20.151069373467152,19.907499499999997,0.24356987346715542,0.0,-0.24356987346715542,0.24356987346715542
Ref-01B-B-0p10mps,0.6839999999999999,-0.17385,0.1,0.0,0.323,1.0,0.002054837214896744,20.151069373467152,19.907499499999997,0.24356987346715542,0.0,-0.24356987346715542,0.24356987346715542
Ref-01B-B-0p10mps,0.685,-0.17375000000000002,0.1,0.0,0.323,1.0,0.002054837214896744,20.151069373467152,19.907499499999997,0.24356987346715542,0.0,-0.24356987346715542,0.24356987346715542
Ref-01B-B-0p10mps,0.686,-0.17365000000000003,0.1,0.0,0.323,1.0,0.002054837214896744,20.151069373467152,19.907499499999997,0.24356987346715542,0.0,-0.24356987346715542,0.24356987346715542
Ref-01B-B-0p10mps,0.687,-0.17355,0.1,0.0,0.323,1.0,0.002054837214896744,20.151069373467152,19.907499499999997,0.24356987346715542,0.0,-0.24356987346715542,0.24356987346715542
Ref-01B-B-0p10mps,0.688,-0.17345000000000002,0.1,0.0,0.323,1.0,0.002054837214896744,20.151069373467152,19.907499499999997,0.24356987346715542,0.0,-0.24356987346715542,0.24356987346715542
Ref-01B-B-0p10mps,0.689,-0.17335,0.1,0.0,0.323,1.0,0.002054837214896744,20.151069373467152,19.907499499999997,0.24356987346715542,0.0,-0.24356987346715542,0.24356987346715542
Ref-01B-B-0p10mps,0.6900000000000001,-0.17325000000000002,0.1,0.0,0.323,1.0,0.002054837214896744,20.151069373467152,19.907499499999997,0.24356987346715542,0.0,-0.24356987346715542,0.24356987346715542
Ref-01B-B-0p10mps,0.6910000000000001,-0.17315000000000003,0.1,0.0,0.323,1.0,0.002054837214896744,20.151069373467152,19.907499499999997,0.24356987346715542,0.0,-0.24356987346715542,0.24356987346715542
Ref-01B-B-0p10mps,0.692,-0.17305000000000004,0.1,0.0,0.323,1.0,0.002054837214896744,20.151069373467152,19.907499499999997,0.24356987346715542,0.0,-0.24356987346715542,0.24356987346715542
Ref-01B-B-0p10mps,0.693,-0.17295000000000002,0.1,0.0,0.323,1.0,0.002054837214896744,20.151069373467152,19.907499499999997,0.24356987346715542,0.0,-0.24356987346715542,0.24356987346715542
Ref-01B-B-0p10mps,0.694,-0.17285,0.1,0.0,0.323,1.0,0.002054837214896744,20.151069373467152,19.907499499999997,0.24356987346715542,0.0,-0.24356987346715542,0.24356987346715542
Ref-01B-B-0p10mps,0.6950000000000001,-0.17275000000000001,0.1,0.0,0.323,1.0,0.002054837214896744,20.151069373467152,19.907499499999997,0.24356987346715542,0.0,-0.24356987346715542,0.24356987346715542
Ref-01B-B-0p10mps,0.6960000000000001,-0.17265000000000003,0.1,0.0,0.323,1.0,0.002054837214896744,20.151069373467152,19.907499499999997,0.24356987346715542,0.0,-0.24356987346715542,0.24356987346715542
Ref-01B-B-0p10mps,0.697,-0.17255000000000004,0.1,0.0,0.323,1.0,0.002054837214896744,20.151069373467152,19.907499499999997,0.24356987346715542,0.0,-0.24356987346715542,0.24356987346715542
Ref-01B-B-0p10mps,0.698,-0.17245000000000002,0.1,0.0,0.323,1.0,0.002054837214896744,20.151069373467152,19.907499499999997,0.24356987346715542,0.0,-0.24356987346715542,0.24356987346715542
Ref-01B-B-0p10mps,0.699,-0.17235,0.1,0.0,0.323,1.0,0.002054837214896744,20.151069373467152,19.907499499999997,0.24356987346715542,0.0,-0.24356987346715542,0.24356987346715542
Ref-01B-B-0p10mps,0.7000000000000001,-0.17225000000000001,0.1,0.0,0.323,1.0,0.002054837214896744,20.151069373467152,19.907499499999997,0.24356987346715542,0.0,-0.24356987346715542,0.24356987346715542
Ref-01B-B-0p10mps,0.7010000000000001,-0.17215000000000003,0.1,0.0,0.323,1.0,0.002054837214896744,20.151069373467152,19.907499499999997,0.24356987346715542,0.0,-0.24356987346715542,0.24356987346715542
Ref-01B-B-0p10mps,0.702,-0.17205000000000004,0.1,0.0,0.323,1.0,0.002054837214896744,20.151069373467152,19.907499499999997,0.24356987346715542,0.0,-0.24356987346715542,0.24356987346715542
Ref-01B-B-0p10mps,0.703,-0.17195000000000002,0.1,0.0,0.323,1.0,0.002054837214896744,20.151069373467152,19.907499499999997,0.24356987346715542,0.0,-0.24356987346715542,0.24356987346715542
Ref-01B-B-0p10mps,0.704,-0.17185,0.1,0.0,0.323,1.0,0.002054837214896744,20.151069373467152,19.907499499999997,0.24356987346715542,0.0,-0.24356987346715542,0.24356987346715542
Ref-01B-B-0p10mps,0.7050000000000001,-0.17175,0.1,0.0,0.323,1.0,0.002054837214896744,20.151069373467152,19.907499499999997,0.24356987346715542,0.0,-0.24356987346715542,0.24356987346715542
Ref-01B-B-0p10mps,0.7060000000000001,-0.17165000000000002,0.1,0.0,0.323,1.0,0.002054837214896744,20.151069373467152,19.907499499999997,0.24356987346715542,0.0,-0.24356987346715542,0.24356987346715542
Ref-01B-B-0p10mps,0.707,-0.17155000000000004,0.1,0.0,0.323,1.0,0.002054837214896744,20.151069373467152,19.907499499999997,0.24356987346715542,0.0,-0.24356987346715542,0.24356987346715542
Ref-01B-B-0p10mps,0.708,-0.17145000000000002,0.1,0.0,0.323,1.0,0.002054837214896744,20.151069373467152,19.907499499999997,0.24356987346715542,0.0,-0.24356987346715542,0.24356987346715542
Ref-01B-B-0p10mps,0.709,-0.17135,0.1,0.0,0.323,1.0,0.002054837214896744,20.151069373467152,19.907499499999997,0.24356987346715542,0.0,-0.24356987346715542,0.24356987346715542
Ref-01B-B-0p10mps,0.7100000000000001,-0.17125,0.1,0.0,0.323,1.0,0.002054837214896744,20.151069373467152,19.907499499999997,0.24356987346715542,0.0,-0.24356987346715542,0.24356987346715542
Ref-01B-B-0p10mps,0.7110000000000001,-0.17115000000000002,0.1,0.0,0.323,1.0,0.002054837214896744,20.151069373467152,19.907499499999997,0.24356987346715542,0.0,-0.24356987346715542,0.24356987346715542
Ref-01B-B-0p10mps,0.712,-0.17105000000000004,0.1,0.0,0.323,1.0,0.002054837214896744,20.151069373467152,19.907499499999997,0.24356987346715542,0.0,-0.24356987346715542,0.24356987346715542
Ref-01B-B-0p10mps,0.713,-0.17095000000000002,0.1,0.0,0.323,1.0,0.002054837214896744,20.151069373467152,19.907499499999997,0.24356987346715542,0.0,-0.24356987346715542,0.24356987346715542
Ref-01B-B-0p10mps,0.714,-0.17085,0.1,0.0,0.323,1.0,0.002054837214896744,20.151069373467152,19.907499499999997,0.24356987346715542,0.0,-0.24356987346715542,0.24356987346715542
Ref-01B-B-0p10mps,0.7150000000000001,-0.17075,0.1,0.0,0.323,1.0,0.002054837214896744,20.151069373467152,19.907499499999997,0.24356987346715542,0.0,-0.24356987346715542,0.24356987346715542
Ref-01B-B-0p10mps,0.7160000000000001,-0.17065000000000002,0.1,0.0,0.323,1.0,0.002054837214896744,20.151069373467152,19.907499499999997,0.24356987346715542,0.0,-0.24356987346715542,0.24356987346715542
Ref-01B-B-0p10mps,0.717,-0.17055000000000003,0.1,0.0,0.323,1.0,0.002054837214896744,20.151069373467152,19.907499499999997,0.24356987346715542,0.0,-0.24356987346715542,0.24356987346715542
Ref-01B-B-0p10mps,0.718,-0.17045000000000002,0.1,0.0,0.323,1.0,0.002054837214896744,20.151069373467152,19.907499499999997,0.24356987346715542,0.0,-0.24356987346715542,0.24356987346715542
Ref-01B-B-0p10mps,0.719,-0.17035,0.1,0.0,0.323,1.0,0.002054837214896744,20.151069373467152,19.907499499999997,0.24356987346715542,0.0,-0.24356987346715542,0.24356987346715542
Ref-01B-B-0p10mps,0.7200000000000001,-0.17025,0.1,0.0,0.323,1.0,0.002054837214896744,20.151069373467152,19.907499499999997,0.24356987346715542,0.0,-0.24356987346715542,0.24356987346715542
Ref-01B-B-0p10mps,0.7210000000000001,-0.17015000000000002,0.1,0.0,0.323,1.0,0.002054837214896744,20.151069373467152,19.907499499999997,0.24356987346715542,0.0,-0.24356987346715542,0.24356987346715542
Ref-01B-B-0p10mps,0.722,-0.17005000000000003,0.1,0.0,0.323,1.0,0.002054837214896744,20.151069373467152,19.907499499999997,0.24356987346715542,0.0,-0.24356987346715542,0.24356987346715542
Ref-01B-B-0p10mps,0.723,-0.16995000000000002,0.1,0.0,0.323,1.0,0.002054837214896744,20.151069373467152,19.907499499999997,0.24356987346715542,0.0,-0.24356987346715542,0.24356987346715542
Ref-01B-B-0p10mps,0.724,-0.16985,0.1,0.0,0.323,1.0,0.002054837214896744,20.151069373467152,19.907499499999997,0.24356987346715542,0.0,-0.24356987346715542,0.24356987346715542
Ref-01B-B-0p10mps,0.7249999999999999,-0.16975,0.1,0.0,0.323,1.0,0.002054837214896744,20.151069373467152,19.907499499999997,0.24356987346715542,0.0,-0.24356987346715542,0.24356987346715542
Ref-01B-B-0p10mps,0.7260000000000001,-0.16965000000000002,0.1,0.0,0.323,1.0,0.002054837214896744,20.151069373467152,19.907499499999997,0.24356987346715542,0.0,-0.24356987346715542,0.24356987346715542
Ref-01B-B-0p10mps,0.727,-0.16955000000000003,0.1,0.0,0.323,1.0,0.002054837214896744,20.151069373467152,19.907499499999997,0.24356987346715542,0.0,-0.24356987346715542,0.24356987346715542
Ref-01B-B-0p10mps,0.728,-0.16945000000000002,0.1,0.0,0.323,1.0,0.002054837214896744,20.151069373467152,19.907499499999997,0.24356987346715542,0.0,-0.24356987346715542,0.24356987346715542
Ref-01B-B-0p10mps,0.729,-0.16935,0.1,0.0,0.323,1.0,0.002054837214896744,20.151069373467152,19.907499499999997,0.24356987346715542,0.0,-0.24356987346715542,0.24356987346715542
Ref-01B-B-0p10mps,0.7299999999999999,-0.16925,0.1,0.0,0.323,1.0,0.002054837214896744,20.151069373467152,19.907499499999997,0.24356987346715542,0.0,-0.24356987346715542,0.24356987346715542
Ref-01B-B-0p10mps,0.7310000000000001,-0.16915000000000002,0.1,0.0,0.323,1.0,0.002054837214896744,20.151069373467152,19.907499499999997,0.24356987346715542,0.0,-0.24356987346715542,0.24356987346715542
Ref-01B-B-0p10mps,0.732,-0.16905000000000003,0.1,0.0,0.323,1.0,0.002054837214896744,20.151069373467152,19.907499499999997,0.24356987346715542,0.0,-0.24356987346715542,0.24356987346715542
Ref-01B-B-0p10mps,0.733,-0.16895000000000002,0.1,0.0,0.323,1.0,0.002054837214896744,20.151069373467152,19.907499499999997,0.24356987346715542,0.0,-0.24356987346715542,0.24356987346715542
Ref-01B-B-0p10mps,0.734,-0.16885,0.1,0.0,0.323,1.0,0.002054837214896744,20.151069373467152,19.907499499999997,0.24356987346715542,0.0,-0.24356987346715542,0.24356987346715542
Ref-01B-B-0p10mps,0.7349999999999999,-0.16875,0.1,0.0,0.323,1.0,0.002054837214896744,20.151069373467152,19.907499499999997,0.24356987346715542,0.0,-0.24356987346715542,0.24356987346715542
Ref-01B-B-0p10mps,0.7360000000000001,-0.16865000000000002,0.1,0.0,0.323,1.0,0.002054837214896744,20.151069373467152,19.907499499999997,0.24356987346715542,0.0,-0.24356987346715542,0.24356987346715542
Ref-01B-B-0p10mps,0.737,-0.16855000000000003,0.1,0.0,0.323,1.0,0.002054837214896744,20.151069373467152,19.907499499999997,0.24356987346715542,0.0,-0.24356987346715542,0.24356987346715542
Ref-01B-B-0p10mps,0.738,-0.16845000000000002,0.1,0.0,0.323,1.0,0.002054837214896744,20.151069373467152,19.907499499999997,0.24356987346715542,0.0,-0.24356987346715542,0.24356987346715542
Ref-01B-B-0p10mps,0.739,-0.16835,0.1,0.0,0.323,1.0,0.002054837214896744,20.151069373467152,19.907499499999997,0.24356987346715542,0.0,-0.24356987346715542,0.24356987346715542
Ref-01B-B-0p10mps,0.7399999999999999,-0.16825,0.1,0.0,0.323,1.0,0.002054837214896744,20.151069373467152,19.907499499999997,0.24356987346715542,0.0,-0.24356987346715542,0.24356987346715542
Ref-01B-B-0p10mps,0.7410000000000001,-0.16815000000000002,0.1,0.0,0.323,1.0,0.002054837214896744,20.151069373467152,19.907499499999997,0.24356987346715542,0.0,-0.24356987346715542,0.24356987346715542
Ref-01B-B-0p10mps,0.742,-0.16805000000000003,0.1,0.0,0.323,1.0,0.002054837214896744,20.151069373467152,19.907499499999997,0.24356987346715542,0.0,-0.24356987346715542,0.24356987346715542
Ref-01B-B-0p10mps,0.743,-0.16795000000000002,0.1,0.0,0.323,1.0,0.002054837214896744,20.151069373467152,19.907499499999997,0.24356987346715542,0.0,-0.24356987346715542,0.24356987346715542
Ref-01B-B-0p10mps,0.744,-0.16785,0.1,0.0,0.323,1.0,0.002054837214896744,20.151069373467152,19.907499499999997,0.24356987346715542,0.0,-0.24356987346715542,0.24356987346715542
Ref-01B-B-0p10mps,0.7449999999999999,-0.16775,0.1,0.0,0.323,1.0,0.002054837214896744,20.151069373467152,19.907499499999997,0.24356987346715542,0.0,-0.24356987346715542,0.24356987346715542
Ref-01B-B-0p10mps,0.7460000000000001,-0.16765000000000002,0.1,0.0,0.323,1.0,0.002054837214896744,20.151069373467152,19.907499499999997,0.24356987346715542,0.0,-0.24356987346715542,0.24356987346715542
Ref-01B-B-0p10mps,0.747,-0.16755000000000003,0.1,0.0,0.323,1.0,0.002054837214896744,20.151069373467152,19.907499499999997,0.24356987346715542,0.0,-0.24356987346715542,0.24356987346715542
Ref-01B-B-0p10mps,0.748,-0.16745000000000002,0.1,0.0,0.323,1.0,0.002054837214896744,20.151069373467152,19.907499499999997,0.24356987346715542,0.0,-0.24356987346715542,0.24356987346715542
Ref-01B-B-0p10mps,0.749,-0.16735,0.1,0.0,0.323,1.0,0.002054837214896744,20.151069373467152,19.907499499999997,0.24356987346715542,0.0,-0.24356987346715542,0.24356987346715542
Ref-01B-B-0p10mps,0.7499999999999999,-0.16725,0.1,0.0,0.323,1.0,0.002054837214896744,20.151069373467152,19.907499499999997,0.24356987346715542,0.0,-0.24356987346715542,0.24356987346715542
Ref-01B-B-0p10mps,0.7510000000000001,-0.16715000000000002,0.1,0.0,0.323,1.0,0.002054837214896744,20.151069373467152,19.907499499999997,0.24356987346715542,0.0,-0.24356987346715542,0.24356987346715542
Ref-01B-B-0p10mps,0.752,-0.16705000000000003,0.1,0.0,0.323,1.0,0.002054837214896744,20.151069373467152,19.907499499999997,0.24356987346715542,0.0,-0.24356987346715542,0.24356987346715542
Ref-01B-B-0p10mps,0.7529999999999999,-0.16695000000000004,0.1,0.0,0.323,1.0,0.002054837214896744,20.151069373467152,19.907499499999997,0.24356987346715542,0.0,-0.24356987346715542,0.24356987346715542
Ref-01B-B-0p10mps,0.754,-0.16685,0.1,0.0,0.323,1.0,0.002054837214896744,20.151069373467152,19.907499499999997,0.24356987346715542,0.0,-0.24356987346715542,0.24356987346715542
Ref-01B-B-0p10mps,0.7549999999999999,-0.16675,0.1,0.0,0.323,1.0,0.002054837214896744,20.151069373467152,19.907499499999997,0.24356987346715542,0.0,-0.24356987346715542,0.24356987346715542
Ref-01B-B-0p10mps,0.7560000000000001,-0.16665000000000002,0.1,0.0,0.323,1.0,0.002054837214896744,20.151069373467152,19.907499499999997,0.24356987346715542,0.0,-0.24356987346715542,0.24356987346715542
Ref-01B-B-0p10mps,0.757,-0.16655000000000003,0.1,0.0,0.323,1.0,0.002054837214896744,20.151069373467152,19.907499499999997,0.24356987346715542,0.0,-0.24356987346715542,0.24356987346715542
Ref-01B-B-0p10mps,0.7579999999999999,-0.16645000000000004,0.1,0.0,0.323,1.0,0.002054837214896744,20.151069373467152,19.907499499999997,0.24356987346715542,0.0,-0.24356987346715542,0.24356987346715542
Ref-01B-B-0p10mps,0.759,-0.16635,0.1,0.0,0.323,1.0,0.002054837214896744,20.151069373467152,19.907499499999997,0.24356987346715542,0.0,-0.24356987346715542,0.24356987346715542
Ref-01B-B-0p10mps,0.7599999999999999,-0.16625,0.1,0.0,0.323,1.0,0.002054837214896744,20.151069373467152,19.907499499999997,0.24356987346715542,0.0,-0.24356987346715542,0.24356987346715542
Ref-01B-B-0p10mps,0.7610000000000001,-0.16615000000000002,0.1,0.0,0.323,1.0,0.002054837214896744,20.151069373467152,19.907499499999997,0.24356987346715542,0.0,-0.24356987346715542,0.24356987346715542
Ref-01B-B-0p10mps,0.762,-0.16605000000000003,0.1,0.0,0.323,1.0,0.002054837214896744,20.151069373467152,19.907499499999997,0.24356987346715542,0.0,-0.24356987346715542,0.24356987346715542
Ref-01B-B-0p10mps,0.7629999999999999,-0.16595000000000004,0.1,0.0,0.323,1.0,0.002054837214896744,20.151069373467152,19.907499499999997,0.24356987346715542,0.0,-0.24356987346715542,0.24356987346715542
Ref-01B-B-0p10mps,0.764,-0.16585,0.1,0.0,0.323,1.0,0.002054837214896744,20.151069373467152,19.907499499999997,0.24356987346715542,0.0,-0.24356987346715542,0.24356987346715542
Ref-01B-B-0p10mps,0.7649999999999999,-0.16575,0.1,0.0,0.323,1.0,0.002054837214896744,20.151069373467152,19.907499499999997,0.24356987346715542,0.0,-0.24356987346715542,0.24356987346715542
Ref-01B-B-0p10mps,0.7660000000000001,-0.16565000000000002,0.1,0.0,0.323,1.0,0.002054837214896744,20.151069373467152,19.907499499999997,0.24356987346715542,0.0,-0.24356987346715542,0.24356987346715542
Ref-01B-B-0p10mps,0.767,-0.16555000000000003,0.1,0.0,0.323,1.0,0.002054837214896744,20.151069373467152,19.907499499999997,0.24356987346715542,0.0,-0.24356987346715542,0.24356987346715542
Ref-01B-B-0p10mps,0.768,-0.16545,0.1,0.0,0.323,1.0,0.002054837214896744,20.151069373467152,19.907499499999997,0.24356987346715542,0.0,-0.24356987346715542,0.24356987346715542
Ref-01B-B-0p10mps,0.769,-0.16535,0.1,0.0,0.323,1.0,0.002054837214896744,20.151069373467152,19.907499499999997,0.24356987346715542,0.0,-0.24356987346715542,0.24356987346715542
Ref-01B-B-0p10mps,0.7699999999999999,-0.16525,0.1,0.0,0.323,1.0,0.002054837214896744,20.151069373467152,19.907499499999997,0.24356987346715542,0.0,-0.24356987346715542,0.24356987346715542
Ref-01B-B-0p10mps,0.7710000000000001,-0.16515000000000002,0.1,0.0,0.323,1.0,0.002054837214896744,20.151069373467152,19.907499499999997,0.24356987346715542,0.0,-0.24356987346715542,0.24356987346715542
Ref-01B-B-0p10mps,0.772,-0.16505000000000003,0.1,0.0,0.323,1.0,0.002054837214896744,20.151069373467152,19.907499499999997,0.24356987346715542,0.0,-0.24356987346715542,0.24356987346715542
Ref-01B-B-0p10mps,0.773,-0.16495,0.1,0.0,0.323,1.0,0.002054837214896744,20.151069373467152,19.907499499999997,0.24356987346715542,0.0,-0.24356987346715542,0.24356987346715542
Ref-01B-B-0p10mps,0.774,-0.16485,0.1,0.0,0.323,1.0,0.002054837214896744,20.151069373467152,19.907499499999997,0.24356987346715542,0.0,-0.24356987346715542,0.24356987346715542
Ref-01B-B-0p10mps,0.7749999999999999,-0.16475,0.1,0.0,0.323,1.0,0.002054837214896744,20.151069373467152,19.907499499999997,0.24356987346715542,0.0,-0.24356987346715542,0.24356987346715542
Ref-01B-B-0p10mps,0.7760000000000001,-0.16465000000000002,0.1,0.0,0.323,1.0,0.002054837214896744,20.151069373467152,19.907499499999997,0.24356987346715542,0.0,-0.24356987346715542,0.24356987346715542
Ref-01B-B-0p10mps,0.777,-0.16455000000000003,0.1,0.0,0.323,1.0,0.002054837214896744,20.151069373467152,19.907499499999997,0.24356987346715542,0.0,-0.24356987346715542,0.24356987346715542
Ref-01B-B-0p10mps,0.778,-0.16445,0.1,0.0,0.323,1.0,0.002054837214896744,20.151069373467152,19.907499499999997,0.24356987346715542,0.0,-0.24356987346715542,0.24356987346715542
Ref-01B-B-0p10mps,0.779,-0.16435,0.1,0.0,0.323,1.0,0.002054837214896744,20.151069373467152,19.907499499999997,0.24356987346715542,0.0,-0.24356987346715542,0.24356987346715542
Ref-01B-B-0p10mps,0.7799999999999999,-0.16425,0.1,0.0,0.323,1.0,0.002054837214896744,20.151069373467152,19.907499499999997,0.24356987346715542,0.0,-0.24356987346715542,0.24356987346715542
Ref-01B-B-0p10mps,0.7810000000000001,-0.16415000000000002,0.1,0.0,0.323,1.0,0.002054837214896744,20.151069373467152,19.907499499999997,0.24356987346715542,0.0,-0.24356987346715542,0.24356987346715542
Ref-01B-B-0p10mps,0.782,-0.16405000000000003,0.1,0.0,0.323,1.0,0.002054837214896744,20.151069373467152,19.907499499999997,0.24356987346715542,0.0,-0.24356987346715542,0.24356987346715542
Ref-01B-B-0p10mps,0.783,-0.16395,0.1,0.0,0.323,1.0,0.002054837214896744,20.151069373467152,19.907499499999997,0.24356987346715542,0.0,-0.24356987346715542,0.24356987346715542
Ref-01B-B-0p10mps,0.784,-0.16385,0.1,0.0,0.323,1.0,0.002054837214896744,20.151069373467152,19.907499499999997,0.24356987346715542,0.0,-0.24356987346715542,0.24356987346715542
Ref-01B-B-0p10mps,0.7849999999999999,-0.16375,0.1,0.0,0.323,1.0,0.002054837214896744,20.151069373467152,19.907499499999997,0.24356987346715542,0.0,-0.24356987346715542,0.24356987346715542
Ref-01B-B-0p10mps,0.7860000000000001,-0.16365000000000002,0.1,0.0,0.323,1.0,0.002054837214896744,20.151069373467152,19.907499499999997,0.24356987346715542,0.0,-0.24356987346715542,0.24356987346715542
Ref-01B-B-0p10mps,0.787,-0.16355000000000003,0.1,0.0,0.323,1.0,0.002054837214896744,20.151069373467152,19.907499499999997,0.24356987346715542,0.0,-0.24356987346715542,0.24356987346715542
Ref-01B-B-0p10mps,0.788,-0.16345,0.1,0.0,0.323,1.0,0.002054837214896744,20.151069373467152,19.907499499999997,0.24356987346715542,0.0,-0.24356987346715542,0.24356987346715542
Ref-01B-B-0p10mps,0.789,-0.16335,0.1,0.0,0.323,1.0,0.002054837214896744,20.151069373467152,19.907499499999997,0.24356987346715542,0.0,-0.24356987346715542,0.24356987346715542
Ref-01B-B-0p10mps,0.7899999999999999,-0.16325,0.1,0.0,0.323,1.0,0.002054837214896744,20.151069373467152,19.907499499999997,0.24356987346715542,0.0,-0.24356987346715542,0.24356987346715542
Ref-01B-B-0p10mps,0.791,-0.16315000000000002,0.1,0.0,0.323,1.0,0.002054837214896744,20.151069373467152,19.907499499999997,0.24356987346715542,0.0,-0.24356987346715542,0.24356987346715542
Ref-01B-B-0p10mps,0.792,-0.16305000000000003,0.1,0.0,0.323,1.0,0.002054837214896744,20.151069373467152,19.907499499999997,0.24356987346715542,0.0,-0.24356987346715542,0.24356987346715542
Ref-01B-B-0p10mps,0.793,-0.16295,0.1,0.0,0.323,1.0,0.002054837214896744,20.151069373467152,19.907499499999997,0.24356987346715542,0.0,-0.24356987346715542,0.24356987346715542
Ref-01B-B-0p10mps,0.794,-0.16285,0.1,0.0,0.323,1.0,0.002054837214896744,20.151069373467152,19.907499499999997,0.24356987346715542,0.0,-0.24356987346715542,0.24356987346715542
Ref-01B-B-0p10mps,0.7949999999999999,-0.16275,0.1,0.0,0.323,1.0,0.002054837214896744,20.151069373467152,19.907499499999997,0.24356987346715542,0.0,-0.24356987346715542,0.24356987346715542
Ref-01B-B-0p10mps,0.796,-0.16265000000000002,0.1,0.0,0.323,1.0,0.002054837214896744,20.151069373467152,19.907499499999997,0.24356987346715542,0.0,-0.24356987346715542,0.24356987346715542
Ref-01B-B-0p10mps,0.797,-0.16255000000000003,0.1,0.0,0.323,1.0,0.002054837214896744,20.151069373467152,19.907499499999997,0.24356987346715542,0.0,-0.24356987346715542,0.24356987346715542
Ref-01B-B-0p10mps,0.798,-0.16245,0.1,0.0,0.323,1.0,0.002054837214896744,20.151069373467152,19.907499499999997,0.24356987346715542,0.0,-0.24356987346715542,0.24356987346715542
Ref-01B-B-0p10mps,0.799,-0.16235,0.1,0.0,0.323,1.0,0.002054837214896744,20.151069373467152,19.907499499999997,0.24356987346715542,0.0,-0.24356987346715542,0.24356987346715542
Ref-01B-B-0p10mps,0.7999999999999999,-0.16225,0.1,0.0,0.323,1.0,0.002054837214896744,20.151069373467152,19.907499499999997,0.24356987346715542,0.0,-0.24356987346715542,0.24356987346715542
Ref-01B-B-0p10mps,0.801,-0.16215000000000002,0.1,0.0,0.323,1.0,0.002054837214896744,20.151069373467152,19.907499499999997,0.24356987346715542,0.0,-0.24356987346715542,0.24356987346715542
Ref-01B-B-0p10mps,0.802,-0.16205000000000003,0.1,0.0,0.323,1.0,0.002054837214896744,20.151069373467152,19.907499499999997,0.24356987346715542,0.0,-0.24356987346715542,0.24356987346715542
Ref-01B-B-0p10mps,0.803,-0.16195,0.1,0.0,0.323,1.0,0.002054837214896744,20.151069373467152,19.907499499999997,0.24356987346715542,0.0,-0.24356987346715542,0.24356987346715542
Ref-01B-B-0p10mps,0.804,-0.16185,0.1,0.0,0.323,1.0,0.002054837214896744,20.151069373467152,19.907499499999997,0.24356987346715542,0.0,-0.24356987346715542,0.24356987346715542
Ref-01B-B-0p10mps,0.8049999999999999,-0.16175,0.1,0.0,0.323,1.0,0.002054837214896744,20.151069373467152,19.907499499999997,0.24356987346715542,0.0,-0.24356987346715542,0.24356987346715542
Ref-01B-B-0p10mps,0.806,-0.16165000000000002,0.1,0.0,0.323,1.0,0.002054837214896744,20.151069373467152,19.907499499999997,0.24356987346715542,0.0,-0.24356987346715542,0.24356987346715542
Ref-01B-B-0p10mps,0.807,-0.16155000000000003,0.1,0.0,0.323,1.0,0.002054837214896744,20.151069373467152,19.907499499999997,0.24356987346715542,0.0,-0.24356987346715542,0.24356987346715542
Ref-01B-B-0p10mps,0.808,-0.16145,0.1,0.0,0.32295,0.9998452012383902,0.0020545191286405677,20.147950012883022,19.907499499999997,0.24045051288302588,0.0,-0.24045051288302588,0.24045051288302588
Ref-01B-B-0p10mps,0.809,-0.16135,0.1,0.0,0.32284999999999997,0.9995356037151701,0.0020538829561282156,20.141711291714763,19.907499499999997,0.2342117917147668,0.0,-0.2342117917147668,0.2342117917147668
Ref-01B-B-0p10mps,0.8099999999999999,-0.16125,0.1,0.0,0.32275,0.9992260061919503,0.002053246783615864,20.13547257054651,19.907499499999997,0.22797307054651483,0.0,-0.22797307054651483,0.22797307054651483
Ref-01B-B-0p10mps,0.811,-0.16115000000000002,0.1,0.0,0.32265,0.9989164086687305,0.002052610611103512,20.129233849378252,19.907499499999997,0.22173434937825576,0.0,-0.22173434937825576,0.22173434937825576
Ref-01B-B-0p10mps,0.812,-0.16105000000000003,0.1,0.0,0.32255,0.9986068111455109,0.00205197443859116,20.12299512821,19.907499499999997,0.2154956282100038,0.0,-0.2154956282100038,0.2154956282100038
Ref-01B-B-0p10mps,0.8130000000000001,-0.16095,0.1,0.0,0.32245,0.9982972136222911,0.002051338266078808,20.11675640704174,19.907499499999997,0.2092569070417447,0.0,-0.2092569070417447,0.2092569070417447
Ref-01B-B-0p10mps,0.8140000000000001,-0.16085,0.1,0.0,0.32235,0.9979876160990713,0.0020507020935664564,20.11051768587349,19.907499499999997,0.20301818587349274,0.0,-0.20301818587349274,0.20301818587349274
Ref-01B-B-0p10mps,0.815,-0.16075,0.1,0.0,0.32225000000000004,0.9976780185758515,0.0020500659210541043,20.10427896470523,19.907499499999997,0.19677946470523366,0.0,-0.19677946470523366,0.19677946470523366
Ref-01B-B-0p10mps,0.8160000000000001,-0.16065000000000002,0.1,0.0,0.32215000000000005,0.9973684210526317,0.0020494297485417526,20.09804024353698,19.907499499999997,0.1905407435369817,0.0,-0.1905407435369817,0.1905407435369817
Ref-01B-B-0p10mps,0.8170000000000001,-0.16055000000000003,0.1,0.0,0.32205000000000006,0.9970588235294119,0.002048793576029401,20.091801522368723,19.907499499999997,0.18430202236872617,0.0,-0.18430202236872617,0.18430202236872617
Ref-01B-B-0p10mps,0.8180000000000001,-0.16045,0.1,0.0,0.32195,0.996749226006192,0.0020481574035170484,20.085562801200464,19.907499499999997,0.1780633012004671,0.0,-0.1780633012004671,0.1780633012004671
Ref-01B-B-0p10mps,0.819,-0.16035000000000002,0.1,0.0,0.32185,0.9964396284829722,0.0020475212310046968,20.079324080032208,19.907499499999997,0.17182458003221157,0.0,-0.17182458003221157,0.17182458003221157
Ref-01B-B-0p10mps,0.82,-0.16025,0.1,0.0,0.32175,0.9961300309597523,0.0020468850584923447,20.073085358863953,19.907499499999997,0.16558585886395605,0.0,-0.16558585886395605,0.16558585886395605
Ref-01B-B-0p10mps,0.8210000000000001,-0.16015000000000001,0.1,0.0,0.32165,0.9958204334365325,0.0020462488859799926,20.066846637695694,19.907499499999997,0.15934713769569697,0.0,-0.15934713769569697,0.15934713769569697
Ref-01B-B-0p10mps,0.8220000000000001,-0.16005000000000003,0.1,0.0,0.32155,0.9955108359133127,0.002045612713467641,20.06060791652744,19.907499499999997,0.153108416527445,0.0,-0.153108416527445,0.153108416527445
Ref-01B-B-0p10mps,0.8230000000000001,-0.15995,0.1,0.0,0.32145,0.9952012383900929,0.002044976540955289,20.054369195359182,19.907499499999997,0.14686969535918593,0.0,-0.14686969535918593,0.14686969535918593
Ref-01B-B-0p10mps,0.824,-0.15985000000000002,0.1,0.0,0.32135,0.9948916408668731,0.002044340368442937,20.04813047419093,19.907499499999997,0.14063097419093396,0.0,-0.14063097419093396,0.14063097419093396
Ref-01B-B-0p10mps,0.825,-0.15975,0.1,0.0,0.32125000000000004,0.9945820433436533,0.002043704195930585,20.04189175302267,19.907499499999997,0.13439225302267488,0.0,-0.13439225302267488,0.13439225302267488
Ref-01B-B-0p10mps,0.8260000000000001,-0.15965000000000001,0.1,0.0,0.32115000000000005,0.9942724458204335,0.0020430680234182334,20.035653031854416,19.907499499999997,0.12815353185441936,0.0,-0.12815353185441936,0.12815353185441936
Ref-01B-B-0p10mps,0.8270000000000001,-0.15955000000000003,0.1,0.0,0.32105000000000006,0.9939628482972138,0.0020424318509058813,20.02941431068616,19.907499499999997,0.12191481068616383,0.0,-0.12191481068616383,0.12191481068616383
Ref-01B-B-0p10mps,0.8280000000000001,-0.15945,0.1,0.0,0.32095,0.9936532507739938,0.002041795678393529,20.0231755895179,19.907499499999997,0.11567608951790476,0.0,-0.11567608951790476,0.11567608951790476
Ref-01B-B-0p10mps,0.829,-0.15935000000000002,0.1,0.0,0.32085,0.993343653250774,0.0020411595058811775,20.01693686834965,19.907499499999997,0.10943736834965279,0.0,-0.10943736834965279,0.10943736834965279
Ref-01B-B-0p10mps,0.83,-0.15925,0.1,0.0,0.32075,0.9930340557275541,0.002040523333368825,20.010698147181387,19.907499499999997,0.10319864718139016,0.0,-0.10319864718139016,0.10319864718139016
Ref-01B-B-0p10mps,0.8310000000000001,-0.15915,0.1,0.0,0.32065,0.9927244582043343,0.0020398871608564733,20.004459426013135,19.907499499999997,0.09695992601313819,0.0,-0.09695992601313819,0.09695992601313819
Ref-01B-B-0p10mps,0.8320000000000001,-0.15905000000000002,0.1,0.0,0.32055,0.9924148606811145,0.0020392509883441212,19.998220704844876,19.907499499999997,0.09072120484487911,0.0,-0.09072120484487911,0.09072120484487911
Ref-01B-B-0p10mps,0.8330000000000001,-0.15895,0.1,0.0,0.32045,0.9921052631578947,0.0020386148158317696,19.991981983676624,19.907499499999997,0.08448248367662714,0.0,-0.08448248367662714,0.08448248367662714
Ref-01B-B-0p10mps,0.834,-0.15885000000000002,0.1,0.0,0.32035,0.9917956656346749,0.002037978643319418,19.985743262508368,19.907499499999997,0.07824376250837162,0.0,-0.07824376250837162,0.07824376250837162
Ref-01B-B-0p10mps,0.835,-0.15875,0.1,0.0,0.32025000000000003,0.9914860681114552,0.002037342470807066,19.979504541340113,19.907499499999997,0.0720050413401161,0.0,-0.0720050413401161,0.0720050413401161
Ref-01B-B-0p10mps,0.8360000000000001,-0.15865,0.1,0.0,0.32015000000000005,0.9911764705882354,0.002036706298294714,19.973265820171857,19.907499499999997,0.06576632017186057,0.0,-0.06576632017186057,0.06576632017186057
Ref-01B-B-0p10mps,0.8370000000000001,-0.15855000000000002,0.1,0.0,0.32005000000000006,0.9908668730650156,0.002036070125782362,19.967027099003598,19.907499499999997,0.059527599003601495,0.0,-0.059527599003601495,0.059527599003601495
Ref-01B-B-0p10mps,0.8380000000000001,-0.15845,0.1,0.0,0.31995,0.9905572755417956,0.00203543395327001,19.960788377835343,19.907499499999997,0.05328887783534597,0.0,-0.05328887783534597,0.05328887783534597
Ref-01B-B-0p10mps,0.839,-0.15835000000000002,0.1,0.0,0.31985,0.9902476780185759,0.002034797780757658,19.954549656667083,19.907499499999997,0.047050156667086895,0.0,-0.047050156667086895,0.047050156667086895
Ref-01B-B-0p10mps,0.84,-0.15825,0.1,0.0,0.31975,0.9899380804953559,0.0020341616082453057,19.948310935498828,19.907499499999997,0.04081143549883137,0.0,-0.04081143549883137,0.04081143549883137
Ref-01B-B-0p10mps,0.8410000000000001,-0.15815,0.1,0.0,0.31965,0.9896284829721361,0.002033525435732954,19.942072214330572,19.907499499999997,0.03457271433057585,0.0,-0.03457271433057585,0.03457271433057585
Ref-01B-B-0p10mps,0.8420000000000001,-0.15805000000000002,0.1,0.0,0.31955,0.9893188854489163,0.002032889263220602,19.935833493162317,19.907499499999997,0.028333993162320326,0.0,-0.028333993162320326,0.028333993162320326
Ref-01B-B-0p10mps,0.8430000000000001,-0.15795,0.1,0.0,0.31945,0.9890092879256966,0.0020322530907082503,19.92959477199406,19.907499499999997,0.022095271994064802,0.0,-0.022095271994064802,0.022095271994064802
Ref-01B-B-0p10mps,0.844,-0.15785000000000002,0.1,0.0,0.31935,0.9886996904024768,0.002031616918195898,19.923356050825806,19.907499499999997,0.01585655082580928,0.0,-0.01585655082580928,0.01585655082580928
Ref-01B-B-0p10mps,0.845,-0.15775,0.1,0.0,0.31925000000000003,0.988390092879257,0.0020309807456835465,19.91711732965755,19.907499499999997,0.009617829657553756,0.0,-0.009617829657553756,0.009617829657553756
Ref-01B-B-0p10mps,0.8460000000000001,-0.15765,0.1,0.0,0.31915000000000004,0.9880804953560373,0.0020303445731711944,19.910878608489295,19.907499499999997,0.0033791084892982326,0.0,-0.0033791084892982326,0.0033791084892982326
Ref-01B-B-0p10mps,0.8470000000000001,-0.15755000000000002,0.1,0.0,0.31905000000000006,0.9877708978328175,0.0020297084006588428,19.90463988732104,19.907499499999997,-0.0028596126789572907,0.0,0.0028596126789572907,0.0028596126789572907
Ref-01B-B-0p10mps,0.8480000000000001,-0.15745,0.1,0.0,0.31895,0.9874613003095976,0.0020290722281464907,19.89840116615278,19.907499499999997,-0.009098333847216367,0.0,0.009098333847216367,0.009098333847216367
Ref-01B-B-0p10mps,0.849,-0.15735000000000002,0.1,0.0,0.31885,0.9871517027863778,0.0020284360556341386,19.892162444984525,19.907499499999997,-0.01533705501547189,0.0,0.01533705501547189,0.01533705501547189
Ref-01B-B-0p10mps,0.85,-0.15725,0.1,0.0,0.31875,0.9868421052631577,0.0020277998831217865,19.885923723816266,19.907499499999997,-0.021575776183730966,0.0,0.021575776183730966,0.021575776183730966
Ref-01B-B-0p10mps,0.8510000000000001,-0.15715,0.1,0.0,0.31865,0.9865325077399381,0.002027163710609435,19.879685002648014,19.907499499999997,-0.027814497351982936,0.0,0.027814497351982936,0.027814497351982936
Ref-01B-B-0p10mps,0.852,-0.15705000000000002,0.1,0.0,0.31855,0.9862229102167183,0.0020265275380970827,19.873446281479755,19.907499499999997,-0.03405321852024201,0.0,0.03405321852024201,0.03405321852024201
Ref-01B-B-0p10mps,0.8530000000000001,-0.15695,0.1,0.0,0.31845,0.9859133126934985,0.002025891365584731,19.867207560311503,19.907499499999997,-0.04029193968849398,0.0,0.04029193968849398,0.04029193968849398
Ref-01B-B-0p10mps,0.854,-0.15685000000000002,0.1,0.0,0.31835,0.9856037151702787,0.002025255193072379,19.860968839143244,19.907499499999997,-0.04653066085675306,0.0,0.04653066085675306,0.04653066085675306
Ref-01B-B-0p10mps,0.855,-0.15675,0.1,0.0,0.31825000000000003,0.9852941176470589,0.0020246190205600273,19.85473011797499,19.907499499999997,-0.05276938202500503,0.0,0.05276938202500503,0.05276938202500503
Ref-01B-B-0p10mps,0.8560000000000001,-0.15665,0.1,0.0,0.31815000000000004,0.9849845201238391,0.002023982848047675,19.848491396806732,19.907499499999997,-0.059008103193264105,0.0,0.059008103193264105,0.059008103193264105
Ref-01B-B-0p10mps,0.857,-0.15655000000000002,0.1,0.0,0.31805000000000005,0.9846749226006193,0.0020233466755353235,19.84225267563848,19.907499499999997,-0.06524682436151608,0.0,0.06524682436151608,0.06524682436151608
Ref-01B-B-0p10mps,0.8580000000000001,-0.15645,0.1,0.0,0.31795,0.9843653250773994,0.0020227105030229714,19.83601395447022,19.907499499999997,-0.07148554552977515,0.0,0.07148554552977515,0.07148554552977515
Ref-01B-B-0p10mps,0.859,-0.15635000000000002,0.1,0.0,0.31785,0.9840557275541796,0.0020220743305106193,19.829775233301966,19.907499499999997,-0.07772426669803068,0.0,0.07772426669803068,0.07772426669803068
Ref-01B-B-0p10mps,0.86,-0.15625,0.1,0.0,0.31775,0.9837461300309597,0.002021438157998267,19.823536512133707,19.907499499999997,-0.08396298786628975,0.0,0.08396298786628975,0.08396298786628975
Ref-01B-B-0p10mps,0.8610000000000001,-0.15615,0.1,0.0,0.31765,0.9834365325077399,0.002020801985485915,19.817297790965448,19.907499499999997,-0.09020170903454883,0.0,0.09020170903454883,0.09020170903454883
Ref-01B-B-0p10mps,0.862,-0.15605000000000002,0.1,0.0,0.31755,0.9831269349845201,0.0020201658129735635,19.811059069797196,19.907499499999997,-0.0964404302028008,0.0,0.0964404302028008,0.0964404302028008
Ref-01B-B-0p10mps,0.8630000000000001,-0.15595,0.1,0.0,0.31745,0.9828173374613003,0.0020195296404612114,19.804820348628937,19.907499499999997,-0.10267915137105987,0.0,0.10267915137105987,0.10267915137105987
Ref-01B-B-0p10mps,0.864,-0.15585000000000002,0.1,0.0,0.31735,0.9825077399380805,0.0020188934679488597,19.798581627460685,19.907499499999997,-0.10891787253931184,0.0,0.10891787253931184,0.10891787253931184
Ref-01B-B-0p10mps,0.865,-0.15575,0.1,0.0,0.31725000000000003,0.9821981424148607,0.002018257295436508,19.79234290629243,19.907499499999997,-0.11515659370756737,0.0,0.11515659370756737,0.11515659370756737
Ref-01B-B-0p10mps,0.8660000000000001,-0.15565,0.1,0.0,0.31715000000000004,0.981888544891641,0.002017621122924156,19.786104185124174,19.907499499999997,-0.12139531487582289,0.0,0.12139531487582289,0.12139531487582289
Ref-01B-B-0p10mps,0.867,-0.15555000000000002,0.1,0.0,0.31705000000000005,0.9815789473684212,0.0020169849504118043,19.779865463955918,19.907499499999997,-0.1276340360440784,0.0,0.1276340360440784,0.1276340360440784
Ref-01B-B-0p10mps,0.8680000000000001,-0.15545,0.1,0.0,0.31695,0.9812693498452012,0.0020163487778994517,19.77362674278766,19.907499499999997,-0.1338727572123375,0.0,0.1338727572123375,0.1338727572123375
Ref-01B-B-0p10mps,0.869,-0.15535000000000002,0.1,0.0,0.31685,0.9809597523219814,0.0020157126053871,19.767388021619404,19.907499499999997,-0.140111478380593,0.0,0.140111478380593,0.140111478380593
Ref-01B-B-0p10mps,0.87,-0.15525,0.1,0.0,0.31675,0.9806501547987615,0.002015076432874748,19.761149300451148,19.907499499999997,-0.14635019954884854,0.0,0.14635019954884854,0.14635019954884854
Ref-01B-B-0p10mps,0.8710000000000001,-0.15515,0.1,0.0,0.31665,0.9803405572755417,0.002014440260362396,19.75491057928289,19.907499499999997,-0.1525889207171076,0.0,0.1525889207171076,0.1525889207171076
Ref-01B-B-0p10mps,0.872,-0.15505000000000002,0.1,0.0,0.31655,0.9800309597523219,0.002013804087850044,19.748671858114633,19.907499499999997,-0.15882764188536314,0.0,0.15882764188536314,0.15882764188536314
Ref-01B-B-0p10mps,0.8730000000000001,-0.15495,0.1,0.0,0.31645,0.9797213622291022,0.002013167915337692,19.742433136946378,19.907499499999997,-0.16506636305361866,0.0,0.16506636305361866,0.16506636305361866
Ref-01B-B-0p10mps,0.874,-0.15485000000000002,0.1,0.0,0.31635,0.9794117647058824,0.0020125317428253404,19.736194415778122,19.907499499999997,-0.17130508422187418,0.0,0.17130508422187418,0.17130508422187418
Ref-01B-B-0p10mps,0.875,-0.15475,0.1,0.0,0.31625000000000003,0.9791021671826626,0.0020118955703129883,19.729955694609867,19.907499499999997,-0.1775438053901297,0.0,0.1775438053901297,0.1775438053901297
Ref-01B-B-0p10mps,0.8760000000000001,-0.15465,0.1,0.0,0.31615000000000004,0.9787925696594428,0.0020112593978006367,19.72371697344161,19.907499499999997,-0.18378252655838523,0.0,0.18378252655838523,0.18378252655838523
Ref-01B-B-0p10mps,0.877,-0.15455000000000002,0.1,0.0,0.31605000000000005,0.978482972136223,0.0020106232252882846,19.717478252273356,19.907499499999997,-0.19002124772664075,0.0,0.19002124772664075,0.19002124772664075
Ref-01B-B-0p10mps,0.8780000000000001,-0.15445,0.1,0.0,0.31595,0.9781733746130031,0.0020099870527759325,19.711239531105097,19.907499499999997,-0.19625996889489983,0.0,0.19625996889489983,0.19625996889489983
Ref-01B-B-0p10mps,0.879,-0.15435000000000001,0.1,0.0,0.31585,0.9778637770897833,0.002009350880263581,19.705000809936845,19.907499499999997,-0.2024986900631518,0.0,0.2024986900631518,0.2024986900631518
Ref-01B-B-0p10mps,0.8799999999999999,-0.15425000000000003,0.1,0.0,0.31575000000000003,0.9775541795665635,0.0020087147077512287,19.698762088768586,19.907499499999997,-0.20873741123141087,0.0,0.20873741123141087,0.20873741123141087
Ref-01B-B-0p10mps,0.8810000000000001,-0.15415,0.1,0.0,0.31565,0.9772445820433436,0.0020080785352388766,19.69252336760033,19.907499499999997,-0.2149761323996664,0.0,0.2149761323996664,0.2149761323996664
Ref-01B-B-0p10mps,0.882,-0.15405000000000002,0.1,0.0,0.31555,0.9769349845201238,0.002007442362726525,19.686284646432075,19.907499499999997,-0.22121485356792192,0.0,0.22121485356792192,0.22121485356792192
Ref-01B-B-0p10mps,0.8830000000000001,-0.15395,0.1,0.0,0.31545,0.976625386996904,0.002006806190214173,19.680045925263816,19.907499499999997,-0.227453574736181,0.0,0.227453574736181,0.227453574736181
Ref-01B-B-0p10mps,0.884,-0.15385000000000001,0.1,0.0,0.31535,0.9763157894736842,0.002006170017701821,19.673807204095564,19.907499499999997,-0.23369229590443297,0.0,0.23369229590443297,0.23369229590443297
Ref-01B-B-0p10mps,0.8849999999999999,-0.15375000000000003,0.1,0.0,0.31525000000000003,0.9760061919504645,0.002005533845189469,19.667568482927305,19.907499499999997,-0.23993101707269204,0.0,0.23993101707269204,0.23993101707269204
Ref-01B-B-0p10mps,0.8860000000000001,-0.15365,0.1,0.0,0.31515000000000004,0.9756965944272447,0.0020048976726771174,19.661329761759053,19.907499499999997,-0.246169738240944,0.0,0.246169738240944,0.246169738240944
Ref-01B-B-0p10mps,0.887,-0.15355000000000002,0.1,0.0,0.31505000000000005,0.9753869969040249,0.0020042615001647653,19.655091040590793,19.907499499999997,-0.2524084594092031,0.0,0.2524084594092031,0.2524084594092031
Ref-01B-B-0p10mps,0.8880000000000001,-0.15345,0.1,0.0,0.31495,0.975077399380805,0.002003625327652413,19.648852319422538,19.907499499999997,-0.2586471805774586,0.0,0.2586471805774586,0.2586471805774586
Ref-01B-B-0p10mps,0.889,-0.15335000000000001,0.1,0.0,0.31485,0.9747678018575852,0.0020029891551400615,19.642613598254282,19.907499499999997,-0.26488590174571414,0.0,0.26488590174571414,0.26488590174571414
Ref-01B-B-0p10mps,0.8899999999999999,-0.15325000000000003,0.1,0.0,0.31475000000000003,0.9744582043343654,0.0020023529826277094,19.636374877086027,19.907499499999997,-0.27112462291396966,0.0,0.27112462291396966,0.27112462291396966
Ref-01B-B-0p10mps,0.8910000000000001,-0.15315,0.1,0.0,0.31465,0.9741486068111455,0.0020017168101153573,19.630136155917768,19.907499499999997,-0.27736334408222874,0.0,0.27736334408222874,0.27736334408222874
Ref-01B-B-0p10mps,0.892,-0.15305000000000002,0.1,0.0,0.31455,0.9738390092879257,0.0020010806376030052,19.623897434749512,19.907499499999997,-0.28360206525048426,0.0,0.28360206525048426,0.28360206525048426
Ref-01B-B-0p10mps,0.8930000000000001,-0.15295,0.1,0.0,0.31445,0.9735294117647059,0.0020004444650906536,19.617658713581257,19.907499499999997,-0.2898407864187398,0.0,0.2898407864187398,0.2898407864187398
Ref-01B-B-0p10mps,0.894,-0.15285,0.1,0.0,0.31435,0.9732198142414861,0.0019998082925783015,19.611419992413,19.907499499999997,-0.2960795075869953,0.0,0.2960795075869953,0.2960795075869953
Ref-01B-B-0p10mps,0.8949999999999999,-0.15275000000000002,0.1,0.0,0.31425000000000003,0.9729102167182663,0.00199917212006595,19.605181271244746,19.907499499999997,-0.30231822875525083,0.0,0.30231822875525083,0.30231822875525083
Ref-01B-B-0p10mps,0.8960000000000001,-0.15265,0.1,0.0,0.31415000000000004,0.9726006191950466,0.001998535947553598,19.598942550076494,19.907499499999997,-0.3085569499235028,0.0,0.3085569499235028,0.3085569499235028
Ref-01B-B-0p10mps,0.897,-0.15255000000000002,0.1,0.0,0.31405000000000005,0.9722910216718268,0.001997899775041246,19.592703828908235,19.907499499999997,-0.3147956710917619,0.0,0.3147956710917619,0.3147956710917619
Ref-01B-B-0p10mps,0.8980000000000001,-0.15245,0.1,0.0,0.31395,0.9719814241486068,0.001997263602528894,19.586465107739976,19.907499499999997,-0.32103439226002095,0.0,0.32103439226002095,0.32103439226002095
Ref-01B-B-0p10mps,0.899,-0.15235,0.1,0.0,0.31385,0.971671826625387,0.001996627430016542,19.58022638657172,19.907499499999997,-0.3272731134282765,0.0,0.3272731134282765,0.3272731134282765
Ref-01B-B-0p10mps,0.8999999999999999,-0.15225000000000002,0.1,0.0,0.31375000000000003,0.9713622291021673,0.00199599125750419,19.573987665403465,19.907499499999997,-0.333511834596532,0.0,0.333511834596532,0.333511834596532
Ref-01B-B-0p10mps,0.9010000000000001,-0.15215,0.1,0.0,0.31365,0.9710526315789473,0.001995355084991838,19.56774894423521,19.907499499999997,-0.3397505557647875,0.0,0.3397505557647875,0.3397505557647875
Ref-01B-B-0p10mps,0.902,-0.15205000000000002,0.1,0.0,0.31355,0.9707430340557275,0.001994718912479486,19.56151022306695,19.907499499999997,-0.3459892769330466,0.0,0.3459892769330466,0.3459892769330466
Ref-01B-B-0p10mps,0.9030000000000001,-0.15195,0.1,0.0,0.31345,0.9704334365325077,0.0019940827399671343,19.555271501898698,19.907499499999997,-0.35222799810129857,0.0,0.35222799810129857,0.35222799810129857
Ref-01B-B-0p10mps,0.904,-0.15185,0.1,0.0,0.31335,0.970123839009288,0.0019934465674547822,19.54903278073044,19.907499499999997,-0.35846671926955764,0.0,0.35846671926955764,0.35846671926955764
Ref-01B-B-0p10mps,0.9049999999999999,-0.15175000000000002,0.1,0.0,0.31325000000000003,0.9698142414860682,0.0019928103949424306,19.542794059562187,19.907499499999997,-0.3647054404378096,0.0,0.3647054404378096,0.3647054404378096
Ref-01B-B-0p10mps,0.9060000000000001,-0.15165,0.1,0.0,0.31315000000000004,0.9695046439628484,0.0019921742224300785,19.536555338393928,19.907499499999997,-0.3709441616060687,0.0,0.3709441616060687,0.3709441616060687
Ref-01B-B-0p10mps,0.907,-0.15155000000000002,0.1,0.0,0.31305000000000005,0.9691950464396286,0.001991538049917727,19.530316617225676,19.907499499999997,-0.37718288277432066,0.0,0.37718288277432066,0.37718288277432066
Ref-01B-B-0p10mps,0.9080000000000001,-0.15145,0.1,0.0,0.31295,0.9688854489164087,0.0019909018774053747,19.524077896057417,19.907499499999997,-0.38342160394257974,0.0,0.38342160394257974,0.38342160394257974
Ref-01B-B-0p10mps,0.909,-0.15135,0.1,0.0,0.31285,0.9685758513931889,0.0019902657048930226,19.517839174889158,19.907499499999997,-0.3896603251108388,0.0,0.3896603251108388,0.3896603251108388
Ref-01B-B-0p10mps,0.9099999999999999,-0.15125000000000002,0.1,0.0,0.31275000000000003,0.9682662538699691,0.001989629532380671,19.511600453720906,19.907499499999997,-0.3958990462790908,0.0,0.3958990462790908,0.3958990462790908
Ref-01B-B-0p10mps,0.9110000000000001,-0.15115,0.1,0.0,0.31265,0.9679566563467491,0.0019889933598683184,19.505361732552643,19.907499499999997,-0.4021377674473534,0.0,0.4021377674473534,0.4021377674473534
Ref-01B-B-0p10mps,0.912,-0.15105000000000002,0.1,0.0,0.31255,0.9676470588235294,0.0019883571873559667,19.49912301138439,19.907499499999997,-0.4083764886156054,0.0,0.4083764886156054,0.4083764886156054
Ref-01B-B-0p10mps,0.9130000000000001,-0.15095,0.1,0.0,0.31245,0.9673374613003096,0.001987721014843615,19.492884290216136,19.907499499999997,-0.4146152097838609,0.0,0.4146152097838609,0.4146152097838609
Ref-01B-B-0p10mps,0.914,-0.15085,0.1,0.0,0.31235,0.9670278637770898,0.001987084842331263,19.48664556904788,19.907499499999997,-0.42085393095211643,0.0,0.42085393095211643,0.42085393095211643
Ref-01B-B-0p10mps,0.9149999999999999,-0.15075000000000002,0.1,0.0,0.31225,0.96671826625387,0.0019864486698189113,19.480406847879625,19.907499499999997,-0.42709265212037195,0.0,0.42709265212037195,0.42709265212037195
Ref-01B-B-0p10mps,0.9160000000000001,-0.15065,0.1,0.0,0.31215000000000004,0.9664086687306502,0.001985812497306559,19.47416812671137,19.907499499999997,-0.4333313732886275,0.0,0.4333313732886275,0.4333313732886275
Ref-01B-B-0p10mps,0.917,-0.15055000000000002,0.1,0.0,0.31205000000000005,0.9660990712074304,0.0019851763247942075,19.467929405543114,19.907499499999997,-0.439570094456883,0.0,0.439570094456883,0.439570094456883
Ref-01B-B-0p10mps,0.918,-0.15045000000000003,0.1,0.0,0.31195000000000006,0.9657894736842106,0.0019845401522818554,19.461690684374858,19.907499499999997,-0.4458088156251385,0.0,0.4458088156251385,0.4458088156251385
Ref-01B-B-0p10mps,0.919,-0.15035,0.1,0.0,0.31185,0.9654798761609907,0.0019839039797695033,19.4554519632066,19.907499499999997,-0.4520475367933976,0.0,0.4520475367933976,0.4520475367933976
Ref-01B-B-0p10mps,0.9199999999999999,-0.15025000000000002,0.1,0.0,0.31175,0.9651702786377709,0.0019832678072571517,19.449213242038347,19.907499499999997,-0.45828625796164957,0.0,0.45828625796164957,0.45828625796164957
Ref-01B-B-0p10mps,0.9210000000000002,-0.15015,0.1,0.0,0.31165,0.964860681114551,0.001982631634744799,19.442974520870084,19.907499499999997,-0.4645249791299122,0.0,0.4645249791299122,0.4645249791299122
Ref-01B-B-0p10mps,0.922,-0.15005000000000002,0.1,0.0,0.31155,0.9645510835913312,0.0019819954622324475,19.43673579970183,19.907499499999997,-0.4707637002981677,0.0,0.4707637002981677,0.4707637002981677
Ref-01B-B-0p10mps,0.923,-0.14995000000000003,0.1,0.0,0.31145,0.9642414860681114,0.0019813592897200954,19.430497078533573,19.907499499999997,-0.47700242146642324,0.0,0.47700242146642324,0.47700242146642324
Ref-01B-B-0p10mps,0.924,-0.14985,0.1,0.0,0.31135,0.9639318885448916,0.0019807231172077437,19.424258357365318,19.907499499999997,-0.48324114263467877,0.0,0.48324114263467877,0.48324114263467877
Ref-01B-B-0p10mps,0.9249999999999999,-0.14975000000000002,0.1,0.0,0.31125,0.9636222910216719,0.0019800869446953916,19.418019636197062,19.907499499999997,-0.4894798638029343,0.0,0.4894798638029343,0.4894798638029343
Ref-01B-B-0p10mps,0.9260000000000002,-0.14965,0.1,0.0,0.31115000000000004,0.963312693498452,0.00197945077218304,19.411780915028807,19.907499499999997,-0.4957185849711898,0.0,0.4957185849711898,0.4957185849711898
Ref-01B-B-0p10mps,0.927,-0.14955000000000002,0.1,0.0,0.31105000000000005,0.9630030959752324,0.0019788145996706883,19.405542193860555,19.907499499999997,-0.5019573061394418,0.0,0.5019573061394418,0.5019573061394418
Ref-01B-B-0p10mps,0.928,-0.14945000000000003,0.1,0.0,0.31095000000000006,0.9626934984520126,0.001978178427158336,19.399303472692296,19.907499499999997,-0.5081960273077009,0.0,0.5081960273077009,0.5081960273077009
Ref-01B-B-0p10mps,0.929,-0.14935,0.1,0.0,0.31085,0.9623839009287926,0.001977542254645984,19.39306475152404,19.907499499999997,-0.5144347484759564,0.0,0.5144347484759564,0.5144347484759564
Ref-01B-B-0p10mps,0.9299999999999999,-0.14925000000000002,0.1,0.0,0.31075,0.9620743034055728,0.001976906082133632,19.38682603035578,19.907499499999997,-0.5206734696442155,0.0,0.5206734696442155,0.5206734696442155
Ref-01B-B-0p10mps,0.9310000000000002,-0.14915,0.1,0.0,0.31065,0.9617647058823529,0.00197626990962128,19.380587309187522,19.907499499999997,-0.5269121908124745,0.0,0.5269121908124745,0.5269121908124745
Ref-01B-B-0p10mps,0.932,-0.14905000000000002,0.1,0.0,0.31055,0.9614551083591331,0.0019756337371089282,19.37434858801927,19.907499499999997,-0.5331509119807265,0.0,0.5331509119807265,0.5331509119807265
Ref-01B-B-0p10mps,0.933,-0.14895000000000003,0.1,0.0,0.31045,0.9611455108359133,0.001974997564596576,19.36810986685101,19.907499499999997,-0.5393896331489856,0.0,0.5393896331489856,0.5393896331489856
Ref-01B-B-0p10mps,0.934,-0.14885,0.1,0.0,0.31035,0.9608359133126935,0.0019743613920842245,19.36187114568276,19.907499499999997,-0.5456283543172376,0.0,0.5456283543172376,0.5456283543172376
Ref-01B-B-0p10mps,0.9349999999999999,-0.14875000000000002,0.1,0.0,0.31025,0.9605263157894738,0.0019737252195718724,19.3556324245145,19.907499499999997,-0.5518670754854966,0.0,0.5518670754854966,0.5518670754854966
Ref-01B-B-0p10mps,0.9360000000000002,-0.14865,0.1,0.0,0.31015000000000004,0.960216718266254,0.0019730890470595207,19.349393703346248,19.907499499999997,-0.5581057966537486,0.0,0.5581057966537486,0.5581057966537486
Ref-01B-B-0p10mps,0.937,-0.14855000000000002,0.1,0.0,0.31005000000000005,0.9599071207430342,0.0019724528745471686,19.34315498217799,19.907499499999997,-0.5643445178220077,0.0,0.5643445178220077,0.5643445178220077
Ref-01B-B-0p10mps,0.9380000000000001,-0.14845000000000003,0.1,0.0,0.30995000000000006,0.9595975232198144,0.001971816702034817,19.336916261009737,19.907499499999997,-0.5705832389902596,0.0,0.5705832389902596,0.5705832389902596
Ref-01B-B-0p10mps,0.9390000000000001,-0.14835,0.1,0.0,0.30985,0.9592879256965945,0.001971180529522465,19.330677539841478,19.907499499999997,-0.5768219601585187,0.0,0.5768219601585187,0.5768219601585187
Ref-01B-B-0p10mps,0.94,-0.14825000000000002,0.1,0.0,0.30975,0.9589783281733747,0.0019705443570101127,19.324438818673222,19.907499499999997,-0.5830606813267742,0.0,0.5830606813267742,0.5830606813267742
Ref-01B-B-0p10mps,0.9410000000000002,-0.14815,0.1,0.0,0.30965,0.9586687306501547,0.0019699081844977606,19.318200097504963,19.907499499999997,-0.5892994024950333,0.0,0.5892994024950333,0.5892994024950333
Ref-01B-B-0p10mps,0.9420000000000001,-0.14805000000000001,0.1,0.0,0.30955,0.9583591331269349,0.0019692720119854085,19.311961376336704,19.907499499999997,-0.5955381236632924,0.0,0.5955381236632924,0.5955381236632924
Ref-01B-B-0p10mps,0.9430000000000001,-0.14795000000000003,0.1,0.0,0.30945,0.9580495356037152,0.001968635839473057,19.305722655168452,19.907499499999997,-0.6017768448315444,0.0,0.6017768448315444,0.6017768448315444
Ref-01B-B-0p10mps,0.9440000000000001,-0.14785,0.1,0.0,0.30935,0.9577399380804954,0.001967999666960705,19.2994839340002,19.907499499999997,-0.6080155659997963,0.0,0.6080155659997963,0.6080155659997963
Ref-01B-B-0p10mps,0.945,-0.14775000000000002,0.1,0.0,0.30925,0.9574303405572756,0.001967363494448353,19.29324521283194,19.907499499999997,-0.6142542871680554,0.0,0.6142542871680554,0.6142542871680554
Ref-01B-B-0p10mps,0.9460000000000002,-0.14765,0.1,0.0,0.30915000000000004,0.9571207430340558,0.0019667273219360014,19.28700649166369,19.907499499999997,-0.6204930083363074,0.0,0.6204930083363074,0.6204930083363074
Ref-01B-B-0p10mps,0.9470000000000001,-0.14755000000000001,0.1,0.0,0.30905000000000005,0.956811145510836,0.0019660911494236493,19.28076777049543,19.907499499999997,-0.6267317295045665,0.0,0.6267317295045665,0.6267317295045665
Ref-01B-B-0p10mps,0.9480000000000001,-0.14745000000000003,0.1,0.0,0.30895000000000006,0.9565015479876162,0.0019654549769112977,19.274529049327178,19.907499499999997,-0.6329704506728184,0.0,0.6329704506728184,0.6329704506728184
Ref-01B-B-0p10mps,0.9490000000000001,-0.14735,0.1,0.0,0.30885,0.9561919504643963,0.001964818804398945,19.268290328158916,19.907499499999997,-0.6392091718410811,0.0,0.6392091718410811,0.6392091718410811
Ref-01B-B-0p10mps,0.95,-0.14725000000000002,0.1,0.0,0.30875,0.9558823529411765,0.0019641826318865935,19.26205160699066,19.907499499999997,-0.6454478930093366,0.0,0.6454478930093366,0.6454478930093366
Ref-01B-B-0p10mps,0.951,-0.14715,0.1,0.0,0.30865,0.9555727554179566,0.0019635464593742414,19.255812885822404,19.907499499999997,-0.6516866141775921,0.0,0.6516866141775921,0.6516866141775921
Ref-01B-B-0p10mps,0.9520000000000001,-0.14705000000000001,0.1,0.0,0.30855,0.9552631578947368,0.0019629102868618893,19.249574164654145,19.907499499999997,-0.6579253353458512,0.0,0.6579253353458512,0.6579253353458512
Ref-01B-B-0p10mps,0.9530000000000001,-0.14695000000000003,0.1,0.0,0.30845,0.954953560371517,0.0019622741143495376,19.243335443485893,19.907499499999997,-0.6641640565141032,0.0,0.6641640565141032,0.6641640565141032
Ref-01B-B-0p10mps,0.9540000000000001,-0.14685,0.1,0.0,0.30835,0.9546439628482972,0.0019616379418371855,19.237096722317634,19.907499499999997,-0.6704027776823622,0.0,0.6704027776823622,0.6704027776823622
Ref-01B-B-0p10mps,0.955,-0.14675000000000002,0.1,0.0,0.30825,0.9543343653250774,0.001961001769324834,19.230858001149382,19.907499499999997,-0.6766414988506142,0.0,0.6766414988506142,0.6766414988506142
Ref-01B-B-0p10mps,0.956,-0.14665,0.1,0.0,0.30815000000000003,0.9540247678018576,0.0019603655968124818,19.224619279981123,19.907499499999997,-0.6828802200188733,0.0,0.6828802200188733,0.6828802200188733
Ref-01B-B-0p10mps,0.9570000000000001,-0.14655,0.1,0.0,0.30805000000000005,0.9537151702786378,0.00195972942430013,19.21838055881287,19.907499499999997,-0.6891189411871252,0.0,0.6891189411871252,0.6891189411871252
Ref-01B-B-0p10mps,0.9580000000000001,-0.14645000000000002,0.1,0.0,0.30795000000000006,0.9534055727554182,0.0019590932517877784,19.212141837644616,19.907499499999997,-0.6953576623553808,0.0,0.6953576623553808,0.6953576623553808
Ref-01B-B-0p10mps,0.9590000000000001,-0.14635,0.1,0.0,0.30785,0.9530959752321981,0.001958457079275426,19.205903116476353,19.907499499999997,-0.7015963835236434,0.0,0.7015963835236434,0.7015963835236434
Ref-01B-B-0p10mps,0.96,-0.14625000000000002,0.1,0.0,0.30775,0.9527863777089783,0.0019578209067630742,19.1996643953081,19.907499499999997,-0.7078351046918954,0.0,0.7078351046918954,0.7078351046918954
Ref-01B-B-0p10mps,0.961,-0.14615,0.1,0.0,0.30765,0.9524767801857584,0.001957184734250722,19.193425674139842,19.907499499999997,-0.7140738258601544,0.0,0.7140738258601544,0.7140738258601544
Ref-01B-B-0p10mps,0.9620000000000001,-0.14605,0.1,0.0,0.30755,0.9521671826625386,0.00195654856173837,19.187186952971587,19.907499499999997,-0.72031254702841,0.0,0.72031254702841,0.72031254702841
Ref-01B-B-0p10mps,0.9630000000000001,-0.14595000000000002,0.1,0.0,0.30745,0.9518575851393188,0.0019559123892260184,19.18094823180333,19.907499499999997,-0.7265512681966655,0.0,0.7265512681966655,0.7265512681966655
Ref-01B-B-0p10mps,0.9640000000000001,-0.14585,0.1,0.0,0.30735,0.951547987616099,0.0019552762167136663,19.174709510635076,19.907499499999997,-0.732789989364921,0.0,0.732789989364921,0.732789989364921
Ref-01B-B-0p10mps,0.965,-0.14575000000000002,0.1,0.0,0.30725,0.9512383900928792,0.0019546400442013146,19.16847078946682,19.907499499999997,-0.7390287105331765,0.0,0.7390287105331765,0.7390287105331765
Ref-01B-B-0p10mps,0.966,-0.14565,0.1,0.0,0.30715000000000003,0.9509287925696596,0.0019540038716889625,19.162232068298565,19.907499499999997,-0.7452674317014321,0.0,0.7452674317014321,0.7452674317014321
Ref-01B-B-0p10mps,0.9670000000000001,-0.14555,0.1,0.0,0.30705000000000005,0.9506191950464398,0.001953367699176611,19.15599334713031,19.907499499999997,-0.7515061528696876,0.0,0.7515061528696876,0.7515061528696876
Ref-01B-B-0p10mps,0.9680000000000001,-0.14545000000000002,0.1,0.0,0.30695000000000006,0.95030959752322,0.001952731526664259,19.149754625962053,19.907499499999997,-0.7577448740379431,0.0,0.7577448740379431,0.7577448740379431
Ref-01B-B-0p10mps,0.9690000000000001,-0.14535,0.1,0.0,0.30685,0.95,0.0019520953541519066,19.143515904793794,19.907499499999997,-0.7639835952062022,0.0,0.7639835952062022,0.7639835952062022
Ref-01B-B-0p10mps,0.97,-0.14525000000000002,0.1,0.0,0.30675,0.9496904024767803,0.0019514591816395547,19.13727718362554,19.907499499999997,-0.7702223163744577,0.0,0.7702223163744577,0.7702223163744577
Ref-01B-B-0p10mps,0.971,-0.14515,0.1,0.0,0.30665,0.9493808049535603,0.0019508230091272026,19.13103846245728,19.907499499999997,-0.7764610375427168,0.0,0.7764610375427168,0.7764610375427168
Ref-01B-B-0p10mps,0.9720000000000001,-0.14505,0.1,0.0,0.30655,0.9490712074303405,0.0019501868366148508,19.124799741289024,19.907499499999997,-0.7826997587109723,0.0,0.7826997587109723,0.7826997587109723
Ref-01B-B-0p10mps,0.9730000000000001,-0.14495000000000002,0.1,0.0,0.30645,0.9487616099071207,0.0019495506641024989,19.11856102012077,19.907499499999997,-0.7889384798792278,0.0,0.7889384798792278,0.7889384798792278
Ref-01B-B-0p10mps,0.9740000000000001,-0.14485,0.1,0.0,0.30635,0.948452012383901,0.001948914491590147,19.112322298952513,19.907499499999997,-0.7951772010474834,0.0,0.7951772010474834,0.7951772010474834
Ref-01B-B-0p10mps,0.975,-0.14475000000000002,0.1,0.0,0.30625,0.9481424148606812,0.0019482783190777951,19.106083577784258,19.907499499999997,-0.8014159222157389,0.0,0.8014159222157389,0.8014159222157389
Ref-01B-B-0p10mps,0.976,-0.14465,0.1,0.0,0.30615000000000003,0.9478328173374614,0.0019476421465654432,19.099844856616002,19.907499499999997,-0.8076546433839944,0.0,0.8076546433839944,0.8076546433839944
Ref-01B-B-0p10mps,0.9770000000000001,-0.14455,0.1,0.0,0.30605000000000004,0.9475232198142416,0.0019470059740530914,19.093606135447747,19.907499499999997,-0.8138933645522499,0.0,0.8138933645522499,0.8138933645522499
Ref-01B-B-0p10mps,0.9780000000000001,-0.14445000000000002,0.1,0.0,0.30595000000000006,0.9472136222910218,0.0019463698015407395,19.08736741427949,19.907499499999997,-0.8201320857205054,0.0,0.8201320857205054,0.8201320857205054
Ref-01B-B-0p10mps,0.979,-0.14435000000000003,0.1,0.0,0.30585000000000007,0.946904024767802,0.0019457336290283876,19.081128693111236,19.907499499999997,-0.826370806888761,0.0,0.826370806888761,0.826370806888761
Ref-01B-B-0p10mps,0.98,-0.14425000000000002,0.1,0.0,0.30575,0.9465944272445821,0.0019450974565160355,19.07488997194298,19.907499499999997,-0.8326095280570165,0.0,0.8326095280570165,0.8326095280570165
Ref-01B-B-0p10mps,0.981,-0.14415,0.1,0.0,0.30565,0.9462848297213622,0.0019444612840036832,19.068651250774717,19.907499499999997,-0.8388482492252791,0.0,0.8388482492252791,0.8388482492252791
Ref-01B-B-0p10mps,0.9820000000000001,-0.14405,0.1,0.0,0.30555,0.9459752321981424,0.0019438251114913313,19.062412529606462,19.907499499999997,-0.8450869703935346,0.0,0.8450869703935346,0.8450869703935346
Ref-01B-B-0p10mps,0.9830000000000001,-0.14395000000000002,0.1,0.0,0.30545,0.9456656346749226,0.0019431889389789794,19.056173808438206,19.907499499999997,-0.8513256915617902,0.0,0.8513256915617902,0.8513256915617902
Ref-01B-B-0p10mps,0.984,-0.14385000000000003,0.1,0.0,0.30535,0.9453560371517028,0.0019425527664666277,19.049935087269954,19.907499499999997,-0.8575644127300421,0.0,0.8575644127300421,0.8575644127300421
Ref-01B-B-0p10mps,0.985,-0.14375000000000002,0.1,0.0,0.30525,0.945046439628483,0.0019419165939542759,19.0436963661017,19.907499499999997,-0.8638031338982977,0.0,0.8638031338982977,0.8638031338982977
Ref-01B-B-0p10mps,0.986,-0.14365,0.1,0.0,0.30515000000000003,0.9447368421052632,0.001941280421441924,19.037457644933443,19.907499499999997,-0.8700418550665532,0.0,0.8700418550665532,0.8700418550665532
Ref-01B-B-0p10mps,0.9870000000000001,-0.14355,0.1,0.0,0.30505000000000004,0.9444272445820434,0.001940644248929572,19.031218923765188,19.907499499999997,-0.8762805762348087,0.0,0.8762805762348087,0.8762805762348087
Ref-01B-B-0p10mps,0.9880000000000001,-0.14345000000000002,0.1,0.0,0.30495000000000005,0.9441176470588236,0.0019400080764172202,19.024980202596932,19.907499499999997,-0.8825192974030642,0.0,0.8825192974030642,0.8825192974030642
Ref-01B-B-0p10mps,0.989,-0.14335000000000003,0.1,0.0,0.30485000000000007,0.9438080495356039,0.0019393719039048683,19.018741481428677,19.907499499999997,-0.8887580185713198,0.0,0.8887580185713198,0.8887580185713198
Ref-01B-B-0p10mps,0.99,-0.14325000000000002,0.1,0.0,0.30475,0.9434984520123839,0.001938735731392516,19.012502760260418,19.907499499999997,-0.8949967397395788,0.0,0.8949967397395788,0.8949967397395788
Ref-01B-B-0p10mps,0.991,-0.14315,0.1,0.0,0.30465,0.943188854489164,0.001938099558880164,19.00626403909216,19.907499499999997,-0.9012354609078379,0.0,0.9012354609078379,0.9012354609078379
Ref-01B-B-0p10mps,0.9920000000000001,-0.14305,0.1,0.0,0.30455,0.9428792569659442,0.001937463386367812,19.000025317923903,19.907499499999997,-0.9074741820760934,0.0,0.9074741820760934,0.9074741820760934
Ref-01B-B-0p10mps,0.9930000000000001,-0.14295000000000002,0.1,0.0,0.30445,0.9425696594427244,0.0019368272138554602,18.993786596755648,19.907499499999997,-0.913712903244349,0.0,0.913712903244349,0.913712903244349
Ref-01B-B-0p10mps,0.994,-0.14285000000000003,0.1,0.0,0.30435,0.9422600619195046,0.0019361910413431083,18.987547875587392,19.907499499999997,-0.9199516244126045,0.0,0.9199516244126045,0.9199516244126045
Ref-01B-B-0p10mps,0.995,-0.14275000000000002,0.1,0.0,0.30425,0.9419504643962848,0.0019355548688307564,18.981309154419137,19.907499499999997,-0.92619034558086,0.0,0.92619034558086,0.92619034558086
Ref-01B-B-0p10mps,0.996,-0.14265,0.1,0.0,0.30415000000000003,0.9416408668730651,0.0019349186963184045,18.97507043325088,19.907499499999997,-0.9324290667491155,0.0,0.9324290667491155,0.9324290667491155
Ref-01B-B-0p10mps,0.9970000000000001,-0.14255,0.1,0.0,0.30405000000000004,0.9413312693498453,0.0019342825238060526,18.968831712082626,19.907499499999997,-0.938667787917371,0.0,0.938667787917371,0.938667787917371
Ref-01B-B-0p10mps,0.9980000000000001,-0.14245000000000002,0.1,0.0,0.30395000000000005,0.9410216718266255,0.001933646351293701,18.962592990914374,19.907499499999997,-0.944906509085623,0.0,0.944906509085623,0.944906509085623
Ref-01B-B-0p10mps,0.999,-0.14235000000000003,0.1,0.0,0.30385000000000006,0.9407120743034058,0.001933010178781349,18.956354269746114,19.907499499999997,-0.9511452302538821,0.0,0.9511452302538821,0.9511452302538821
Ref-01B-B-0p10mps,1.0,-0.14225000000000002,0.1,0.0,0.30375,0.9404024767801858,0.0019323740062689968,18.950115548577855,19.907499499999997,-0.9573839514221412,0.0,0.9573839514221412,0.9573839514221412
Ref-01B-B-0p10mps,1.0010000000000001,-0.14215,0.1,0.0,0.30365,0.9400928792569658,0.0019317378337566447,18.9438768274096,19.907499499999997,-0.9636226725903967,0.0,0.9636226725903967,0.9636226725903967
Ref-01B-B-0p10mps,1.002,-0.14205,0.1,0.0,0.30355,0.939783281733746,0.0019311016612442928,18.937638106241344,19.907499499999997,-0.9698613937586522,0.0,0.9698613937586522,0.9698613937586522
Ref-01B-B-0p10mps,1.0030000000000001,-0.14195000000000002,0.1,0.0,0.30345,0.9394736842105262,0.001930465488731941,18.93139938507309,19.907499499999997,-0.9761001149269077,0.0,0.9761001149269077,0.9761001149269077
Ref-01B-B-0p10mps,1.004,-0.14185000000000003,0.1,0.0,0.30335,0.9391640866873066,0.001929829316219589,18.925160663904833,19.907499499999997,-0.9823388360951633,0.0,0.9823388360951633,0.9823388360951633
Ref-01B-B-0p10mps,1.005,-0.14175000000000001,0.1,0.0,0.30325,0.9388544891640868,0.0019291931437072371,18.918921942736578,19.907499499999997,-0.9885775572634188,0.0,0.9885775572634188,0.9885775572634188
Ref-01B-B-0p10mps,1.006,-0.14165,0.1,0.0,0.30315000000000003,0.938544891640867,0.0019285569711948853,18.912683221568322,19.907499499999997,-0.9948162784316743,0.0,0.9948162784316743,0.9948162784316743
Ref-01B-B-0p10mps,1.0070000000000001,-0.14155,0.1,0.0,0.30305000000000004,0.9382352941176472,0.0019279207986825334,18.906444500400067,19.907499499999997,-1.0010549995999298,0.0,1.0010549995999298,1.0010549995999298
Ref-01B-B-0p10mps,1.008,-0.14145000000000002,0.1,0.0,0.30295000000000005,0.9379256965944274,0.0019272846261701815,18.90020577923181,19.907499499999997,-1.0072937207681854,0.0,1.0072937207681854,1.0072937207681854
Ref-01B-B-0p10mps,1.009,-0.14135000000000003,0.1,0.0,0.30285000000000006,0.9376160990712076,0.0019266484536578296,18.893967058063556,19.907499499999997,-1.0135324419364409,0.0,1.0135324419364409,1.0135324419364409
Ref-01B-B-0p10mps,1.01,-0.14125000000000001,0.1,0.0,0.30275,0.9373065015479877,0.0019260122811454775,18.887728336895297,19.907499499999997,-1.0197711631047,0.0,1.0197711631047,1.0197711631047
Ref-01B-B-0p10mps,1.0110000000000001,-0.14115,0.1,0.0,0.30265,0.9369969040247677,0.0019253761086331252,18.881489615727038,19.907499499999997,-1.026009884272959,0.0,1.026009884272959,1.026009884272959
Ref-01B-B-0p10mps,1.012,-0.14105,0.1,0.0,0.30255,0.936687306501548,0.0019247399361207733,18.875250894558782,19.907499499999997,-1.0322486054412146,0.0,1.0322486054412146,1.0322486054412146
Ref-01B-B-0p10mps,1.0130000000000001,-0.14095000000000002,0.1,0.0,0.30245,0.9363777089783282,0.0019241037636084214,18.869012173390526,19.907499499999997,-1.03848732660947,0.0,1.03848732660947,1.03848732660947
Ref-01B-B-0p10mps,1.014,-0.14085000000000003,0.1,0.0,0.30235,0.9360681114551084,0.0019234675910960695,18.86277345222227,19.907499499999997,-1.0447260477777256,0.0,1.0447260477777256,1.0447260477777256
Ref-01B-B-0p10mps,1.015,-0.14075000000000001,0.1,0.0,0.30225,0.9357585139318886,0.0019228314185837179,18.856534731054015,19.907499499999997,-1.0509647689459811,0.0,1.0509647689459811,1.0509647689459811
Ref-01B-B-0p10mps,1.016,-0.14065,0.1,0.0,0.30215000000000003,0.9354489164086688,0.001922195246071366,18.85029600988576,19.907499499999997,-1.0572034901142366,0.0,1.0572034901142366,1.0572034901142366
Ref-01B-B-0p10mps,1.017,-0.14055,0.1,0.0,0.30205000000000004,0.935139318885449,0.0019215590735590141,18.844057288717504,19.907499499999997,-1.0634422112824922,0.0,1.0634422112824922,1.0634422112824922
Ref-01B-B-0p10mps,1.018,-0.14045000000000002,0.1,0.0,0.30195000000000005,0.9348297213622292,0.0019209229010466622,18.83781856754925,19.907499499999997,-1.0696809324507477,0.0,1.0696809324507477,1.0696809324507477
Ref-01B-B-0p10mps,1.019,-0.14035000000000003,0.1,0.0,0.30185000000000006,0.9345201238390095,0.0019202867285343104,18.831579846380993,19.907499499999997,-1.0759196536190032,0.0,1.0759196536190032,1.0759196536190032
Ref-01B-B-0p10mps,1.02,-0.14025,0.1,0.0,0.30175,0.9342105263157895,0.001919650556021958,18.825341125212734,19.907499499999997,-1.0821583747872623,0.0,1.0821583747872623,1.0821583747872623
Ref-01B-B-0p10mps,1.0210000000000001,-0.14015,0.1,0.0,0.30165,0.9339009287925696,0.001919014383509606,18.819102404044475,19.907499499999997,-1.0883970959555214,0.0,1.0883970959555214,1.0883970959555214
Ref-01B-B-0p10mps,1.022,-0.14005,0.1,0.0,0.30155,0.9335913312693498,0.001918378210997254,18.81286368287622,19.907499499999997,-1.0946358171237769,0.0,1.0946358171237769,1.0946358171237769
Ref-01B-B-0p10mps,1.0230000000000001,-0.13995000000000002,0.1,0.0,0.30145,0.93328173374613,0.0019177420384849022,18.806624961707964,19.907499499999997,-1.1008745382920324,0.0,1.1008745382920324,1.1008745382920324
Ref-01B-B-0p10mps,1.024,-0.13985000000000003,0.1,0.0,0.30135,0.9329721362229102,0.0019171058659725503,18.80038624053971,19.907499499999997,-1.107113259460288,0.0,1.107113259460288,1.107113259460288
Ref-01B-B-0p10mps,1.025,-0.13975,0.1,0.0,0.30125,0.9326625386996904,0.0019164696934601984,18.794147519371453,19.907499499999997,-1.1133519806285435,0.0,1.1133519806285435,1.1133519806285435
Ref-01B-B-0p10mps,1.026,-0.13965,0.1,0.0,0.30115000000000003,0.9323529411764706,0.0019158335209478465,18.787908798203198,19.907499499999997,-1.119590701796799,0.0,1.119590701796799,1.119590701796799
Ref-01B-B-0p10mps,1.027,-0.13955,0.1,0.0,0.30105000000000004,0.9320433436532509,0.0019151973484354946,18.781670077034942,19.907499499999997,-1.1258294229650545,0.0,1.1258294229650545,1.1258294229650545
Ref-01B-B-0p10mps,1.028,-0.13945000000000002,0.1,0.0,0.30095000000000005,0.9317337461300311,0.0019145611759231428,18.775431355866687,19.907499499999997,-1.13206814413331,0.0,1.13206814413331,1.13206814413331
Ref-01B-B-0p10mps,1.029,-0.13935000000000003,0.1,0.0,0.30085000000000006,0.9314241486068113,0.001913925003410791,18.769192634698435,19.907499499999997,-1.138306865301562,0.0,1.138306865301562,1.138306865301562
Ref-01B-B-0p10mps,1.03,-0.13925,0.1,0.0,0.30075,0.9311145510835913,0.0019132888308984388,18.762953913530175,19.907499499999997,-1.144545586469821,0.0,1.144545586469821,1.144545586469821
Ref-01B-B-0p10mps,1.0310000000000001,-0.13915,0.1,0.0,0.30065,0.9308049535603714,0.0019126526583860865,18.756715192361913,19.907499499999997,-1.1507843076380837,0.0,1.1507843076380837,1.1507843076380837
Ref-01B-B-0p10mps,1.032,-0.13905,0.1,0.0,0.30055,0.9304953560371516,0.0019120164858737348,18.75047647119366,19.907499499999997,-1.1570230288063357,0.0,1.1570230288063357,1.1570230288063357
Ref-01B-B-0p10mps,1.0330000000000001,-0.13895000000000002,0.1,0.0,0.30045,0.9301857585139318,0.001911380313361383,18.744237750025405,19.907499499999997,-1.1632617499745912,0.0,1.1632617499745912,1.1632617499745912
Ref-01B-B-0p10mps,1.034,-0.13885000000000003,0.1,0.0,0.30035,0.929876160990712,0.001910744140849031,18.73799902885715,19.907499499999997,-1.1695004711428467,0.0,1.1695004711428467,1.1695004711428467
Ref-01B-B-0p10mps,1.035,-0.13875,0.1,0.0,0.30025,0.9295665634674923,0.0019101079683366792,18.731760307688894,19.907499499999997,-1.1757391923111022,0.0,1.1757391923111022,1.1757391923111022
Ref-01B-B-0p10mps,1.036,-0.13865,0.1,0.0,0.30015000000000003,0.9292569659442725,0.0019094717958243273,18.72552158652064,19.907499499999997,-1.1819779134793578,0.0,1.1819779134793578,1.1819779134793578
Ref-01B-B-0p10mps,1.037,-0.13855,0.1,0.0,0.30005000000000004,0.9289473684210527,0.0019088356233119754,18.719282865352383,19.907499499999997,-1.1882166346476133,0.0,1.1882166346476133,1.1882166346476133
Ref-01B-B-0p10mps,1.038,-0.13845000000000002,0.1,0.0,0.29995000000000005,0.928637770897833,0.0019081994507996235,18.713044144184128,19.907499499999997,-1.1944553558158688,0.0,1.1944553558158688,1.1944553558158688
Ref-01B-B-0p10mps,1.039,-0.13835000000000003,0.1,0.0,0.29985000000000006,0.9283281733746132,0.0019075632782872716,18.706805423015872,19.907499499999997,-1.2006940769841243,0.0,1.2006940769841243,1.2006940769841243
Ref-01B-B-0p10mps,1.04,-0.13825,0.1,0.0,0.29975,0.9280185758513932,0.0019069271057749195,18.700566701847613,19.907499499999997,-1.2069327981523834,0.0,1.2069327981523834,1.2069327981523834
Ref-01B-B-0p10mps,1.0410000000000001,-0.13815,0.1,0.0,0.29964999999999997,0.9277089783281732,0.0019062909332625672,18.694327980679354,19.907499499999997,-1.2131715193206425,0.0,1.2131715193206425,1.2131715193206425
Ref-01B-B-0p10mps,1.042,-0.13805,0.1,0.0,0.29955,0.9273993808049534,0.0019056547607502153,18.6880892595111,19.907499499999997,-1.219410240488898,0.0,1.219410240488898,1.219410240488898
Ref-01B-B-0p10mps,1.0430000000000001,-0.13795000000000002,0.1,0.0,0.29945,0.9270897832817337,0.0019050185882378634,18.681850538342843,19.907499499999997,-1.2256489616571535,0.0,1.2256489616571535,1.2256489616571535
Ref-01B-B-0p10mps,1.044,-0.13785000000000003,0.1,0.0,0.29935,0.926780185758514,0.0019043824157255116,18.675611817174588,19.907499499999997,-1.231887682825409,0.0,1.231887682825409,1.231887682825409
Ref-01B-B-0p10mps,1.045,-0.13775000000000004,0.1,0.0,0.29925,0.9264705882352942,0.0019037462432131597,18.669373096006332,19.907499499999997,-1.2381264039936646,0.0,1.2381264039936646,1.2381264039936646
Ref-01B-B-0p10mps,1.046,-0.13765,0.1,0.0,0.29915,0.9261609907120744,0.0019031100707008078,18.663134374838076,19.907499499999997,-1.24436512516192,0.0,1.24436512516192,1.24436512516192
Ref-01B-B-0p10mps,1.047,-0.13755,0.1,0.0,0.29905000000000004,0.9258513931888546,0.0019024738981884561,18.65689565366982,19.907499499999997,-1.2506038463301756,0.0,1.2506038463301756,1.2506038463301756
Ref-01B-B-0p10mps,1.048,-0.13745000000000002,0.1,0.0,0.29895000000000005,0.9255417956656348,0.0019018377256761042,18.650656932501565,19.907499499999997,-1.2568425674984312,0.0,1.2568425674984312,1.2568425674984312
Ref-01B-B-0p10mps,1.049,-0.13735000000000003,0.1,0.0,0.29885000000000006,0.925232198142415,0.0019012015531637524,18.64441821133331,19.907499499999997,-1.2630812886666867,0.0,1.2630812886666867,1.2630812886666867
Ref-01B-B-0p10mps,1.0499999999999998,-0.13725000000000004,0.1,0.0,0.29875000000000007,0.9249226006191953,0.0019005653806514005,18.638179490165054,19.907499499999997,-1.2693200098349422,0.0,1.2693200098349422,1.2693200098349422
Ref-01B-B-0p10mps,1.0510000000000002,-0.13715,0.1,0.0,0.29864999999999997,0.9246130030959752,0.001899929208139048,18.631940768996795,19.907499499999997,-1.2755587310032013,0.0,1.2755587310032013,1.2755587310032013
Ref-01B-B-0p10mps,1.052,-0.13705,0.1,0.0,0.29855,0.9243034055727554,0.001899293035626696,18.62570204782854,19.907499499999997,-1.2817974521714568,0.0,1.2817974521714568,1.2817974521714568
Ref-01B-B-0p10mps,1.0530000000000002,-0.13695000000000002,0.1,0.0,0.29845,0.9239938080495356,0.0018986568631143442,18.619463326660284,19.907499499999997,-1.2880361733397123,0.0,1.2880361733397123,1.2880361733397123
Ref-01B-B-0p10mps,1.054,-0.13685000000000003,0.1,0.0,0.29835,0.9236842105263158,0.0018980206906019923,18.61322460549203,19.907499499999997,-1.2942748945079678,0.0,1.2942748945079678,1.2942748945079678
Ref-01B-B-0p10mps,1.055,-0.13675000000000004,0.1,0.0,0.29825,0.923374613003096,0.0018973845180896404,18.606985884323773,19.907499499999997,-1.3005136156762234,0.0,1.3005136156762234,1.3005136156762234
Ref-01B-B-0p10mps,1.056,-0.13665,0.1,0.0,0.29815,0.9230650154798762,0.0018967483455772885,18.600747163155518,19.907499499999997,-1.306752336844479,0.0,1.306752336844479,1.306752336844479
Ref-01B-B-0p10mps,1.057,-0.13655,0.1,0.0,0.29805000000000004,0.9227554179566564,0.0018961121730649367,18.594508441987262,19.907499499999997,-1.3129910580127344,0.0,1.3129910580127344,1.3129910580127344
Ref-01B-B-0p10mps,1.058,-0.13645000000000002,0.1,0.0,0.29795000000000005,0.9224458204334367,0.0018954760005525848,18.588269720819003,19.907499499999997,-1.3192297791809935,0.0,1.3192297791809935,1.3192297791809935
Ref-01B-B-0p10mps,1.059,-0.13635000000000003,0.1,0.0,0.29785000000000006,0.9221362229102169,0.001894839828040233,18.582030999650748,19.907499499999997,-1.325468500349249,0.0,1.325468500349249,1.325468500349249
Ref-01B-B-0p10mps,1.0599999999999998,-0.13625000000000004,0.1,0.0,0.29775000000000007,0.9218266253869971,0.001894203655527881,18.575792278482492,19.907499499999997,-1.3317072215175045,0.0,1.3317072215175045,1.3317072215175045
Ref-01B-B-0p10mps,1.0610000000000002,-0.13615,0.1,0.0,0.29764999999999997,0.921517027863777,0.0018935674830155285,18.569553557314233,19.907499499999997,-1.3379459426857636,0.0,1.3379459426857636,1.3379459426857636
Ref-01B-B-0p10mps,1.062,-0.13605,0.1,0.0,0.29755,0.9212074303405572,0.0018929313105031766,18.563314836145977,19.907499499999997,-1.3441846638540191,0.0,1.3441846638540191,1.3441846638540191
Ref-01B-B-0p10mps,1.0630000000000002,-0.13595000000000002,0.1,0.0,0.29745,0.9208978328173374,0.0018922951379908247,18.557076114977722,19.907499499999997,-1.3504233850222747,0.0,1.3504233850222747,1.3504233850222747
Ref-01B-B-0p10mps,1.064,-0.13585000000000003,0.1,0.0,0.29735,0.9205882352941176,0.001891658965478473,18.550837393809466,19.907499499999997,-1.3566621061905302,0.0,1.3566621061905302,1.3566621061905302
Ref-01B-B-0p10mps,1.065,-0.13575000000000004,0.1,0.0,0.29725,0.9202786377708978,0.0018910227929661212,18.54459867264121,19.907499499999997,-1.3629008273587857,0.0,1.3629008273587857,1.3629008273587857
Ref-01B-B-0p10mps,1.066,-0.13565,0.1,0.0,0.29715,0.9199690402476781,0.0018903866204537693,18.538359951472955,19.907499499999997,-1.3691395485270412,0.0,1.3691395485270412,1.3691395485270412
Ref-01B-B-0p10mps,1.067,-0.13555,0.1,0.0,0.29705000000000004,0.9196594427244583,0.0018897504479414174,18.5321212303047,19.907499499999997,-1.3753782696952968,0.0,1.3753782696952968,1.3753782696952968
Ref-01B-B-0p10mps,1.068,-0.13545000000000001,0.1,0.0,0.29695000000000005,0.9193498452012385,0.0018891142754290655,18.525882509136444,19.907499499999997,-1.3816169908635523,0.0,1.3816169908635523,1.3816169908635523
Ref-01B-B-0p10mps,1.069,-0.13535000000000003,0.1,0.0,0.29685000000000006,0.9190402476780187,0.0018884781029167136,18.51964378796819,19.907499499999997,-1.3878557120318078,0.0,1.3878557120318078,1.3878557120318078
Ref-01B-B-0p10mps,1.0699999999999998,-0.13525000000000004,0.1,0.0,0.29675000000000007,0.9187306501547989,0.0018878419304043618,18.513405066799933,19.907499499999997,-1.3940944332000633,0.0,1.3940944332000633,1.3940944332000633
Ref-01B-B-0p10mps,1.0710000000000002,-0.13515,0.1,0.0,0.29664999999999997,0.9184210526315788,0.0018872057578920092,18.50716634563167,19.907499499999997,-1.400333154368326,0.0,1.400333154368326,1.400333154368326
Ref-01B-B-0p10mps,1.072,-0.13505,0.1,0.0,0.29655,0.918111455108359,0.0018865695853796573,18.500927624463415,19.907499499999997,-1.4065718755365815,0.0,1.4065718755365815,1.4065718755365815
Ref-01B-B-0p10mps,1.0730000000000002,-0.13495000000000001,0.1,0.0,0.29645,0.9178018575851392,0.0018859334128673055,18.49468890329516,19.907499499999997,-1.412810596704837,0.0,1.412810596704837,1.412810596704837
Ref-01B-B-0p10mps,1.074,-0.13485000000000003,0.1,0.0,0.29635,0.9174922600619195,0.0018852972403549536,18.488450182126904,19.907499499999997,-1.4190493178730925,0.0,1.4190493178730925,1.4190493178730925
Ref-01B-B-0p10mps,1.075,-0.13475000000000004,0.1,0.0,0.29625,0.9171826625386997,0.0018846610678426017,18.48221146095865,19.907499499999997,-1.425288039041348,0.0,1.425288039041348,1.425288039041348
Ref-01B-B-0p10mps,1.076,-0.13465,0.1,0.0,0.29615,0.9168730650154799,0.0018840248953302498,18.475972739790393,19.907499499999997,-1.4315267602096036,0.0,1.4315267602096036,1.4315267602096036
Ref-01B-B-0p10mps,1.077,-0.13455,0.1,0.0,0.29605000000000004,0.9165634674922601,0.001883388722817898,18.469734018622137,19.907499499999997,-1.437765481377859,0.0,1.437765481377859,1.437765481377859
Ref-01B-B-0p10mps,1.078,-0.13445000000000001,0.1,0.0,0.29595000000000005,0.9162538699690403,0.0018827525503055463,18.463495297453886,19.907499499999997,-1.444004202546111,0.0,1.444004202546111,1.444004202546111
Ref-01B-B-0p10mps,1.079,-0.13435000000000002,0.1,0.0,0.29585000000000006,0.9159442724458206,0.0018821163777931944,18.45725657628563,19.907499499999997,-1.4502429237143666,0.0,1.4502429237143666,1.4502429237143666
Ref-01B-B-0p10mps,1.0799999999999998,-0.13425000000000004,0.1,0.0,0.29575000000000007,0.9156346749226008,0.0018814802052808425,18.451017855117374,19.907499499999997,-1.456481644882622,0.0,1.456481644882622,1.456481644882622
Ref-01B-B-0p10mps,1.0810000000000002,-0.13415,0.1,0.0,0.29564999999999997,0.9153250773993806,0.00188084403276849,18.444779133949112,19.907499499999997,-1.4627203660508847,0.0,1.4627203660508847,1.4627203660508847
Ref-01B-B-0p10mps,1.082,-0.13405,0.1,0.0,0.29555,0.9150154798761609,0.001880207860256138,18.438540412780856,19.907499499999997,-1.4689590872191403,0.0,1.4689590872191403,1.4689590872191403
Ref-01B-B-0p10mps,1.083,-0.13395,0.1,0.0,0.29545,0.9147058823529411,0.0018795716877437862,18.4323016916126,19.907499499999997,-1.4751978083873958,0.0,1.4751978083873958,1.4751978083873958
Ref-01B-B-0p10mps,1.084,-0.13385000000000002,0.1,0.0,0.29535,0.9143962848297214,0.0018789355152314343,18.426062970444345,19.907499499999997,-1.4814365295556513,0.0,1.4814365295556513,1.4814365295556513
Ref-01B-B-0p10mps,1.085,-0.13375000000000004,0.1,0.0,0.29525,0.9140866873065016,0.0018782993427190824,18.41982424927609,19.907499499999997,-1.4876752507239068,0.0,1.4876752507239068,1.4876752507239068
Ref-01B-B-0p10mps,1.086,-0.13365,0.1,0.0,0.29515,0.9137770897832818,0.0018776631702067306,18.413585528107834,19.907499499999997,-1.4939139718921624,0.0,1.4939139718921624,1.4939139718921624
Ref-01B-B-0p10mps,1.087,-0.13355,0.1,0.0,0.29505000000000003,0.913467492260062,0.0018770269976943787,18.40734680693958,19.907499499999997,-1.5001526930604179,0.0,1.5001526930604179,1.5001526930604179
Ref-01B-B-0p10mps,1.088,-0.13345,0.1,0.0,0.29495000000000005,0.9131578947368422,0.0018763908251820268,18.401108085771323,19.907499499999997,-1.5063914142286734,0.0,1.5063914142286734,1.5063914142286734
Ref-01B-B-0p10mps,1.089,-0.13335000000000002,0.1,0.0,0.29485000000000006,0.9128482972136225,0.001875754652669675,18.394869364603068,19.907499499999997,-1.512630135396929,0.0,1.512630135396929,1.512630135396929
Ref-01B-B-0p10mps,1.0899999999999999,-0.13325000000000004,0.1,0.0,0.29475000000000007,0.9125386996904027,0.001875118480157323,18.388630643434812,19.907499499999997,-1.5188688565651844,0.0,1.5188688565651844,1.5188688565651844
Ref-01B-B-0p10mps,1.0910000000000002,-0.13315,0.1,0.0,0.29464999999999997,0.9122291021671826,0.0018744823076449705,18.38239192226655,19.907499499999997,-1.525107577733447,0.0,1.525107577733447,1.525107577733447
Ref-01B-B-0p10mps,1.092,-0.13305,0.1,0.0,0.29455,0.9119195046439628,0.0018738461351326186,18.376153201098294,19.907499499999997,-1.5313462989017026,0.0,1.5313462989017026,1.5313462989017026
Ref-01B-B-0p10mps,1.093,-0.13295,0.1,0.0,0.29445,0.911609907120743,0.0018732099626202667,18.36991447993004,19.907499499999997,-1.5375850200699581,0.0,1.5375850200699581,1.5375850200699581
Ref-01B-B-0p10mps,1.094,-0.13285000000000002,0.1,0.0,0.29435,0.9113003095975232,0.0018725737901079148,18.363675758761783,19.907499499999997,-1.5438237412382136,0.0,1.5438237412382136,1.5438237412382136
Ref-01B-B-0p10mps,1.095,-0.13275000000000003,0.1,0.0,0.29425,0.9109907120743034,0.0018719376175955632,18.357437037593527,19.907499499999997,-1.5500624624064692,0.0,1.5500624624064692,1.5500624624064692
Ref-01B-B-0p10mps,1.096,-0.13265,0.1,0.0,0.29415,0.9106811145510836,0.0018713014450832113,18.351198316425272,19.907499499999997,-1.5563011835747247,0.0,1.5563011835747247,1.5563011835747247
Ref-01B-B-0p10mps,1.097,-0.13255,0.1,0.0,0.29405000000000003,0.9103715170278639,0.0018706652725708594,18.344959595257016,19.907499499999997,-1.5625399047429802,0.0,1.5625399047429802,1.5625399047429802
Ref-01B-B-0p10mps,1.098,-0.13245,0.1,0.0,0.29395000000000004,0.9100619195046441,0.0018700291000585075,18.33872087408876,19.907499499999997,-1.5687786259112357,0.0,1.5687786259112357,1.5687786259112357
Ref-01B-B-0p10mps,1.099,-0.13235000000000002,0.1,0.0,0.29385000000000006,0.9097523219814243,0.0018693929275461557,18.332482152920505,19.907499499999997,-1.5750173470794913,0.0,1.5750173470794913,1.5750173470794913
Ref-01B-B-0p10mps,1.0999999999999999,-0.13225000000000003,0.1,0.0,0.29375000000000007,0.9094427244582045,0.0018687567550338038,18.32624343175225,19.907499499999997,-1.5812560682477468,0.0,1.5812560682477468,1.5812560682477468
Ref-01B-B-0p10mps,1.1010000000000002,-0.13215,0.1,0.0,0.29364999999999997,0.9091331269349844,0.0018681205825214512,18.32000471058399,19.907499499999997,-1.5874947894160059,0.0,1.5874947894160059,1.5874947894160059
Ref-01B-B-0p10mps,1.102,-0.13205,0.1,0.0,0.29355,0.9088235294117646,0.0018674844100090994,18.313765989415735,19.907499499999997,-1.5937335105842614,0.0,1.5937335105842614,1.5937335105842614
Ref-01B-B-0p10mps,1.103,-0.13195,0.1,0.0,0.29345,0.9085139318885448,0.0018668482374967475,18.30752726824748,19.907499499999997,-1.599972231752517,0.0,1.599972231752517,1.599972231752517
Ref-01B-B-0p10mps,1.104,-0.13185000000000002,0.1,0.0,0.29335,0.9082043343653251,0.0018662120649843956,18.30128854707922,19.907499499999997,-1.606210952920776,0.0,1.606210952920776,1.606210952920776
Ref-01B-B-0p10mps,1.105,-0.13175000000000003,0.1,0.0,0.29325,0.9078947368421053,0.0018655758924720437,18.295049825910965,19.907499499999997,-1.6124496740890315,0.0,1.6124496740890315,1.6124496740890315
Ref-01B-B-0p10mps,1.106,-0.13165,0.1,0.0,0.29315,0.9075851393188855,0.0018649397199596918,18.28881110474271,19.907499499999997,-1.618688395257287,0.0,1.618688395257287,1.618688395257287
Ref-01B-B-0p10mps,1.107,-0.13155,0.1,0.0,0.29305000000000003,0.9072755417956657,0.00186430354744734,18.282572383574454,19.907499499999997,-1.6249271164255426,0.0,1.6249271164255426,1.6249271164255426
Ref-01B-B-0p10mps,1.108,-0.13145,0.1,0.0,0.29295000000000004,0.9069659442724459,0.001863667374934988,18.2763336624062,19.907499499999997,-1.631165837593798,0.0,1.631165837593798,1.631165837593798
Ref-01B-B-0p10mps,1.109,-0.13135000000000002,0.1,0.0,0.29285000000000005,0.9066563467492261,0.0018630312024226364,18.270094941237947,19.907499499999997,-1.63740455876205,0.0,1.63740455876205,1.63740455876205
Ref-01B-B-0p10mps,1.1099999999999999,-0.13125000000000003,0.1,0.0,0.29275000000000007,0.9063467492260063,0.0018623950299102845,18.26385622006969,19.907499499999997,-1.6436432799303056,0.0,1.6436432799303056,1.6436432799303056
Ref-01B-B-0p10mps,1.111,-0.13115000000000002,0.1,0.0,0.29265,0.9060371517027864,0.0018617588573979322,18.257617498901432,19.907499499999997,-1.6498820010985646,0.0,1.6498820010985646,1.6498820010985646
Ref-01B-B-0p10mps,1.112,-0.13105,0.1,0.0,0.29255,0.9057275541795665,0.00186112268488558,18.251378777733173,19.907499499999997,-1.6561207222668237,0.0,1.6561207222668237,1.6561207222668237
Ref-01B-B-0p10mps,1.113,-0.13095,0.1,0.0,0.29245,0.9054179566563467,0.0018604865123732282,18.245140056564917,19.907499499999997,-1.6623594434350792,0.0,1.6623594434350792,1.6623594434350792
Ref-01B-B-0p10mps,1.114,-0.13085000000000002,0.1,0.0,0.29235,0.9051083591331269,0.0018598503398608763,18.238901335396662,19.907499499999997,-1.6685981646033348,0.0,1.6685981646033348,1.6685981646033348
Ref-01B-B-0p10mps,1.115,-0.13075000000000003,0.1,0.0,0.29225,0.9047987616099071,0.0018592141673485245,18.232662614228406,19.907499499999997,-1.6748368857715903,0.0,1.6748368857715903,1.6748368857715903
Ref-01B-B-0p10mps,1.1159999999999999,-0.13065000000000002,0.1,0.0,0.29215,0.9044891640866873,0.0018585779948361726,18.22642389306015,19.907499499999997,-1.6810756069398458,0.0,1.6810756069398458,1.6810756069398458
Ref-01B-B-0p10mps,1.117,-0.13055,0.1,0.0,0.29205000000000003,0.9041795665634675,0.0018579418223238207,18.220185171891895,19.907499499999997,-1.6873143281081013,0.0,1.6873143281081013,1.6873143281081013
Ref-01B-B-0p10mps,1.118,-0.13045,0.1,0.0,0.29195000000000004,0.9038699690402477,0.0018573056498114688,18.21394645072364,19.907499499999997,-1.6935530492763569,0.0,1.6935530492763569,1.6935530492763569
Ref-01B-B-0p10mps,1.119,-0.13035000000000002,0.1,0.0,0.29185000000000005,0.903560371517028,0.001856669477299117,18.207707729555384,19.907499499999997,-1.6997917704446124,0.0,1.6997917704446124,1.6997917704446124
Ref-01B-B-0p10mps,1.1199999999999999,-0.13025000000000003,0.1,0.0,0.29175000000000006,0.9032507739938083,0.001856033304786765,18.20146900838713,19.907499499999997,-1.706030491612868,0.0,1.706030491612868,1.706030491612868
Ref-01B-B-0p10mps,1.121,-0.13015000000000002,0.1,0.0,0.29165,0.9029411764705882,0.001855397132274413,18.19523028721887,19.907499499999997,-1.712269212781127,0.0,1.712269212781127,1.712269212781127
Ref-01B-B-0p10mps,1.122,-0.13005,0.1,0.0,0.29155,0.9026315789473683,0.0018547609597620606,18.18899156605061,19.907499499999997,-1.718507933949386,0.0,1.718507933949386,1.718507933949386
Ref-01B-B-0p10mps,1.123,-0.12995,0.1,0.0,0.29145,0.9023219814241485,0.0018541247872497087,18.182752844882355,19.907499499999997,-1.7247466551176416,0.0,1.7247466551176416,1.7247466551176416
Ref-01B-B-0p10mps,1.124,-0.12985000000000002,0.1,0.0,0.29135,0.9020123839009287,0.0018534886147373569,18.1765141237141,19.907499499999997,-1.730985376285897,0.0,1.730985376285897,1.730985376285897
Ref-01B-B-0p10mps,1.125,-0.12975000000000003,0.1,0.0,0.29125,0.901702786377709,0.001852852442225005,18.170275402545844,19.907499499999997,-1.7372240974541526,0.0,1.7372240974541526,1.7372240974541526
Ref-01B-B-0p10mps,1.126,-0.12965000000000002,0.1,0.0,0.29115,0.9013931888544892,0.0018522162697126533,18.164036681377592,19.907499499999997,-1.7434628186224046,0.0,1.7434628186224046,1.7434628186224046
Ref-01B-B-0p10mps,1.127,-0.12955,0.1,0.0,0.29105000000000003,0.9010835913312695,0.0018515800972003014,18.157797960209336,19.907499499999997,-1.7497015397906601,0.0,1.7497015397906601,1.7497015397906601
Ref-01B-B-0p10mps,1.1280000000000001,-0.12945,0.1,0.0,0.29095000000000004,0.9007739938080497,0.0018509439246879496,18.15155923904108,19.907499499999997,-1.7559402609589156,0.0,1.7559402609589156,1.7559402609589156
Ref-01B-B-0p10mps,1.129,-0.12935000000000002,0.1,0.0,0.29085000000000005,0.9004643962848299,0.0018503077521755977,18.145320517872825,19.907499499999997,-1.7621789821271712,0.0,1.7621789821271712,1.7621789821271712
Ref-01B-B-0p10mps,1.13,-0.12925000000000003,0.1,0.0,0.29075000000000006,0.9001547987616101,0.0018496715796632458,18.13908179670457,19.907499499999997,-1.7684177032954267,0.0,1.7684177032954267,1.7684177032954267
Ref-01B-B-0p10mps,1.131,-0.12915000000000001,0.1,0.0,0.29065,0.8998452012383902,0.0018490354071508935,18.132843075536307,19.907499499999997,-1.7746564244636893,0.0,1.7746564244636893,1.7746564244636893
Ref-01B-B-0p10mps,1.1320000000000001,-0.12905,0.1,0.0,0.29055,0.8995356037151702,0.0018483992346385414,18.12660435436805,19.907499499999997,-1.7808951456319448,0.0,1.7808951456319448,1.7808951456319448
Ref-01B-B-0p10mps,1.133,-0.12895,0.1,0.0,0.29045,0.8992260061919504,0.0018477630621261895,18.120365633199796,19.907499499999997,-1.7871338668002004,0.0,1.7871338668002004,1.7871338668002004
Ref-01B-B-0p10mps,1.1340000000000001,-0.12885000000000002,0.1,0.0,0.29035,0.8989164086687306,0.0018471268896138376,18.11412691203154,19.907499499999997,-1.793372587968456,0.0,1.793372587968456,1.793372587968456
Ref-01B-B-0p10mps,1.135,-0.12875000000000003,0.1,0.0,0.29025,0.8986068111455109,0.0018464907171014857,18.107888190863285,19.907499499999997,-1.7996113091367114,0.0,1.7996113091367114,1.7996113091367114
Ref-01B-B-0p10mps,1.136,-0.12865000000000001,0.1,0.0,0.29015,0.8982972136222911,0.0018458545445891338,18.10164946969503,19.907499499999997,-1.805850030304967,0.0,1.805850030304967,1.805850030304967
Ref-01B-B-0p10mps,1.137,-0.12855,0.1,0.0,0.29005000000000003,0.8979876160990713,0.001845218372076782,18.095410748526774,19.907499499999997,-1.8120887514732225,0.0,1.8120887514732225,1.8120887514732225
Ref-01B-B-0p10mps,1.1380000000000001,-0.12845,0.1,0.0,0.28995000000000004,0.8976780185758515,0.00184458219956443,18.08917202735852,19.907499499999997,-1.818327472641478,0.0,1.818327472641478,1.818327472641478
Ref-01B-B-0p10mps,1.139,-0.12835000000000002,0.1,0.0,0.28985000000000005,0.8973684210526317,0.0018439460270520782,18.082933306190263,19.907499499999997,-1.8245661938097335,0.0,1.8245661938097335,1.8245661938097335
Ref-01B-B-0p10mps,1.14,-0.12825000000000003,0.1,0.0,0.28975000000000006,0.8970588235294119,0.0018433098545397265,18.076694585022008,19.907499499999997,-1.830804914977989,0.0,1.830804914977989,1.830804914977989
Ref-01B-B-0p10mps,1.141,-0.12815000000000001,0.1,0.0,0.28965,0.896749226006192,0.0018426736820273742,18.07045586385375,19.907499499999997,-1.837043636146248,0.0,1.837043636146248,1.837043636146248
Ref-01B-B-0p10mps,1.1420000000000001,-0.12805,0.1,0.0,0.28955,0.896439628482972,0.001842037509515022,18.06421714268549,19.907499499999997,-1.8432823573145072,0.0,1.8432823573145072,1.8432823573145072
Ref-01B-B-0p10mps,1.143,-0.12795,0.1,0.0,0.28945,0.8961300309597523,0.0018414013370026702,18.057978421517234,19.907499499999997,-1.8495210784827627,0.0,1.8495210784827627,1.8495210784827627
Ref-01B-B-0p10mps,1.144,-0.12785000000000002,0.1,0.0,0.28935,0.8958204334365325,0.0018407651644903184,18.05173970034898,19.907499499999997,-1.8557597996510182,0.0,1.8557597996510182,1.8557597996510182
Ref-01B-B-0p10mps,1.145,-0.12775000000000003,0.1,0.0,0.28925,0.8955108359133127,0.0018401289919779665,18.045500979180723,19.907499499999997,-1.8619985208192738,0.0,1.8619985208192738,1.8619985208192738
Ref-01B-B-0p10mps,1.146,-0.12765,0.1,0.0,0.28915,0.8952012383900929,0.0018394928194656146,18.039262258012467,19.907499499999997,-1.8682372419875293,0.0,1.8682372419875293,1.8682372419875293
Ref-01B-B-0p10mps,1.147,-0.12755,0.1,0.0,0.28905000000000003,0.8948916408668731,0.0018388566469532627,18.03302353684421,19.907499499999997,-1.8744759631557848,0.0,1.8744759631557848,1.8744759631557848
Ref-01B-B-0p10mps,1.1480000000000001,-0.12745,0.1,0.0,0.28895000000000004,0.8945820433436533,0.0018382204744409108,18.026784815675956,19.907499499999997,-1.8807146843240403,0.0,1.8807146843240403,1.8807146843240403
Ref-01B-B-0p10mps,1.149,-0.12735000000000002,0.1,0.0,0.28885000000000005,0.8942724458204335,0.001837584301928559,18.0205460945077,19.907499499999997,-1.8869534054922958,0.0,1.8869534054922958,1.8869534054922958
Ref-01B-B-0p10mps,1.15,-0.12725000000000003,0.1,0.0,0.28875000000000006,0.8939628482972138,0.001836948129416207,18.014307373339445,19.907499499999997,-1.8931921266605514,0.0,1.8931921266605514,1.8931921266605514
Ref-01B-B-0p10mps,1.151,-0.12715,0.1,0.0,0.28865,0.8936532507739938,0.001836311956903855,18.00806865217119,19.907499499999997,-1.899430847828807,0.0,1.899430847828807,1.899430847828807
Ref-01B-B-0p10mps,1.1520000000000001,-0.12705,0.1,0.0,0.28855,0.8933436532507739,0.0018356757843915026,18.001829931002927,19.907499499999997,-1.9056695689970695,0.0,1.9056695689970695,1.9056695689970695
Ref-01B-B-0p10mps,1.153,-0.12695,0.1,0.0,0.28845,0.8930340557275541,0.0018350396118791508,17.99559120983467,19.907499499999997,-1.911908290165325,0.0,1.911908290165325,1.911908290165325
Ref-01B-B-0p10mps,1.154,-0.12685000000000002,0.1,0.0,0.28835,0.8927244582043343,0.0018344034393667989,17.989352488666416,19.907499499999997,-1.9181470113335806,0.0,1.9181470113335806,1.9181470113335806
Ref-01B-B-0p10mps,1.155,-0.12675000000000003,0.1,0.0,0.28825,0.8924148606811145,0.001833767266854447,17.98311376749816,19.907499499999997,-1.924385732501836,0.0,1.924385732501836,1.924385732501836
Ref-01B-B-0p10mps,1.156,-0.12665,0.1,0.0,0.28815,0.8921052631578947,0.0018331310943420951,17.976875046329905,19.907499499999997,-1.9306244536700916,0.0,1.9306244536700916,1.9306244536700916
Ref-01B-B-0p10mps,1.157,-0.12655,0.1,0.0,0.28805000000000003,0.8917956656346749,0.0018324949218297434,17.970636325161653,19.907499499999997,-1.9368631748383436,0.0,1.9368631748383436,1.9368631748383436
Ref-01B-B-0p10mps,1.1580000000000001,-0.12645,0.1,0.0,0.28795000000000004,0.8914860681114553,0.0018318587493173916,17.964397603993397,19.907499499999997,-1.943101896006599,0.0,1.943101896006599,1.943101896006599
Ref-01B-B-0p10mps,1.159,-0.12635000000000002,0.1,0.0,0.28785000000000005,0.8911764705882355,0.0018312225768050397,17.958158882825142,19.907499499999997,-1.9493406171748546,0.0,1.9493406171748546,1.9493406171748546
Ref-01B-B-0p10mps,1.16,-0.12625000000000003,0.1,0.0,0.28775000000000006,0.8908668730650157,0.0018305864042926878,17.951920161656886,19.907499499999997,-1.9555793383431102,0.0,1.9555793383431102,1.9555793383431102
Ref-01B-B-0p10mps,1.161,-0.12615,0.1,0.0,0.28765,0.8905572755417956,0.0018299502317803355,17.945681440488627,19.907499499999997,-1.9618180595113692,0.0,1.9618180595113692,1.9618180595113692
Ref-01B-B-0p10mps,1.1620000000000001,-0.12605,0.1,0.0,0.28755,0.8902476780185757,0.0018293140592679834,17.93944271932037,19.907499499999997,-1.9680567806796283,0.0,1.9680567806796283,1.9680567806796283
Ref-01B-B-0p10mps,1.163,-0.12595,0.1,0.0,0.28745,0.8899380804953559,0.0018286778867556315,17.933203998152113,19.907499499999997,-1.9742955018478838,0.0,1.9742955018478838,1.9742955018478838
Ref-01B-B-0p10mps,1.164,-0.12585000000000002,0.1,0.0,0.28735,0.8896284829721361,0.0018280417142432796,17.926965276983857,19.907499499999997,-1.9805342230161394,0.0,1.9805342230161394,1.9805342230161394
Ref-01B-B-0p10mps,1.165,-0.12575000000000003,0.1,0.0,0.28725,0.8893188854489164,0.0018274055417309277,17.9207265558156,19.907499499999997,-1.9867729441843949,0.0,1.9867729441843949,1.9867729441843949
Ref-01B-B-0p10mps,1.166,-0.12565,0.1,0.0,0.28715,0.8890092879256967,0.0018267693692185759,17.914487834647346,19.907499499999997,-1.9930116653526504,0.0,1.9930116653526504,1.9930116653526504
Ref-01B-B-0p10mps,1.167,-0.12555,0.1,0.0,0.28705,0.8886996904024769,0.001826133196706224,17.90824911347909,19.907499499999997,-1.999250386520906,0.0,1.999250386520906,1.999250386520906
Ref-01B-B-0p10mps,1.1680000000000001,-0.12545,0.1,0.0,0.28695000000000004,0.8883900928792571,0.001825497024193872,17.902010392310835,19.907499499999997,-2.0054891076891614,0.0,2.0054891076891614,2.0054891076891614
Ref-01B-B-0p10mps,1.169,-0.12535000000000002,0.1,0.0,0.28685000000000005,0.8880804953560373,0.0018248608516815202,17.89577167114258,19.907499499999997,-2.011727828857417,0.0,2.011727828857417,2.011727828857417
Ref-01B-B-0p10mps,1.17,-0.12525000000000003,0.1,0.0,0.28675000000000006,0.8877708978328175,0.0018242246791691683,17.889532949974324,19.907499499999997,-2.0179665500256725,0.0,2.0179665500256725,2.0179665500256725
Ref-01B-B-0p10mps,1.171,-0.12515,0.1,0.0,0.28665,0.8874613003095976,0.0018235885066568162,17.883294228806065,19.907499499999997,-2.0242052711939316,0.0,2.0242052711939316,2.0242052711939316
Ref-01B-B-0p10mps,1.172,-0.12505000000000002,0.1,0.0,0.28655,0.8871517027863778,0.0018229523341444643,17.87705550763781,19.907499499999997,-2.030443992362187,0.0,2.030443992362187,2.030443992362187
Ref-01B-B-0p10mps,1.173,-0.12495,0.1,0.0,0.28645,0.8868421052631578,0.001822316161632112,17.87081678646955,19.907499499999997,-2.036682713530446,0.0,2.036682713530446,2.036682713530446
Ref-01B-B-0p10mps,1.174,-0.12485000000000002,0.1,0.0,0.28635,0.8865325077399381,0.0018216799891197604,17.8645780653013,19.907499499999997,-2.042921434698698,0.0,2.042921434698698,2.042921434698698
Ref-01B-B-0p10mps,1.175,-0.12475000000000001,0.1,0.0,0.28625,0.8862229102167183,0.0018210438166074085,17.858339344133043,19.907499499999997,-2.0491601558669537,0.0,2.0491601558669537,2.0491601558669537
Ref-01B-B-0p10mps,1.176,-0.12465000000000001,0.1,0.0,0.28615,0.8859133126934985,0.0018204076440950566,17.852100622964787,19.907499499999997,-2.055398877035209,0.0,2.055398877035209,2.055398877035209
Ref-01B-B-0p10mps,1.1769999999999998,-0.12455000000000002,0.1,0.0,0.28605,0.8856037151702787,0.0018197714715827047,17.845861901796532,19.907499499999997,-2.0616375982034647,0.0,2.0616375982034647,2.0616375982034647
Ref-01B-B-0p10mps,1.1780000000000002,-0.12445,0.1,0.0,0.28595000000000004,0.8852941176470589,0.0018191352990703528,17.839623180628276,19.907499499999997,-2.0678763193717202,0.0,2.0678763193717202,2.0678763193717202
Ref-01B-B-0p10mps,1.179,-0.12435000000000002,0.1,0.0,0.28585000000000005,0.8849845201238391,0.001818499126558001,17.83338445946002,19.907499499999997,-2.0741150405399758,0.0,2.0741150405399758,2.0741150405399758
Ref-01B-B-0p10mps,1.18,-0.12425000000000001,0.1,0.0,0.28575,0.8846749226006192,0.0018178629540456486,17.827145738291758,19.907499499999997,-2.0803537617082384,0.0,2.0803537617082384,2.0803537617082384
Ref-01B-B-0p10mps,1.181,-0.12415000000000001,0.1,0.0,0.28565,0.8843653250773994,0.001817226781533297,17.820907017123506,19.907499499999997,-2.0865924828764904,0.0,2.0865924828764904,2.0865924828764904
Ref-01B-B-0p10mps,1.182,-0.12405000000000002,0.1,0.0,0.28555,0.8840557275541796,0.001816590609020945,17.81466829595525,19.907499499999997,-2.092831204044746,0.0,2.092831204044746,2.092831204044746
Ref-01B-B-0p10mps,1.183,-0.12395,0.1,0.0,0.28545,0.8837461300309597,0.0018159544365085928,17.80842957478699,19.907499499999997,-2.099069925213005,0.0,2.099069925213005,2.099069925213005
Ref-01B-B-0p10mps,1.184,-0.12385000000000002,0.1,0.0,0.28535,0.8834365325077399,0.001815318263996241,17.802190853618736,19.907499499999997,-2.1053086463812605,0.0,2.1053086463812605,2.1053086463812605
Ref-01B-B-0p10mps,1.185,-0.12375000000000001,0.1,0.0,0.28525,0.8831269349845201,0.001814682091483889,17.79595213245048,19.907499499999997,-2.111547367549516,0.0,2.111547367549516,2.111547367549516
Ref-01B-B-0p10mps,1.186,-0.12365000000000001,0.1,0.0,0.28515,0.8828173374613003,0.0018140459189715371,17.789713411282225,19.907499499999997,-2.1177860887177715,0.0,2.1177860887177715,2.1177860887177715
Ref-01B-B-0p10mps,1.1869999999999998,-0.12355000000000002,0.1,0.0,0.28505,0.8825077399380805,0.0018134097464591852,17.78347469011397,19.907499499999997,-2.124024809886027,0.0,2.124024809886027,2.124024809886027
Ref-01B-B-0p10mps,1.1880000000000002,-0.12345,0.1,0.0,0.28495000000000004,0.8821981424148607,0.0018127735739468334,17.777235968945714,19.907499499999997,-2.1302635310542826,0.0,2.1302635310542826,2.1302635310542826
Ref-01B-B-0p10mps,1.189,-0.12335000000000002,0.1,0.0,0.28485000000000005,0.881888544891641,0.0018121374014344817,17.77099724777746,19.907499499999997,-2.136502252222538,0.0,2.136502252222538,2.136502252222538
Ref-01B-B-0p10mps,1.19,-0.12325000000000001,0.1,0.0,0.28475,0.881578947368421,0.0018115012289221294,17.7647585266092,19.907499499999997,-2.142740973390797,0.0,2.142740973390797,2.142740973390797
Ref-01B-B-0p10mps,1.191,-0.12315000000000001,0.1,0.0,0.28465,0.8812693498452012,0.0018108650564097775,17.758519805440944,19.907499499999997,-2.1489796945590527,0.0,2.1489796945590527,2.1489796945590527
Ref-01B-B-0p10mps,1.192,-0.12305000000000002,0.1,0.0,0.28455,0.8809597523219814,0.0018102288838974256,17.75228108427269,19.907499499999997,-2.155218415727308,0.0,2.155218415727308,2.155218415727308
Ref-01B-B-0p10mps,1.193,-0.12295,0.1,0.0,0.28445,0.8806501547987615,0.0018095927113850735,17.74604236310443,19.907499499999997,-2.1614571368955673,0.0,2.1614571368955673,2.1614571368955673
Ref-01B-B-0p10mps,1.194,-0.12285000000000001,0.1,0.0,0.28435,0.8803405572755417,0.0018089565388727216,17.739803641936174,19.907499499999997,-2.167695858063823,0.0,2.167695858063823,2.167695858063823
Ref-01B-B-0p10mps,1.195,-0.12275000000000001,0.1,0.0,0.28425,0.8800309597523219,0.0018083203663603698,17.73356492076792,19.907499499999997,-2.1739345792320783,0.0,2.1739345792320783,2.1739345792320783
Ref-01B-B-0p10mps,1.196,-0.12265000000000001,0.1,0.0,0.28415,0.8797213622291021,0.0018076841938480179,17.727326199599663,19.907499499999997,-2.180173300400334,0.0,2.180173300400334,2.180173300400334
Ref-01B-B-0p10mps,1.1969999999999998,-0.12255000000000002,0.1,0.0,0.28405,0.8794117647058824,0.001807048021335666,17.721087478431407,19.907499499999997,-2.1864120215685894,0.0,2.1864120215685894,2.1864120215685894
Ref-01B-B-0p10mps,1.1980000000000002,-0.12245,0.1,0.0,0.28395000000000004,0.8791021671826627,0.001806411848823314,17.71484875726315,19.907499499999997,-2.192650742736845,0.0,2.192650742736845,2.192650742736845
Ref-01B-B-0p10mps,1.199,-0.12235000000000001,0.1,0.0,0.28385000000000005,0.8787925696594429,0.0018057756763109622,17.708610036094896,19.907499499999997,-2.1988894639051004,0.0,2.1988894639051004,2.1988894639051004
Ref-01B-B-0p10mps,1.2,-0.12225000000000003,0.1,0.0,0.28375000000000006,0.8784829721362231,0.0018051395037986103,17.70237131492664,19.907499499999997,-2.205128185073356,0.0,2.205128185073356,2.205128185073356
Ref-01B-B-0p10mps,1.201,-0.12215000000000001,0.1,0.0,0.28365,0.8781733746130032,0.0018045033312862582,17.696132593758385,19.907499499999997,-2.2113669062416115,0.0,2.2113669062416115,2.2113669062416115
Ref-01B-B-0p10mps,1.202,-0.12205000000000002,0.1,0.0,0.28355,0.8778637770897834,0.0018038671587739064,17.68989387259013,19.907499499999997,-2.217605627409867,0.0,2.217605627409867,2.217605627409867
Ref-01B-B-0p10mps,1.203,-0.12195,0.1,0.0,0.28345,0.8775541795665633,0.001803230986261554,17.683655151421867,19.907499499999997,-2.2238443485781296,0.0,2.2238443485781296,2.2238443485781296
Ref-01B-B-0p10mps,1.204,-0.12185000000000001,0.1,0.0,0.28335,0.8772445820433435,0.0018025948137492022,17.67741643025361,19.907499499999997,-2.230083069746385,0.0,2.230083069746385,2.230083069746385
Ref-01B-B-0p10mps,1.2049999999999998,-0.12175000000000002,0.1,0.0,0.28325,0.8769349845201239,0.0018019586412368503,17.671177709085356,19.907499499999997,-2.2363217909146407,0.0,2.2363217909146407,2.2363217909146407
Ref-01B-B-0p10mps,1.206,-0.12165000000000001,0.1,0.0,0.28315,0.8766253869969041,0.0018013224687244986,17.664938987917104,19.907499499999997,-2.2425605120828926,0.0,2.2425605120828926,2.2425605120828926
Ref-01B-B-0p10mps,1.2069999999999999,-0.12155000000000002,0.1,0.0,0.28305,0.8763157894736843,0.0018006862962121467,17.65870026674885,19.907499499999997,-2.248799233251148,0.0,2.248799233251148,2.248799233251148
Ref-01B-B-0p10mps,1.2080000000000002,-0.12145,0.1,0.0,0.28295000000000003,0.8760061919504645,0.0018000501236997949,17.652461545580593,19.907499499999997,-2.2550379544194037,0.0,2.2550379544194037,2.2550379544194037
Ref-01B-B-0p10mps,1.209,-0.12135000000000001,0.1,0.0,0.28285000000000005,0.8756965944272447,0.001799413951187443,17.646222824412337,19.907499499999997,-2.261276675587659,0.0,2.261276675587659,2.261276675587659
Ref-01B-B-0p10mps,1.21,-0.12125000000000002,0.1,0.0,0.28275000000000006,0.8753869969040249,0.001798777778675091,17.639984103244082,19.907499499999997,-2.2675153967559147,0.0,2.2675153967559147,2.2675153967559147
Ref-01B-B-0p10mps,1.211,-0.12115000000000001,0.1,0.0,0.28265,0.875077399380805,0.0017981416061627388,17.633745382075823,19.907499499999997,-2.273754117924174,0.0,2.273754117924174,2.273754117924174
Ref-01B-B-0p10mps,1.212,-0.12105000000000002,0.1,0.0,0.28255,0.8747678018575852,0.0017975054336503869,17.627506660907567,19.907499499999997,-2.2799928390924293,0.0,2.2799928390924293,2.2799928390924293
Ref-01B-B-0p10mps,1.213,-0.12095,0.1,0.0,0.28245,0.8744582043343653,0.0017968692611380348,17.621267939739308,19.907499499999997,-2.2862315602606884,0.0,2.2862315602606884,2.2862315602606884
Ref-01B-B-0p10mps,1.214,-0.12085000000000001,0.1,0.0,0.28235,0.8741486068111455,0.001796233088625683,17.615029218571053,19.907499499999997,-2.292470281428944,0.0,2.292470281428944,2.292470281428944
Ref-01B-B-0p10mps,1.2149999999999999,-0.12075000000000002,0.1,0.0,0.28225,0.8738390092879257,0.001795596916113331,17.608790497402797,19.907499499999997,-2.2987090025971995,0.0,2.2987090025971995,2.2987090025971995
Ref-01B-B-0p10mps,1.216,-0.12065000000000001,0.1,0.0,0.28215,0.8735294117647059,0.0017949607436009791,17.60255177623454,19.907499499999997,-2.304947723765455,0.0,2.304947723765455,2.304947723765455
Ref-01B-B-0p10mps,1.2169999999999999,-0.12055000000000002,0.1,0.0,0.28205,0.8732198142414861,0.0017943245710886273,17.596313055066286,19.907499499999997,-2.3111864449337105,0.0,2.3111864449337105,2.3111864449337105
Ref-01B-B-0p10mps,1.2180000000000002,-0.12045,0.1,0.0,0.28195000000000003,0.8729102167182663,0.0017936883985762754,17.59007433389803,19.907499499999997,-2.317425166101966,0.0,2.317425166101966,2.317425166101966
Ref-01B-B-0p10mps,1.219,-0.12035000000000001,0.1,0.0,0.28185000000000004,0.8726006191950465,0.0017930522260639235,17.583835612729775,19.907499499999997,-2.3236638872702216,0.0,2.3236638872702216,2.3236638872702216
Ref-01B-B-0p10mps,1.22,-0.12025000000000002,0.1,0.0,0.28175000000000006,0.8722910216718268,0.0017924160535515718,17.57759689156152,19.907499499999997,-2.329902608438477,0.0,2.329902608438477,2.329902608438477
Ref-01B-B-0p10mps,1.221,-0.12015,0.1,0.0,0.28165,0.8719814241486068,0.0017917798810392195,17.57135817039326,19.907499499999997,-2.336141329606736,0.0,2.336141329606736,2.336141329606736
Ref-01B-B-0p10mps,1.222,-0.12005000000000002,0.1,0.0,0.28155,0.871671826625387,0.0017911437085268676,17.565119449225005,19.907499499999997,-2.3423800507749917,0.0,2.3423800507749917,2.3423800507749917
Ref-01B-B-0p10mps,1.223,-0.11995,0.1,0.0,0.28145,0.8713622291021671,0.0017905075360145155,17.55888072805675,19.907499499999997,-2.348618771943247,0.0,2.348618771943247,2.348618771943247
Ref-01B-B-0p10mps,1.224,-0.11985000000000001,0.1,0.0,0.28135,0.8710526315789473,0.0017898713635021637,17.552642006888494,19.907499499999997,-2.3548574931115027,0.0,2.3548574931115027,2.3548574931115027
Ref-01B-B-0p10mps,1.2249999999999999,-0.11975000000000002,0.1,0.0,0.28125,0.8707430340557275,0.0017892351909898118,17.54640328572024,19.907499499999997,-2.3610962142797582,0.0,2.3610962142797582,2.3610962142797582
Ref-01B-B-0p10mps,1.226,-0.11965,0.1,0.0,0.28115,0.8704334365325077,0.0017885990184774599,17.540164564551983,19.907499499999997,-2.3673349354480138,0.0,2.3673349354480138,2.3673349354480138
Ref-01B-B-0p10mps,1.2269999999999999,-0.11955000000000002,0.1,0.0,0.28105,0.8701238390092879,0.001787962845965108,17.533925843383727,19.907499499999997,-2.3735736566162693,0.0,2.3735736566162693,2.3735736566162693
Ref-01B-B-0p10mps,1.2280000000000002,-0.11945,0.1,0.0,0.28095000000000003,0.8698142414860682,0.0017873266734527561,17.52768712221547,19.907499499999997,-2.379812377784525,0.0,2.379812377784525,2.379812377784525
Ref-01B-B-0p10mps,1.229,-0.11935000000000001,0.1,0.0,0.28085000000000004,0.8695046439628484,0.0017866905009404042,17.521448401047216,19.907499499999997,-2.3860510989527803,0.0,2.3860510989527803,2.3860510989527803
Ref-01B-B-0p10mps,1.23,-0.11925000000000002,0.1,0.0,0.28075000000000006,0.8691950464396286,0.0017860543284280524,17.51520967987896,19.907499499999997,-2.392289820121036,0.0,2.392289820121036,2.392289820121036
Ref-01B-B-0p10mps,1.231,-0.11915,0.1,0.0,0.28065,0.8688854489164087,0.0017854181559157003,17.5089709587107,19.907499499999997,-2.398528541289295,0.0,2.398528541289295,2.398528541289295
Ref-01B-B-0p10mps,1.232,-0.11905000000000002,0.1,0.0,0.28055,0.8685758513931889,0.0017847819834033484,17.502732237542446,19.907499499999997,-2.4047672624575505,0.0,2.4047672624575505,2.4047672624575505
Ref-01B-B-0p10mps,1.233,-0.11895,0.1,0.0,0.28045,0.8682662538699689,0.001784145810890996,17.496493516374187,19.907499499999997,-2.4110059836258095,0.0,2.4110059836258095,2.4110059836258095
Ref-01B-B-0p10mps,1.234,-0.11885000000000001,0.1,0.0,0.28035,0.8679566563467491,0.0017835096383786442,17.49025479520593,19.907499499999997,-2.417244704794065,0.0,2.417244704794065,2.417244704794065
Ref-01B-B-0p10mps,1.2349999999999999,-0.11875000000000002,0.1,0.0,0.28025,0.8676470588235294,0.0017828734658662923,17.484016074037676,19.907499499999997,-2.4234834259623206,0.0,2.4234834259623206,2.4234834259623206
Ref-01B-B-0p10mps,1.236,-0.11865,0.1,0.0,0.28015,0.8673374613003096,0.0017822372933539404,17.47777735286942,19.907499499999997,-2.429722147130576,0.0,2.429722147130576,2.429722147130576
Ref-01B-B-0p10mps,1.2369999999999999,-0.11855000000000002,0.1,0.0,0.28005,0.8670278637770898,0.0017816011208415887,17.471538631701165,19.907499499999997,-2.4359608682988316,0.0,2.4359608682988316,2.4359608682988316
Ref-01B-B-0p10mps,1.238,-0.11845000000000001,0.1,0.0,0.27995000000000003,0.86671826625387,0.0017809649483292369,17.46529991053291,19.907499499999997,-2.442199589467087,0.0,2.442199589467087,2.442199589467087
Ref-01B-B-0p10mps,1.239,-0.11835000000000001,0.1,0.0,0.27985000000000004,0.8664086687306503,0.001780328775816885,17.459061189364654,19.907499499999997,-2.4484383106353427,0.0,2.4484383106353427,2.4484383106353427
Ref-01B-B-0p10mps,1.24,-0.11825000000000002,0.1,0.0,0.27975000000000005,0.8660990712074305,0.001779692603304533,17.4528224681964,19.907499499999997,-2.454677031803598,0.0,2.454677031803598,2.454677031803598
Ref-01B-B-0p10mps,1.241,-0.11815,0.1,0.0,0.27965,0.8657894736842106,0.0017790564307921808,17.44658374702814,19.907499499999997,-2.4609157529718573,0.0,2.4609157529718573,2.4609157529718573
Ref-01B-B-0p10mps,1.242,-0.11805000000000002,0.1,0.0,0.27955,0.8654798761609908,0.001778420258279829,17.440345025859884,19.907499499999997,-2.467154474140113,0.0,2.467154474140113,2.467154474140113
Ref-01B-B-0p10mps,1.243,-0.11795000000000001,0.1,0.0,0.27945000000000003,0.865170278637771,0.001777784085767477,17.43410630469163,19.907499499999997,-2.4733931953083683,0.0,2.4733931953083683,2.4733931953083683
Ref-01B-B-0p10mps,1.244,-0.11785000000000001,0.1,0.0,0.27935,0.864860681114551,0.001777147913255125,17.42786758352337,19.907499499999997,-2.4796319164766274,0.0,2.4796319164766274,2.4796319164766274
Ref-01B-B-0p10mps,1.2449999999999999,-0.11775000000000002,0.1,0.0,0.27925,0.8645510835913313,0.001776511740742773,17.421628862355114,19.907499499999997,-2.485870637644883,0.0,2.485870637644883,2.485870637644883
Ref-01B-B-0p10mps,1.246,-0.11765,0.1,0.0,0.27915,0.8642414860681115,0.0017758755682304212,17.415390141186858,19.907499499999997,-2.4921093588131384,0.0,2.4921093588131384,2.4921093588131384
Ref-01B-B-0p10mps,1.2469999999999999,-0.11755000000000002,0.1,0.0,0.27905,0.8639318885448917,0.0017752393957180693,17.409151420018603,19.907499499999997,-2.498348079981394,0.0,2.498348079981394,2.498348079981394
Ref-01B-B-0p10mps,1.248,-0.11745000000000001,0.1,0.0,0.27895000000000003,0.8636222910216719,0.0017746032232057174,17.402912698850347,19.907499499999997,-2.5045868011496495,0.0,2.5045868011496495,2.5045868011496495
Ref-01B-B-0p10mps,1.249,-0.11735000000000001,0.1,0.0,0.27885000000000004,0.8633126934984521,0.0017739670506933655,17.39667397768209,19.907499499999997,-2.510825522317905,0.0,2.510825522317905,2.510825522317905
Ref-01B-B-0p10mps,1.25,-0.11725000000000002,0.1,0.0,0.27875000000000005,0.8630030959752324,0.0017733308781810136,17.390435256513836,19.907499499999997,-2.5170642434861605,0.0,2.5170642434861605,2.5170642434861605
Ref-01B-B-0p10mps,1.2510000000000001,-0.11715,0.1,0.0,0.27865,0.8626934984520124,0.0017726947056686615,17.38419653534558,19.907499499999997,-2.523302964654416,0.0,2.523302964654416,2.523302964654416
Ref-01B-B-0p10mps,1.252,-0.11705000000000002,0.1,0.0,0.27855,0.8623839009287926,0.0017720585331563096,17.377957814177325,19.907499499999997,-2.5295416858226716,0.0,2.5295416858226716,2.5295416858226716
Ref-01B-B-0p10mps,1.2530000000000001,-0.11695,0.1,0.0,0.27845,0.8620743034055727,0.0017714223606439573,17.371719093009062,19.907499499999997,-2.535780406990934,0.0,2.535780406990934,2.535780406990934
Ref-01B-B-0p10mps,1.254,-0.11685000000000001,0.1,0.0,0.27835,0.8617647058823529,0.0017707861881316057,17.36548037184081,19.907499499999997,-2.542019128159186,0.0,2.542019128159186,2.542019128159186
Ref-01B-B-0p10mps,1.255,-0.11675000000000002,0.1,0.0,0.27825,0.8614551083591331,0.0017701500156192538,17.359241650672555,19.907499499999997,-2.5482578493274417,0.0,2.5482578493274417,2.5482578493274417
Ref-01B-B-0p10mps,1.256,-0.11665,0.1,0.0,0.27815,0.8611455108359133,0.001769513843106902,17.3530029295043,19.907499499999997,-2.5544965704956972,0.0,2.5544965704956972,2.5544965704956972
Ref-01B-B-0p10mps,1.257,-0.11655000000000001,0.1,0.0,0.27805,0.8608359133126935,0.00176887767059455,17.346764208336044,19.907499499999997,-2.5607352916639528,0.0,2.5607352916639528,2.5607352916639528
Ref-01B-B-0p10mps,1.2580000000000002,-0.11645,0.1,0.0,0.27795000000000003,0.8605263157894738,0.0017682414980821981,17.34052548716779,19.907499499999997,-2.5669740128322083,0.0,2.5669740128322083,2.5669740128322083
Ref-01B-B-0p10mps,1.2590000000000001,-0.11635000000000001,0.1,0.0,0.27785000000000004,0.860216718266254,0.0017676053255698463,17.334286765999533,19.907499499999997,-2.573212734000464,0.0,2.573212734000464,2.573212734000464
Ref-01B-B-0p10mps,1.26,-0.11625000000000002,0.1,0.0,0.27775000000000005,0.8599071207430342,0.0017669691530574944,17.328048044831277,19.907499499999997,-2.5794514551687193,0.0,2.5794514551687193,2.5794514551687193
Ref-01B-B-0p10mps,1.2610000000000001,-0.11615,0.1,0.0,0.27765,0.8595975232198142,0.0017663329805451423,17.321809323663018,19.907499499999997,-2.5856901763369784,0.0,2.5856901763369784,2.5856901763369784
Ref-01B-B-0p10mps,1.262,-0.11605000000000001,0.1,0.0,0.27755,0.8592879256965945,0.0017656968080327904,17.315570602494763,19.907499499999997,-2.591928897505234,0.0,2.591928897505234,2.591928897505234
Ref-01B-B-0p10mps,1.2630000000000001,-0.11595,0.1,0.0,0.27745,0.8589783281733745,0.001765060635520438,17.309331881326504,19.907499499999997,-2.598167618673493,0.0,2.598167618673493,2.598167618673493
Ref-01B-B-0p10mps,1.264,-0.11585000000000001,0.1,0.0,0.27735,0.8586687306501547,0.0017644244630080862,17.303093160158248,19.907499499999997,-2.6044063398417485,0.0,2.6044063398417485,2.6044063398417485
Ref-01B-B-0p10mps,1.265,-0.11575000000000002,0.1,0.0,0.27725,0.8583591331269349,0.0017637882904957343,17.296854438989993,19.907499499999997,-2.610645061010004,0.0,2.610645061010004,2.610645061010004
Ref-01B-B-0p10mps,1.266,-0.11565,0.1,0.0,0.27715,0.8580495356037152,0.0017631521179833824,17.290615717821737,19.907499499999997,-2.6168837821782596,0.0,2.6168837821782596,2.6168837821782596
Ref-01B-B-0p10mps,1.267,-0.11555000000000001,0.1,0.0,0.27705,0.8577399380804954,0.0017625159454710305,17.28437699665348,19.907499499999997,-2.623122503346515,0.0,2.623122503346515,2.623122503346515
Ref-01B-B-0p10mps,1.2680000000000002,-0.11545,0.1,0.0,0.27695000000000003,0.8574303405572756,0.0017618797729586789,17.278138275485226,19.907499499999997,-2.6293612245147706,0.0,2.6293612245147706,2.6293612245147706
Ref-01B-B-0p10mps,1.2690000000000001,-0.11535000000000001,0.1,0.0,0.27685000000000004,0.8571207430340558,0.001761243600446327,17.27189955431697,19.907499499999997,-2.635599945683026,0.0,2.635599945683026,2.635599945683026
Ref-01B-B-0p10mps,1.27,-0.11525000000000002,0.1,0.0,0.27675000000000005,0.856811145510836,0.0017606074279339751,17.265660833148715,19.907499499999997,-2.6418386668512817,0.0,2.6418386668512817,2.6418386668512817
Ref-01B-B-0p10mps,1.2710000000000001,-0.11515,0.1,0.0,0.27665,0.8565015479876161,0.0017599712554216228,17.259422111980456,19.907499499999997,-2.6480773880195407,0.0,2.6480773880195407,2.6480773880195407
Ref-01B-B-0p10mps,1.272,-0.11505000000000001,0.1,0.0,0.27655,0.8561919504643963,0.001759335082909271,17.2531833908122,19.907499499999997,-2.6543161091877963,0.0,2.6543161091877963,2.6543161091877963
Ref-01B-B-0p10mps,1.2730000000000001,-0.11495,0.1,0.0,0.27645,0.8558823529411763,0.0017586989103969188,17.246944669643945,19.907499499999997,-2.660554830356052,0.0,2.660554830356052,2.660554830356052
Ref-01B-B-0p10mps,1.274,-0.11485000000000001,0.1,0.0,0.27635,0.8555727554179566,0.001758062737884567,17.24070594847569,19.907499499999997,-2.6667935515243073,0.0,2.6667935515243073,2.6667935515243073
Ref-01B-B-0p10mps,1.275,-0.11475000000000002,0.1,0.0,0.27625,0.8552631578947368,0.001757426565372215,17.234467227307434,19.907499499999997,-2.673032272692563,0.0,2.673032272692563,2.673032272692563
Ref-01B-B-0p10mps,1.276,-0.11465,0.1,0.0,0.27615,0.854953560371517,0.0017567903928598632,17.228228506139178,19.907499499999997,-2.6792709938608184,0.0,2.6792709938608184,2.6792709938608184
Ref-01B-B-0p10mps,1.277,-0.11455000000000001,0.1,0.0,0.27605,0.8546439628482972,0.0017561542203475113,17.221989784970923,19.907499499999997,-2.685509715029074,0.0,2.685509715029074,2.685509715029074
Ref-01B-B-0p10mps,1.2780000000000002,-0.11445,0.1,0.0,0.27595000000000003,0.8543343653250774,0.0017555180478351594,17.215751063802664,19.907499499999997,-2.691748436197333,0.0,2.691748436197333,2.691748436197333
Ref-01B-B-0p10mps,1.2790000000000001,-0.11435000000000001,0.1,0.0,0.27585000000000004,0.8540247678018577,0.0017548818753228075,17.209512342634408,19.907499499999997,-2.6979871573655885,0.0,2.6979871573655885,2.6979871573655885
Ref-01B-B-0p10mps,1.28,-0.11425000000000002,0.1,0.0,0.27575000000000005,0.8537151702786379,0.0017542457028104556,17.203273621466153,19.907499499999997,-2.704225878533844,0.0,2.704225878533844,2.704225878533844
Ref-01B-B-0p10mps,1.281,-0.11415000000000003,0.1,0.0,0.27565000000000006,0.8534055727554182,0.0017536095302981038,17.197034900297897,19.907499499999997,-2.7104645997020995,0.0,2.7104645997020995,2.7104645997020995
Ref-01B-B-0p10mps,1.282,-0.11405000000000001,0.1,0.0,0.27555,0.8530959752321982,0.0017529733577857517,17.19079617912964,19.907499499999997,-2.716703320870355,0.0,2.716703320870355,2.716703320870355
Ref-01B-B-0p10mps,1.2830000000000001,-0.11395,0.1,0.0,0.27545,0.8527863777089782,0.0017523371852733993,17.184557457961382,19.907499499999997,-2.722942042038614,0.0,2.722942042038614,2.722942042038614
Ref-01B-B-0p10mps,1.284,-0.11385,0.1,0.0,0.27535,0.8524767801857585,0.0017517010127610475,17.178318736793127,19.907499499999997,-2.7291807632068696,0.0,2.7291807632068696,2.7291807632068696
Ref-01B-B-0p10mps,1.285,-0.11375000000000002,0.1,0.0,0.27525,0.8521671826625387,0.0017510648402486958,17.17208001562487,19.907499499999997,-2.735419484375125,0.0,2.735419484375125,2.735419484375125
Ref-01B-B-0p10mps,1.2859999999999998,-0.11365000000000003,0.1,0.0,0.27515,0.8518575851393189,0.001750428667736344,17.165841294456616,19.907499499999997,-2.7416582055433807,0.0,2.7416582055433807,2.7416582055433807
Ref-01B-B-0p10mps,1.287,-0.11355000000000001,0.1,0.0,0.27505,0.8515479876160991,0.001749792495223992,17.15960257328836,19.907499499999997,-2.747896926711636,0.0,2.747896926711636,2.747896926711636
Ref-01B-B-0p10mps,1.2880000000000003,-0.11345,0.1,0.0,0.27495,0.8512383900928793,0.0017491563227116402,17.153363852120105,19.907499499999997,-2.7541356478798917,0.0,2.7541356478798917,2.7541356478798917
Ref-01B-B-0p10mps,1.2890000000000001,-0.11335,0.1,0.0,0.27485000000000004,0.8509287925696596,0.0017485201501992883,17.14712513095185,19.907499499999997,-2.7603743690481473,0.0,2.7603743690481473,2.7603743690481473
Ref-01B-B-0p10mps,1.29,-0.11325000000000002,0.1,0.0,0.27475000000000005,0.8506191950464398,0.0017478839776869364,17.140886409783594,19.907499499999997,-2.766613090216403,0.0,2.766613090216403,2.766613090216403
Ref-01B-B-0p10mps,1.291,-0.11315000000000003,0.1,0.0,0.27465000000000006,0.85030959752322,0.0017472478051745845,17.13464768861534,19.907499499999997,-2.7728518113846583,0.0,2.7728518113846583,2.7728518113846583
Ref-01B-B-0p10mps,1.292,-0.11305000000000001,0.1,0.0,0.27455,0.85,0.0017466116326622324,17.12840896744708,19.907499499999997,-2.7790905325529174,0.0,2.7790905325529174,2.7790905325529174
Ref-01B-B-0p10mps,1.2930000000000001,-0.11295,0.1,0.0,0.27444999999999997,0.8496904024767801,0.00174597546014988,17.12217024627882,19.907499499999997,-2.7853292537211765,0.0,2.7853292537211765,2.7853292537211765
Ref-01B-B-0p10mps,1.294,-0.11285,0.1,0.0,0.27435,0.8493808049535603,0.0017453392876375282,17.115931525110565,19.907499499999997,-2.791567974889432,0.0,2.791567974889432,2.791567974889432
Ref-01B-B-0p10mps,1.295,-0.11275000000000002,0.1,0.0,0.27425,0.8490712074303405,0.0017447031151251763,17.10969280394231,19.907499499999997,-2.7978066960576875,0.0,2.7978066960576875,2.7978066960576875
Ref-01B-B-0p10mps,1.2959999999999998,-0.11265000000000003,0.1,0.0,0.27415,0.8487616099071207,0.0017440669426128244,17.103454082774054,19.907499499999997,-2.804045417225943,0.0,2.804045417225943,2.804045417225943
Ref-01B-B-0p10mps,1.297,-0.11255000000000001,0.1,0.0,0.27405,0.848452012383901,0.0017434307701004726,17.097215361605798,19.907499499999997,-2.8102841383941985,0.0,2.8102841383941985,2.8102841383941985
Ref-01B-B-0p10mps,1.2980000000000003,-0.11245,0.1,0.0,0.27395,0.8481424148606812,0.0017427945975881207,17.090976640437542,19.907499499999997,-2.816522859562454,0.0,2.816522859562454,2.816522859562454
Ref-01B-B-0p10mps,1.2990000000000002,-0.11235,0.1,0.0,0.27385000000000004,0.8478328173374614,0.001742158425075769,17.08473791926929,19.907499499999997,-2.822761580730706,0.0,2.822761580730706,2.822761580730706
Ref-01B-B-0p10mps,1.3,-0.11225000000000002,0.1,0.0,0.27375000000000005,0.8475232198142416,0.0017415222525634171,17.078499198101035,19.907499499999997,-2.8290003018989616,0.0,2.8290003018989616,2.8290003018989616
Ref-01B-B-0p10mps,1.301,-0.11215000000000003,0.1,0.0,0.27365000000000006,0.8472136222910218,0.0017408860800510653,17.07226047693278,19.907499499999997,-2.835239023067217,0.0,2.835239023067217,2.835239023067217
Ref-01B-B-0p10mps,1.302,-0.11205000000000001,0.1,0.0,0.27355,0.8469040247678019,0.001740249907538713,17.066021755764517,19.907499499999997,-2.8414777442354797,0.0,2.8414777442354797,2.8414777442354797
Ref-01B-B-0p10mps,1.3030000000000002,-0.11195,0.1,0.0,0.27344999999999997,0.8465944272445819,0.0017396137350263608,17.05978303459626,19.907499499999997,-2.8477164654037352,0.0,2.8477164654037352,2.8477164654037352
Ref-01B-B-0p10mps,1.304,-0.11185,0.1,0.0,0.27335,0.8462848297213621,0.001738977562514009,17.053544313428006,19.907499499999997,-2.8539551865719908,0.0,2.8539551865719908,2.8539551865719908
Ref-01B-B-0p10mps,1.305,-0.11175000000000002,0.1,0.0,0.27325,0.8459752321981424,0.001738341390001657,17.04730559225975,19.907499499999997,-2.8601939077402463,0.0,2.8601939077402463,2.8601939077402463
Ref-01B-B-0p10mps,1.3059999999999998,-0.11165000000000003,0.1,0.0,0.27315,0.8456656346749226,0.0017377052174893052,17.041066871091495,19.907499499999997,-2.866432628908502,0.0,2.866432628908502,2.866432628908502
Ref-01B-B-0p10mps,1.307,-0.11155000000000001,0.1,0.0,0.27305,0.8453560371517028,0.0017370690449769533,17.03482814992324,19.907499499999997,-2.8726713500767573,0.0,2.8726713500767573,2.8726713500767573
Ref-01B-B-0p10mps,1.3080000000000003,-0.11145,0.1,0.0,0.27295,0.845046439628483,0.0017364328724646014,17.028589428754984,19.907499499999997,-2.878910071245013,0.0,2.878910071245013,2.878910071245013
Ref-01B-B-0p10mps,1.3090000000000002,-0.11135,0.1,0.0,0.27285000000000004,0.8447368421052632,0.0017357966999522495,17.022350707586728,19.907499499999997,-2.8851487924132684,0.0,2.8851487924132684,2.8851487924132684
Ref-01B-B-0p10mps,1.31,-0.11125000000000002,0.1,0.0,0.27275000000000005,0.8444272445820434,0.0017351605274398977,17.016111986418473,19.907499499999997,-2.891387513581524,0.0,2.891387513581524,2.891387513581524
Ref-01B-B-0p10mps,1.311,-0.11115000000000003,0.1,0.0,0.27265000000000006,0.8441176470588236,0.0017345243549275458,17.009873265250217,19.907499499999997,-2.8976262347497794,0.0,2.8976262347497794,2.8976262347497794
Ref-01B-B-0p10mps,1.312,-0.11105000000000001,0.1,0.0,0.27255,0.8438080495356037,0.0017338881824151937,17.003634544081958,19.907499499999997,-2.9038649559180385,0.0,2.9038649559180385,2.9038649559180385
Ref-01B-B-0p10mps,1.3130000000000002,-0.11095,0.1,0.0,0.27244999999999997,0.8434984520123838,0.0017332520099028414,16.9973958229137,19.907499499999997,-2.9101036770862976,0.0,2.9101036770862976,2.9101036770862976
Ref-01B-B-0p10mps,1.314,-0.11085,0.1,0.0,0.27235,0.843188854489164,0.0017326158373904895,16.991157101745443,19.907499499999997,-2.916342398254553,0.0,2.916342398254553,2.916342398254553
Ref-01B-B-0p10mps,1.315,-0.11075000000000002,0.1,0.0,0.27225,0.8428792569659442,0.0017319796648781376,16.984918380577188,19.907499499999997,-2.9225811194228086,0.0,2.9225811194228086,2.9225811194228086
Ref-01B-B-0p10mps,1.3159999999999998,-0.11065000000000003,0.1,0.0,0.27215,0.8425696594427244,0.001731343492365786,16.978679659408932,19.907499499999997,-2.928819840591064,0.0,2.928819840591064,2.928819840591064
Ref-01B-B-0p10mps,1.317,-0.11055000000000001,0.1,0.0,0.27205,0.8422600619195046,0.001730707319853434,16.972440938240677,19.907499499999997,-2.9350585617593197,0.0,2.9350585617593197,2.9350585617593197
Ref-01B-B-0p10mps,1.3179999999999998,-0.11045000000000002,0.1,0.0,0.27195,0.8419504643962848,0.0017300711473410822,16.96620221707242,19.907499499999997,-2.941297282927575,0.0,2.941297282927575,2.941297282927575
Ref-01B-B-0p10mps,1.3190000000000002,-0.11035,0.1,0.0,0.27185000000000004,0.841640866873065,0.0017294349748287303,16.959963495904166,19.907499499999997,-2.9475360040958307,0.0,2.9475360040958307,2.9475360040958307
Ref-01B-B-0p10mps,1.32,-0.11025000000000001,0.1,0.0,0.27175000000000005,0.8413312693498454,0.0017287988023163784,16.95372477473591,19.907499499999997,-2.9537747252640862,0.0,2.9537747252640862,2.9537747252640862
Ref-01B-B-0p10mps,1.321,-0.11015000000000003,0.1,0.0,0.27165000000000006,0.8410216718266256,0.0017281626298040265,16.947486053567655,19.907499499999997,-2.9600134464323418,0.0,2.9600134464323418,2.9600134464323418
Ref-01B-B-0p10mps,1.322,-0.11005000000000001,0.1,0.0,0.27155,0.8407120743034056,0.0017275264572916742,16.941247332399396,19.907499499999997,-2.966252167600601,0.0,2.966252167600601,2.966252167600601
Ref-01B-B-0p10mps,1.323,-0.10995000000000002,0.1,0.0,0.27145,0.8404024767801858,0.0017268902847793225,16.935008611231144,19.907499499999997,-2.972490888768853,0.0,2.972490888768853,2.972490888768853
Ref-01B-B-0p10mps,1.324,-0.10985,0.1,0.0,0.27135,0.8400928792569659,0.0017262541122669702,16.928769890062885,19.907499499999997,-2.978729609937112,0.0,2.978729609937112,2.978729609937112
Ref-01B-B-0p10mps,1.325,-0.10975000000000001,0.1,0.0,0.27125,0.8397832817337461,0.0017256179397546183,16.922531168894626,19.907499499999997,-2.984968331105371,0.0,2.984968331105371,2.984968331105371
Ref-01B-B-0p10mps,1.3259999999999998,-0.10965000000000003,0.1,0.0,0.27115,0.8394736842105263,0.0017249817672422665,16.91629244772637,19.907499499999997,-2.9912070522736265,0.0,2.9912070522736265,2.9912070522736265
Ref-01B-B-0p10mps,1.327,-0.10955000000000001,0.1,0.0,0.27105,0.8391640866873065,0.0017243455947299146,16.910053726558115,19.907499499999997,-2.997445773441882,0.0,2.997445773441882,2.997445773441882
Ref-01B-B-0p10mps,1.3279999999999998,-0.10945000000000002,0.1,0.0,0.27095,0.8388544891640868,0.0017237094222175627,16.90381500538986,19.907499499999997,-3.0036844946101375,0.0,3.0036844946101375,3.0036844946101375
Ref-01B-B-0p10mps,1.3290000000000002,-0.10935,0.1,0.0,0.27085000000000004,0.838544891640867,0.0017230732497052108,16.897576284221604,19.907499499999997,-3.009923215778393,0.0,3.009923215778393,3.009923215778393
Ref-01B-B-0p10mps,1.33,-0.10925000000000001,0.1,0.0,0.27075000000000005,0.8382352941176472,0.001722437077192859,16.891337563053348,19.907499499999997,-3.0161619369466486,0.0,3.0161619369466486,3.0161619369466486
Ref-01B-B-0p10mps,1.331,-0.10915000000000002,0.1,0.0,0.27065000000000006,0.8379256965944274,0.0017218009046805073,16.885098841885096,19.907499499999997,-3.0224006581149006,0.0,3.0224006581149006,3.0224006581149006
Ref-01B-B-0p10mps,1.332,-0.10905000000000001,0.1,0.0,0.27055,0.8376160990712075,0.001721164732168155,16.878860120716837,19.907499499999997,-3.0286393792831596,0.0,3.0286393792831596,3.0286393792831596
Ref-01B-B-0p10mps,1.333,-0.10895000000000002,0.1,0.0,0.27045,0.8373065015479877,0.001720528559655803,16.87262139954858,19.907499499999997,-3.034878100451415,0.0,3.034878100451415,3.034878100451415
Ref-01B-B-0p10mps,1.334,-0.10885,0.1,0.0,0.27035,0.8369969040247677,0.001719892387143451,16.866382678380322,19.907499499999997,-3.0411168216196742,0.0,3.0411168216196742,3.0411168216196742
Ref-01B-B-0p10mps,1.335,-0.10875000000000001,0.1,0.0,0.27025,0.8366873065015479,0.001719256214631099,16.860143957212067,19.907499499999997,-3.0473555427879297,0.0,3.0473555427879297,3.0473555427879297
Ref-01B-B-0p10mps,1.3359999999999999,-0.10865000000000002,0.1,0.0,0.27015,0.8363777089783282,0.0017186200421187472,16.85390523604381,19.907499499999997,-3.0535942639561853,0.0,3.0535942639561853,3.0535942639561853
Ref-01B-B-0p10mps,1.337,-0.10855000000000001,0.1,0.0,0.27005,0.8360681114551084,0.0017179838696063953,16.847666514875556,19.907499499999997,-3.059832985124441,0.0,3.059832985124441,3.059832985124441
Ref-01B-B-0p10mps,1.3379999999999999,-0.10845000000000002,0.1,0.0,0.26995,0.8357585139318886,0.0017173476970940434,16.8414277937073,19.907499499999997,-3.0660717062926963,0.0,3.0660717062926963,3.0660717062926963
Ref-01B-B-0p10mps,1.3390000000000002,-0.10835,0.1,0.0,0.26985000000000003,0.8354489164086688,0.0017167115245816916,16.835189072539045,19.907499499999997,-3.072310427460952,0.0,3.072310427460952,3.072310427460952
Ref-01B-B-0p10mps,1.34,-0.10825000000000001,0.1,0.0,0.26975000000000005,0.835139318885449,0.0017160753520693397,16.82895035137079,19.907499499999997,-3.0785491486292074,0.0,3.0785491486292074,3.0785491486292074
Ref-01B-B-0p10mps,1.341,-0.10815000000000002,0.1,0.0,0.26965000000000006,0.8348297213622292,0.0017154391795569878,16.822711630202534,19.907499499999997,-3.084787869797463,0.0,3.084787869797463,3.084787869797463
Ref-01B-B-0p10mps,1.342,-0.10805000000000001,0.1,0.0,0.26955,0.8345201238390093,0.0017148030070446357,16.816472909034275,19.907499499999997,-3.091026590965722,0.0,3.091026590965722,3.091026590965722
Ref-01B-B-0p10mps,1.343,-0.10795000000000002,0.1,0.0,0.26945,0.8342105263157895,0.0017141668345322838,16.81023418786602,19.907499499999997,-3.0972653121339775,0.0,3.0972653121339775,3.0972653121339775
Ref-01B-B-0p10mps,1.344,-0.10785,0.1,0.0,0.26935,0.8339009287925696,0.0017135306620199315,16.80399546669776,19.907499499999997,-3.1035040333022366,0.0,3.1035040333022366,3.1035040333022366
Ref-01B-B-0p10mps,1.345,-0.10775000000000001,0.1,0.0,0.26925,0.8335913312693498,0.0017128944895075796,16.797756745529504,19.907499499999997,-3.109742754470492,0.0,3.109742754470492,3.109742754470492
Ref-01B-B-0p10mps,1.3459999999999999,-0.10765000000000002,0.1,0.0,0.26915,0.83328173374613,0.0017122583169952277,16.79151802436125,19.907499499999997,-3.1159814756387476,0.0,3.1159814756387476,3.1159814756387476
Ref-01B-B-0p10mps,1.347,-0.10755,0.1,0.0,0.26905,0.8329721362229102,0.0017116221444828759,16.785279303192993,19.907499499999997,-3.122220196807003,0.0,3.122220196807003,3.122220196807003
Ref-01B-B-0p10mps,1.3479999999999999,-0.10745000000000002,0.1,0.0,0.26895,0.8326625386996904,0.0017109859719705242,16.77904058202474,19.907499499999997,-3.128458917975255,0.0,3.128458917975255,3.128458917975255
Ref-01B-B-0p10mps,1.3490000000000002,-0.10735,0.1,0.0,0.26885000000000003,0.8323529411764706,0.0017103497994581723,16.772801860856486,19.907499499999997,-3.1346976391435106,0.0,3.1346976391435106,3.1346976391435106
Ref-01B-B-0p10mps,1.35,-0.10725000000000001,0.1,0.0,0.26875000000000004,0.8320433436532508,0.0017097136269458204,16.76656313968823,19.907499499999997,-3.140936360311766,0.0,3.140936360311766,3.140936360311766
Ref-01B-B-0p10mps,1.351,-0.10715000000000002,0.1,0.0,0.26865000000000006,0.8317337461300311,0.0017090774544334685,16.760324418519975,19.907499499999997,-3.1471750814800217,0.0,3.1471750814800217,3.1471750814800217
Ref-01B-B-0p10mps,1.352,-0.10705,0.1,0.0,0.26855,0.8314241486068111,0.0017084412819211162,16.754085697351712,19.907499499999997,-3.1534138026482843,0.0,3.1534138026482843,3.1534138026482843
Ref-01B-B-0p10mps,1.353,-0.10695000000000002,0.1,0.0,0.26845,0.8311145510835913,0.0017078051094087643,16.747846976183457,19.907499499999997,-3.15965252381654,0.0,3.15965252381654,3.15965252381654
Ref-01B-B-0p10mps,1.354,-0.10685,0.1,0.0,0.26835,0.8308049535603714,0.0017071689368964122,16.7416082550152,19.907499499999997,-3.1658912449847953,0.0,3.1658912449847953,3.1658912449847953
Ref-01B-B-0p10mps,1.355,-0.10675000000000001,0.1,0.0,0.26825,0.8304953560371516,0.0017065327643840604,16.735369533846946,19.907499499999997,-3.172129966153051,0.0,3.172129966153051,3.172129966153051
Ref-01B-B-0p10mps,1.3559999999999999,-0.10665000000000002,0.1,0.0,0.26815,0.8301857585139318,0.0017058965918717085,16.72913081267869,19.907499499999997,-3.1783686873213064,0.0,3.1783686873213064,3.1783686873213064
Ref-01B-B-0p10mps,1.357,-0.10655,0.1,0.0,0.26805,0.829876160990712,0.0017052604193593566,16.722892091510435,19.907499499999997,-3.184607408489562,0.0,3.184607408489562,3.184607408489562
Ref-01B-B-0p10mps,1.3579999999999999,-0.10645000000000002,0.1,0.0,0.26795,0.8295665634674924,0.0017046242468470047,16.71665337034218,19.907499499999997,-3.1908461296578174,0.0,3.1908461296578174,3.1908461296578174
Ref-01B-B-0p10mps,1.3590000000000002,-0.10635,0.1,0.0,0.26785000000000003,0.8292569659442726,0.0017039880743346528,16.710414649173924,19.907499499999997,-3.197084850826073,0.0,3.197084850826073,3.197084850826073
Ref-01B-B-0p10mps,1.36,-0.10625000000000001,0.1,0.0,0.26775000000000004,0.8289473684210528,0.001703351901822301,16.704175928005668,19.907499499999997,-3.2033235719943285,0.0,3.2033235719943285,3.2033235719943285
Ref-01B-B-0p10mps,1.361,-0.10615000000000002,0.1,0.0,0.26765000000000005,0.828637770897833,0.001702715729309949,16.697937206837413,19.907499499999997,-3.209562293162584,0.0,3.209562293162584,3.209562293162584
Ref-01B-B-0p10mps,1.362,-0.10605,0.1,0.0,0.26755,0.8283281733746131,0.001702079556797597,16.691698485669153,19.907499499999997,-3.215801014330843,0.0,3.215801014330843,3.215801014330843
Ref-01B-B-0p10mps,1.363,-0.10595000000000002,0.1,0.0,0.26745,0.8280185758513933,0.001701443384285245,16.685459764500898,19.907499499999997,-3.2220397354990986,0.0,3.2220397354990986,3.2220397354990986
Ref-01B-B-0p10mps,1.364,-0.10585,0.1,0.0,0.26735,0.8277089783281733,0.0017008072117728928,16.67922104333264,19.907499499999997,-3.2282784566673577,0.0,3.2282784566673577,3.2282784566673577
Ref-01B-B-0p10mps,1.365,-0.10575000000000001,0.1,0.0,0.26725,0.8273993808049535,0.001700171039260541,16.672982322164383,19.907499499999997,-3.234517177835613,0.0,3.234517177835613,3.234517177835613
Ref-01B-B-0p10mps,1.3659999999999999,-0.10565000000000002,0.1,0.0,0.26715,0.8270897832817338,0.0016995348667481892,16.666743600996128,19.907499499999997,-3.2407558990038687,0.0,3.2407558990038687,3.2407558990038687
Ref-01B-B-0p10mps,1.367,-0.10555,0.1,0.0,0.26705,0.826780185758514,0.0016988986942358373,16.660504879827872,19.907499499999997,-3.2469946201721243,0.0,3.2469946201721243,3.2469946201721243
Ref-01B-B-0p10mps,1.3679999999999999,-0.10545000000000002,0.1,0.0,0.26695,0.8264705882352942,0.0016982625217234855,16.654266158659617,19.907499499999997,-3.25323334134038,0.0,3.25323334134038,3.25323334134038
Ref-01B-B-0p10mps,1.3690000000000002,-0.10535,0.1,0.0,0.26685000000000003,0.8261609907120744,0.0016976263492111336,16.64802743749136,19.907499499999997,-3.2594720625086353,0.0,3.2594720625086353,3.2594720625086353
Ref-01B-B-0p10mps,1.37,-0.10525000000000001,0.1,0.0,0.26675000000000004,0.8258513931888546,0.0016969901766987817,16.641788716323106,19.907499499999997,-3.265710783676891,0.0,3.265710783676891,3.265710783676891
Ref-01B-B-0p10mps,1.371,-0.10515000000000002,0.1,0.0,0.26665000000000005,0.8255417956656348,0.0016963540041864298,16.63554999515485,19.907499499999997,-3.2719495048451464,0.0,3.2719495048451464,3.2719495048451464
Ref-01B-B-0p10mps,1.372,-0.10505,0.1,0.0,0.26655,0.8252321981424149,0.0016957178316740777,16.629311273986595,19.907499499999997,-3.278188226013402,0.0,3.278188226013402,3.278188226013402
Ref-01B-B-0p10mps,1.373,-0.10495000000000002,0.1,0.0,0.26645,0.8249226006191951,0.0016950816591617258,16.62307255281834,19.907499499999997,-3.2844269471816574,0.0,3.2844269471816574,3.2844269471816574
Ref-01B-B-0p10mps,1.374,-0.10485,0.1,0.0,0.26635,0.8246130030959752,0.0016944454866493735,16.616833831650077,19.907499499999997,-3.29066566834992,0.0,3.29066566834992,3.29066566834992
Ref-01B-B-0p10mps,1.375,-0.10475000000000001,0.1,0.0,0.26625,0.8243034055727554,0.0016938093141370216,16.61059511048182,19.907499499999997,-3.2969043895181755,0.0,3.2969043895181755,3.2969043895181755
Ref-01B-B-0p10mps,1.376,-0.10465000000000002,0.1,0.0,0.26615,0.8239938080495356,0.0016931731416246697,16.604356389313566,19.907499499999997,-3.303143110686431,0.0,3.303143110686431,3.303143110686431
Ref-01B-B-0p10mps,1.377,-0.10455,0.1,0.0,0.26605,0.8236842105263158,0.0016925369691123179,16.59811766814531,19.907499499999997,-3.3093818318546866,0.0,3.3093818318546866,3.3093818318546866
Ref-01B-B-0p10mps,1.378,-0.10445000000000002,0.1,0.0,0.26595,0.823374613003096,0.001691900796599966,16.591878946977054,19.907499499999997,-3.315620553022942,0.0,3.315620553022942,3.315620553022942
Ref-01B-B-0p10mps,1.3789999999999998,-0.10435000000000003,0.1,0.0,0.26585000000000003,0.8230650154798762,0.0016912646240876143,16.585640225808802,19.907499499999997,-3.321859274191194,0.0,3.321859274191194,3.321859274191194
Ref-01B-B-0p10mps,1.3800000000000001,-0.10425000000000001,0.1,0.0,0.26575000000000004,0.8227554179566564,0.0016906284515752624,16.579401504640547,19.907499499999997,-3.3280979953594496,0.0,3.3280979953594496,3.3280979953594496
Ref-01B-B-0p10mps,1.381,-0.10415000000000002,0.1,0.0,0.26565000000000005,0.8224458204334367,0.0016899922790629106,16.57316278347229,19.907499499999997,-3.334336716527705,0.0,3.334336716527705,3.334336716527705
Ref-01B-B-0p10mps,1.3820000000000001,-0.10405,0.1,0.0,0.26555,0.8221362229102167,0.0016893561065505582,16.566924062304032,19.907499499999997,-3.340575437695964,0.0,3.340575437695964,3.340575437695964
Ref-01B-B-0p10mps,1.383,-0.10395000000000001,0.1,0.0,0.26545,0.8218266253869969,0.0016887199340382064,16.560685341135777,19.907499499999997,-3.3468141588642197,0.0,3.3468141588642197,3.3468141588642197
Ref-01B-B-0p10mps,1.384,-0.10385000000000003,0.1,0.0,0.26535000000000003,0.8215170278637771,0.0016880837615258545,16.55444661996752,19.907499499999997,-3.3530528800324753,0.0,3.3530528800324753,3.3530528800324753
Ref-01B-B-0p10mps,1.385,-0.10375000000000001,0.1,0.0,0.26525,0.8212074303405572,0.0016874475890135024,16.548207898799262,19.907499499999997,-3.3592916012007343,0.0,3.3592916012007343,3.3592916012007343
Ref-01B-B-0p10mps,1.386,-0.10365000000000002,0.1,0.0,0.26515,0.8208978328173374,0.0016868114165011505,16.541969177631007,19.907499499999997,-3.36553032236899,0.0,3.36553032236899,3.36553032236899
Ref-01B-B-0p10mps,1.387,-0.10355,0.1,0.0,0.26505,0.8205882352941176,0.0016861752439887986,16.53573045646275,19.907499499999997,-3.3717690435372454,0.0,3.3717690435372454,3.3717690435372454
Ref-01B-B-0p10mps,1.388,-0.10345000000000001,0.1,0.0,0.26495,0.8202786377708978,0.0016855390714764467,16.529491735294496,19.907499499999997,-3.378007764705501,0.0,3.378007764705501,3.378007764705501
Ref-01B-B-0p10mps,1.3889999999999998,-0.10335000000000003,0.1,0.0,0.26485000000000003,0.8199690402476781,0.0016849028989640948,16.52325301412624,19.907499499999997,-3.3842464858737564,0.0,3.3842464858737564,3.3842464858737564
Ref-01B-B-0p10mps,1.3900000000000001,-0.10325000000000001,0.1,0.0,0.26475000000000004,0.8196594427244583,0.001684266726451743,16.517014292957985,19.907499499999997,-3.390485207042012,0.0,3.390485207042012,3.390485207042012
Ref-01B-B-0p10mps,1.391,-0.10315000000000002,0.1,0.0,0.26465000000000005,0.8193498452012385,0.001683630553939391,16.51077557178973,19.907499499999997,-3.3967239282102675,0.0,3.3967239282102675,3.3967239282102675
Ref-01B-B-0p10mps,1.3920000000000001,-0.10305,0.1,0.0,0.26455,0.8190402476780185,0.001682994381427039,16.50453685062147,19.907499499999997,-3.4029626493785265,0.0,3.4029626493785265,3.4029626493785265
Ref-01B-B-0p10mps,1.393,-0.10295000000000001,0.1,0.0,0.26445,0.8187306501547988,0.001682358208914687,16.498298129453215,19.907499499999997,-3.409201370546782,0.0,3.409201370546782,3.409201370546782
Ref-01B-B-0p10mps,1.394,-0.10285000000000002,0.1,0.0,0.26435000000000003,0.818421052631579,0.0016817220364023352,16.49205940828496,19.907499499999997,-3.4154400917150376,0.0,3.4154400917150376,3.4154400917150376
Ref-01B-B-0p10mps,1.395,-0.10275000000000001,0.1,0.0,0.26425,0.818111455108359,0.001681085863889983,16.4858206871167,19.907499499999997,-3.4216788128832967,0.0,3.4216788128832967,3.4216788128832967
Ref-01B-B-0p10mps,1.396,-0.10265000000000002,0.1,0.0,0.26415,0.8178018575851392,0.0016804496913776312,16.479581965948448,19.907499499999997,-3.4279175340515486,0.0,3.4279175340515486,3.4279175340515486
Ref-01B-B-0p10mps,1.397,-0.10255,0.1,0.0,0.26405,0.8174922600619196,0.0016798135188652794,16.473343244780192,19.907499499999997,-3.434156255219804,0.0,3.434156255219804,3.434156255219804
Ref-01B-B-0p10mps,1.398,-0.10245000000000001,0.1,0.0,0.26395,0.8171826625386998,0.0016791773463529275,16.467104523611937,19.907499499999997,-3.4403949763880597,0.0,3.4403949763880597,3.4403949763880597
Ref-01B-B-0p10mps,1.3989999999999998,-0.10235000000000002,0.1,0.0,0.26385000000000003,0.81687306501548,0.0016785411738405756,16.46086580244368,19.907499499999997,-3.446633697556315,0.0,3.446633697556315,3.446633697556315
Ref-01B-B-0p10mps,1.4000000000000001,-0.10225000000000001,0.1,0.0,0.26375000000000004,0.8165634674922602,0.0016779050013282237,16.454627081275426,19.907499499999997,-3.4528724187245707,0.0,3.4528724187245707,3.4528724187245707
Ref-01B-B-0p10mps,1.401,-0.10215000000000002,0.1,0.0,0.26365000000000005,0.8162538699690404,0.0016772688288158718,16.44838836010717,19.907499499999997,-3.4591111398928263,0.0,3.4591111398928263,3.4591111398928263
Ref-01B-B-0p10mps,1.4020000000000001,-0.10205,0.1,0.0,0.26355,0.8159442724458205,0.0016766326563035195,16.442149638938908,19.907499499999997,-3.465349861061089,0.0,3.465349861061089,3.465349861061089
Ref-01B-B-0p10mps,1.403,-0.10195000000000001,0.1,0.0,0.26345,0.8156346749226007,0.0016759964837911678,16.435910917770656,19.907499499999997,-3.471588582229341,0.0,3.471588582229341,3.471588582229341
Ref-01B-B-0p10mps,1.404,-0.10185000000000002,0.1,0.0,0.26335000000000003,0.8153250773993809,0.001675360311278816,16.4296721966024,19.907499499999997,-3.4778273033975964,0.0,3.4778273033975964,3.4778273033975964
Ref-01B-B-0p10mps,1.405,-0.10175000000000001,0.1,0.0,0.26325,0.815015479876161,0.0016747241387664636,16.42343347543414,19.907499499999997,-3.4840660245658555,0.0,3.4840660245658555,3.4840660245658555
Ref-01B-B-0p10mps,1.406,-0.10165000000000002,0.1,0.0,0.26315,0.8147058823529412,0.0016740879662541118,16.417194754265886,19.907499499999997,-3.490304745734111,0.0,3.490304745734111,3.490304745734111
Ref-01B-B-0p10mps,1.407,-0.10155,0.1,0.0,0.26305,0.8143962848297214,0.0016734517937417599,16.41095603309763,19.907499499999997,-3.4965434669023665,0.0,3.4965434669023665,3.4965434669023665
Ref-01B-B-0p10mps,1.408,-0.10145000000000001,0.1,0.0,0.26295,0.8140866873065016,0.001672815621229408,16.404717311929375,19.907499499999997,-3.502782188070622,0.0,3.502782188070622,3.502782188070622
Ref-01B-B-0p10mps,1.4089999999999998,-0.10135000000000002,0.1,0.0,0.26285000000000003,0.8137770897832818,0.0016721794487170561,16.39847859076112,19.907499499999997,-3.5090209092388776,0.0,3.5090209092388776,3.5090209092388776
Ref-01B-B-0p10mps,1.4100000000000001,-0.10125,0.1,0.0,0.26275000000000004,0.813467492260062,0.0016715432762047045,16.392239869592863,19.907499499999997,-3.515259630407133,0.0,3.515259630407133,3.515259630407133
Ref-01B-B-0p10mps,1.411,-0.10115000000000002,0.1,0.0,0.26265000000000005,0.8131578947368422,0.0016709071036923526,16.386001148424608,19.907499499999997,-3.5214983515753886,0.0,3.5214983515753886,3.5214983515753886
Ref-01B-B-0p10mps,1.4120000000000001,-0.10105,0.1,0.0,0.26255,0.8128482972136223,0.0016702709311800003,16.37976242725635,19.907499499999997,-3.5277370727436477,0.0,3.5277370727436477,3.5277370727436477
Ref-01B-B-0p10mps,1.413,-0.10095000000000001,0.1,0.0,0.26245,0.8125386996904025,0.0016696347586676484,16.373523706088093,19.907499499999997,-3.533975793911903,0.0,3.533975793911903,3.533975793911903
Ref-01B-B-0p10mps,1.414,-0.10085000000000002,0.1,0.0,0.26235,0.8122291021671827,0.0016689985861552965,16.367284984919838,19.907499499999997,-3.5402145150801587,0.0,3.5402145150801587,3.5402145150801587
Ref-01B-B-0p10mps,1.415,-0.10075,0.1,0.0,0.26225,0.8119195046439628,0.0016683624136429444,16.36104626375158,19.907499499999997,-3.546453236248418,0.0,3.546453236248418,3.546453236248418
Ref-01B-B-0p10mps,1.416,-0.10065000000000002,0.1,0.0,0.26215,0.811609907120743,0.0016677262411305925,16.354807542583323,19.907499499999997,-3.5526919574166733,0.0,3.5526919574166733,3.5526919574166733
Ref-01B-B-0p10mps,1.417,-0.10055,0.1,0.0,0.26205,0.8113003095975232,0.0016670900686182406,16.348568821415068,19.907499499999997,-3.558930678584929,0.0,3.558930678584929,3.558930678584929
Ref-01B-B-0p10mps,1.418,-0.10045000000000001,0.1,0.0,0.26195,0.8109907120743034,0.0016664538961058887,16.342330100246812,19.907499499999997,-3.5651693997531844,0.0,3.5651693997531844,3.5651693997531844
Ref-01B-B-0p10mps,1.4189999999999998,-0.10035000000000002,0.1,0.0,0.26185,0.8106811145510836,0.0016658177235935369,16.336091379078557,19.907499499999997,-3.57140812092144,0.0,3.57140812092144,3.57140812092144
Ref-01B-B-0p10mps,1.4200000000000002,-0.10025,0.1,0.0,0.26175000000000004,0.8103715170278639,0.001665181551081185,16.3298526579103,19.907499499999997,-3.5776468420896954,0.0,3.5776468420896954,3.5776468420896954
Ref-01B-B-0p10mps,1.421,-0.10015000000000002,0.1,0.0,0.26165000000000005,0.8100619195046441,0.001664545378568833,16.323613936742046,19.907499499999997,-3.583885563257951,0.0,3.583885563257951,3.583885563257951
Ref-01B-B-0p10mps,1.4220000000000002,-0.10005,0.1,0.0,0.26155,0.8097523219814241,0.001663909206056481,16.31737521557379,19.907499499999997,-3.5901242844262065,0.0,3.5901242844262065,3.5901242844262065
Ref-01B-B-0p10mps,1.423,-0.09995000000000001,0.1,0.0,0.26145,0.8094427244582043,0.0016632730335441291,16.311136494405535,19.907499499999997,-3.596363005594462,0.0,3.596363005594462,3.596363005594462
Ref-01B-B-0p10mps,1.424,-0.09985000000000002,0.1,0.0,0.26135,0.8091331269349846,0.0016626368610317772,16.30489777323728,19.907499499999997,-3.6026017267627175,0.0,3.6026017267627175,3.6026017267627175
Ref-01B-B-0p10mps,1.425,-0.09975,0.1,0.0,0.26125,0.8088235294117646,0.001662000688519425,16.298659052069016,19.907499499999997,-3.60884044793098,0.0,3.60884044793098,3.60884044793098
Ref-01B-B-0p10mps,1.426,-0.09965000000000002,0.1,0.0,0.26115,0.8085139318885448,0.001661364516007073,16.29242033090076,19.907499499999997,-3.6150791690992357,0.0,3.6150791690992357,3.6150791690992357
Ref-01B-B-0p10mps,1.427,-0.09955,0.1,0.0,0.26105,0.808204334365325,0.0016607283434947214,16.28618160973251,19.907499499999997,-3.6213178902674876,0.0,3.6213178902674876,3.6213178902674876
Ref-01B-B-0p10mps,1.428,-0.09945000000000001,0.1,0.0,0.26095,0.8078947368421053,0.0016600921709823695,16.279942888564253,19.907499499999997,-3.627556611435743,0.0,3.627556611435743,3.627556611435743
Ref-01B-B-0p10mps,1.4289999999999998,-0.09935000000000002,0.1,0.0,0.26085,0.8075851393188855,0.0016594559984700176,16.273704167395998,19.907499499999997,-3.6337953326039987,0.0,3.6337953326039987,3.6337953326039987
Ref-01B-B-0p10mps,1.4300000000000002,-0.09925,0.1,0.0,0.26075000000000004,0.8072755417956657,0.0016588198259576657,16.267465446227742,19.907499499999997,-3.640034053772254,0.0,3.640034053772254,3.640034053772254
Ref-01B-B-0p10mps,1.431,-0.09915000000000002,0.1,0.0,0.26065000000000005,0.806965944272446,0.0016581836534453138,16.261226725059487,19.907499499999997,-3.6462727749405097,0.0,3.6462727749405097,3.6462727749405097
Ref-01B-B-0p10mps,1.4320000000000002,-0.09905,0.1,0.0,0.26055,0.806656346749226,0.0016575474809329615,16.254988003891228,19.907499499999997,-3.652511496108769,0.0,3.652511496108769,3.652511496108769
Ref-01B-B-0p10mps,1.433,-0.09895000000000001,0.1,0.0,0.26045,0.8063467492260062,0.0016569113084206096,16.248749282722972,19.907499499999997,-3.6587502172770243,0.0,3.6587502172770243,3.6587502172770243
Ref-01B-B-0p10mps,1.434,-0.09885000000000002,0.1,0.0,0.26035,0.8060371517027864,0.001656275135908258,16.242510561554717,19.907499499999997,-3.66498893844528,0.0,3.66498893844528,3.66498893844528
Ref-01B-B-0p10mps,1.435,-0.09875,0.1,0.0,0.26025,0.8057275541795664,0.0016556389633959057,16.236271840386458,19.907499499999997,-3.671227659613539,0.0,3.671227659613539,3.671227659613539
Ref-01B-B-0p10mps,1.436,-0.09865000000000002,0.1,0.0,0.26015,0.8054179566563467,0.0016550027908835538,16.230033119218202,19.907499499999997,-3.6774663807817944,0.0,3.6774663807817944,3.6774663807817944
Ref-01B-B-0p10mps,1.437,-0.09855,0.1,0.0,0.26005,0.805108359133127,0.001654366618371202,16.223794398049947,19.907499499999997,-3.68370510195005,0.0,3.68370510195005,3.68370510195005
Ref-01B-B-0p10mps,1.438,-0.09845000000000001,0.1,0.0,0.25995,0.8047987616099072,0.00165373044585885,16.21755567688169,19.907499499999997,-3.6899438231183055,0.0,3.6899438231183055,3.6899438231183055
Ref-01B-B-0p10mps,1.4389999999999998,-0.09835000000000002,0.1,0.0,0.25985,0.8044891640866874,0.0016530942733464981,16.211316955713436,19.907499499999997,-3.696182544286561,0.0,3.696182544286561,3.696182544286561
Ref-01B-B-0p10mps,1.4400000000000002,-0.09825,0.1,0.0,0.25975000000000004,0.8041795665634676,0.0016524581008341462,16.20507823454518,19.907499499999997,-3.7024212654548165,0.0,3.7024212654548165,3.7024212654548165
Ref-01B-B-0p10mps,1.441,-0.09815000000000002,0.1,0.0,0.25965000000000005,0.8038699690402478,0.0016518219283217946,16.198839513376925,19.907499499999997,-3.708659986623072,0.0,3.708659986623072,3.708659986623072
Ref-01B-B-0p10mps,1.4420000000000002,-0.09805,0.1,0.0,0.25955,0.8035603715170279,0.0016511857558094423,16.192600792208665,19.907499499999997,-3.714898707791331,0.0,3.714898707791331,3.714898707791331
Ref-01B-B-0p10mps,1.443,-0.09795000000000001,0.1,0.0,0.25945,0.8032507739938081,0.0016505495832970904,16.18636207104041,19.907499499999997,-3.7211374289595867,0.0,3.7211374289595867,3.7211374289595867
Ref-01B-B-0p10mps,1.444,-0.09785000000000002,0.1,0.0,0.25935,0.8029411764705883,0.0016499134107847385,16.180123349872154,19.907499499999997,-3.727376150127842,0.0,3.727376150127842,3.727376150127842
Ref-01B-B-0p10mps,1.4449999999999998,-0.09775000000000003,0.1,0.0,0.25925000000000004,0.8026315789473685,0.0016492772382723866,16.1738846287039,19.907499499999997,-3.7336148712960977,0.0,3.7336148712960977,3.7336148712960977
Ref-01B-B-0p10mps,1.446,-0.09765000000000001,0.1,0.0,0.25915,0.8023219814241486,0.0016486410657600345,16.167645907535643,19.907499499999997,-3.7398535924643532,0.0,3.7398535924643532,3.7398535924643532
Ref-01B-B-0p10mps,1.447,-0.09755,0.1,0.0,0.25905,0.8020123839009288,0.0016480048932476826,16.161407186367388,19.907499499999997,-3.7460923136326088,0.0,3.7460923136326088,3.7460923136326088
Ref-01B-B-0p10mps,1.448,-0.09745000000000001,0.1,0.0,0.25895,0.801702786377709,0.0016473687207353308,16.155168465199132,19.907499499999997,-3.7523310348008643,0.0,3.7523310348008643,3.7523310348008643
Ref-01B-B-0p10mps,1.4489999999999998,-0.09735000000000002,0.1,0.0,0.25885,0.8013931888544892,0.0016467325482229789,16.148929744030877,19.907499499999997,-3.75856975596912,0.0,3.75856975596912,3.75856975596912
Ref-01B-B-0p10mps,1.4499999999999997,-0.09725000000000003,0.1,0.0,0.25875000000000004,0.8010835913312694,0.001646096375710627,16.14269102286262,19.907499499999997,-3.7648084771373753,0.0,3.7648084771373753,3.7648084771373753
Ref-01B-B-0p10mps,1.451,-0.09715000000000001,0.1,0.0,0.25865000000000005,0.8007739938080497,0.0016454602031982751,16.136452301694366,19.907499499999997,-3.771047198305631,0.0,3.771047198305631,3.771047198305631
Ref-01B-B-0p10mps,1.4520000000000002,-0.09705,0.1,0.0,0.25855,0.8004643962848297,0.001644824030685923,16.130213580526107,19.907499499999997,-3.77728591947389,0.0,3.77728591947389,3.77728591947389
Ref-01B-B-0p10mps,1.453,-0.09695000000000001,0.1,0.0,0.25845,0.8001547987616099,0.0016441878581735711,16.12397485935785,19.907499499999997,-3.7835246406421454,0.0,3.7835246406421454,3.7835246406421454
Ref-01B-B-0p10mps,1.454,-0.09685000000000002,0.1,0.0,0.25835,0.7998452012383901,0.0016435516856612192,16.117736138189596,19.907499499999997,-3.789763361810401,0.0,3.789763361810401,3.789763361810401
Ref-01B-B-0p10mps,1.4549999999999998,-0.09675000000000003,0.1,0.0,0.25825000000000004,0.7995356037151704,0.0016429155131488674,16.11149741702134,19.907499499999997,-3.7960020829786565,0.0,3.7960020829786565,3.7960020829786565
Ref-01B-B-0p10mps,1.456,-0.09665000000000001,0.1,0.0,0.25815,0.7992260061919504,0.001642279340636515,16.10525869585308,19.907499499999997,-3.8022408041469156,0.0,3.8022408041469156,3.8022408041469156
Ref-01B-B-0p10mps,1.457,-0.09655,0.1,0.0,0.25805,0.7989164086687306,0.0016416431681241632,16.099019974684825,19.907499499999997,-3.808479525315171,0.0,3.808479525315171,3.808479525315171
Ref-01B-B-0p10mps,1.458,-0.09645000000000001,0.1,0.0,0.25795,0.7986068111455108,0.0016410069956118115,16.09278125351657,19.907499499999997,-3.8147182464834266,0.0,3.8147182464834266,3.8147182464834266
Ref-01B-B-0p10mps,1.4589999999999999,-0.09635000000000002,0.1,0.0,0.25785,0.7982972136222911,0.0016403708230994596,16.086542532348314,19.907499499999997,-3.820956967651682,0.0,3.820956967651682,3.820956967651682
Ref-01B-B-0p10mps,1.4599999999999997,-0.09625000000000003,0.1,0.0,0.25775000000000003,0.7979876160990713,0.0016397346505871077,16.08030381118006,19.907499499999997,-3.8271956888199377,0.0,3.8271956888199377,3.8271956888199377
Ref-01B-B-0p10mps,1.461,-0.09615000000000001,0.1,0.0,0.25765000000000005,0.7976780185758515,0.0016390984780747559,16.074065090011803,19.907499499999997,-3.833434409988193,0.0,3.833434409988193,3.833434409988193
Ref-01B-B-0p10mps,1.4620000000000002,-0.09605,0.1,0.0,0.25755,0.7973684210526315,0.0016384623055624035,16.067826368843544,19.907499499999997,-3.8396731311564523,0.0,3.8396731311564523,3.8396731311564523
Ref-01B-B-0p10mps,1.463,-0.09595000000000001,0.1,0.0,0.25745,0.7970588235294118,0.0016378261330500517,16.06158764767529,19.907499499999997,-3.845911852324708,0.0,3.845911852324708,3.845911852324708
Ref-01B-B-0p10mps,1.464,-0.09585000000000002,0.1,0.0,0.25735,0.796749226006192,0.0016371899605376998,16.055348926507033,19.907499499999997,-3.8521505734929633,0.0,3.8521505734929633,3.8521505734929633
Ref-01B-B-0p10mps,1.4649999999999999,-0.09575000000000003,0.1,0.0,0.25725000000000003,0.7964396284829722,0.001636553788025348,16.049110205338778,19.907499499999997,-3.858389294661219,0.0,3.858389294661219,3.858389294661219
Ref-01B-B-0p10mps,1.466,-0.09565000000000001,0.1,0.0,0.25715,0.7961300309597523,0.0016359176155129958,16.04287148417052,19.907499499999997,-3.864628015829478,0.0,3.864628015829478,3.864628015829478
Ref-01B-B-0p10mps,1.467,-0.09555,0.1,0.0,0.25705,0.7958204334365325,0.001635281443000644,16.036632763002263,19.907499499999997,-3.8708667369977334,0.0,3.8708667369977334,3.8708667369977334
Ref-01B-B-0p10mps,1.468,-0.09545000000000001,0.1,0.0,0.25695,0.7955108359133127,0.001634645270488292,16.030394041834008,19.907499499999997,-3.877105458165989,0.0,3.877105458165989,3.877105458165989
Ref-01B-B-0p10mps,1.4689999999999999,-0.09535000000000002,0.1,0.0,0.25685,0.7952012383900929,0.0016340090979759401,16.024155320665752,19.907499499999997,-3.8833441793342445,0.0,3.8833441793342445,3.8833441793342445
Ref-01B-B-0p10mps,1.4699999999999998,-0.09525000000000003,0.1,0.0,0.25675000000000003,0.7948916408668731,0.0016333729254635883,16.017916599497497,19.907499499999997,-3.8895829005025,0.0,3.8895829005025,3.8895829005025
Ref-01B-B-0p10mps,1.471,-0.09515000000000001,0.1,0.0,0.25665000000000004,0.7945820433436533,0.0016327367529512364,16.01167787832924,19.907499499999997,-3.8958216216707555,0.0,3.8958216216707555,3.8958216216707555
Ref-01B-B-0p10mps,1.4720000000000002,-0.09505,0.1,0.0,0.25655,0.7942724458204334,0.0016321005804388843,16.005439157160986,19.907499499999997,-3.902060342839011,0.0,3.902060342839011,3.902060342839011
Ref-01B-B-0p10mps,1.473,-0.09495,0.1,0.0,0.25645,0.7939628482972136,0.0016314644079265324,15.999200435992728,19.907499499999997,-3.9082990640072683,0.0,3.9082990640072683,3.9082990640072683
Ref-01B-B-0p10mps,1.474,-0.09485000000000002,0.1,0.0,0.25635,0.7936532507739938,0.0016308282354141805,15.992961714824473,19.907499499999997,-3.914537785175524,0.0,3.914537785175524,3.914537785175524
Ref-01B-B-0p10mps,1.4749999999999999,-0.09475000000000003,0.1,0.0,0.25625000000000003,0.793343653250774,0.0016301920629018286,15.986722993656217,19.907499499999997,-3.9207765063437794,0.0,3.9207765063437794,3.9207765063437794
Ref-01B-B-0p10mps,1.476,-0.09465000000000001,0.1,0.0,0.25615,0.7930340557275541,0.0016295558903894765,15.98048427248796,19.907499499999997,-3.9270152275120367,0.0,3.9270152275120367,3.9270152275120367
Ref-01B-B-0p10mps,1.477,-0.09455,0.1,0.0,0.25605,0.7927244582043343,0.0016289197178771247,15.974245551319704,19.907499499999997,-3.933253948680292,0.0,3.933253948680292,3.933253948680292
Ref-01B-B-0p10mps,1.478,-0.09445,0.1,0.0,0.25595,0.7924148606811146,0.0016282835453647728,15.968006830151449,19.907499499999997,-3.9394926698485477,0.0,3.9394926698485477,3.9394926698485477
Ref-01B-B-0p10mps,1.4789999999999999,-0.09435000000000002,0.1,0.0,0.25585,0.7921052631578948,0.0016276473728524209,15.961768108983193,19.907499499999997,-3.9457313910168033,0.0,3.9457313910168033,3.9457313910168033
Ref-01B-B-0p10mps,1.4799999999999998,-0.09425000000000003,0.1,0.0,0.25575000000000003,0.791795665634675,0.001627011200340069,15.955529387814938,19.907499499999997,-3.951970112185059,0.0,3.951970112185059,3.951970112185059
Ref-01B-B-0p10mps,1.481,-0.09415000000000001,0.1,0.0,0.25565000000000004,0.7914860681114553,0.0016263750278277171,15.949290666646682,19.907499499999997,-3.9582088333533143,0.0,3.9582088333533143,3.9582088333533143
Ref-01B-B-0p10mps,1.4820000000000002,-0.09405,0.1,0.0,0.25555,0.7911764705882353,0.0016257388553153648,15.943051945478421,19.907499499999997,-3.964447554521575,0.0,3.964447554521575,3.964447554521575
Ref-01B-B-0p10mps,1.483,-0.09395,0.1,0.0,0.25545,0.7908668730650155,0.0016251026828030131,15.936813224310168,19.907499499999997,-3.970686275689829,0.0,3.970686275689829,3.970686275689829
Ref-01B-B-0p10mps,1.484,-0.09385000000000002,0.1,0.0,0.25535,0.7905572755417957,0.0016244665102906613,15.930574503141912,19.907499499999997,-3.9769249968580844,0.0,3.9769249968580844,3.9769249968580844
Ref-01B-B-0p10mps,1.4849999999999999,-0.09375000000000003,0.1,0.0,0.25525000000000003,0.790247678018576,0.0016238303377783094,15.924335781973657,19.907499499999997,-3.98316371802634,0.0,3.98316371802634,3.98316371802634
Ref-01B-B-0p10mps,1.486,-0.09365000000000001,0.1,0.0,0.25515,0.789938080495356,0.001623194165265957,15.918097060805398,19.907499499999997,-3.989402439194599,0.0,3.989402439194599,3.989402439194599
Ref-01B-B-0p10mps,1.487,-0.09355,0.1,0.0,0.25505,0.7896284829721362,0.0016225579927536052,15.911858339637142,19.907499499999997,-3.9956411603628545,0.0,3.9956411603628545,3.9956411603628545
Ref-01B-B-0p10mps,1.488,-0.09345,0.1,0.0,0.25495,0.7893188854489164,0.0016219218202412533,15.905619618468887,19.907499499999997,-4.00187988153111,0.0,4.00187988153111,4.00187988153111
Ref-01B-B-0p10mps,1.4889999999999999,-0.09335000000000002,0.1,0.0,0.25485,0.7890092879256967,0.0016212856477289014,15.899380897300631,19.907499499999997,-4.008118602699366,0.0,4.008118602699366,4.008118602699366
Ref-01B-B-0p10mps,1.4899999999999998,-0.09325000000000003,0.1,0.0,0.25475000000000003,0.7886996904024769,0.0016206494752165498,15.893142176132377,19.907499499999997,-4.014357323867619,0.0,4.014357323867619,4.014357323867619
Ref-01B-B-0p10mps,1.491,-0.09315000000000001,0.1,0.0,0.25465000000000004,0.7883900928792571,0.0016200133027041979,15.886903454964122,19.907499499999997,-4.020596045035875,0.0,4.020596045035875,4.020596045035875
Ref-01B-B-0p10mps,1.4920000000000002,-0.09305,0.1,0.0,0.25455,0.7880804953560371,0.0016193771301918456,15.88066473379586,19.907499499999997,-4.026834766204136,0.0,4.026834766204136,4.026834766204136
Ref-01B-B-0p10mps,1.493,-0.09295,0.1,0.0,0.25445,0.7877708978328174,0.0016187409576794937,15.874426012627605,19.907499499999997,-4.033073487372391,0.0,4.033073487372391,4.033073487372391
Ref-01B-B-0p10mps,1.494,-0.09285000000000002,0.1,0.0,0.25435,0.7874613003095976,0.0016181047851671418,15.86818729145935,19.907499499999997,-4.039312208540647,0.0,4.039312208540647,4.039312208540647
Ref-01B-B-0p10mps,1.4949999999999999,-0.09275000000000003,0.1,0.0,0.25425000000000003,0.7871517027863778,0.00161746861265479,15.861948570291094,19.907499499999997,-4.045550929708902,0.0,4.045550929708902,4.045550929708902
Ref-01B-B-0p10mps,1.496,-0.09265000000000001,0.1,0.0,0.25415,0.7868421052631578,0.0016168324401424378,15.855709849122837,19.907499499999997,-4.05178965087716,0.0,4.05178965087716,4.05178965087716
Ref-01B-B-0p10mps,1.497,-0.09255,0.1,0.0,0.25405,0.7865325077399381,0.001616196267630086,15.849471127954581,19.907499499999997,-4.058028372045415,0.0,4.058028372045415,4.058028372045415
Ref-01B-B-0p10mps,1.498,-0.09245,0.1,0.0,0.25395,0.7862229102167183,0.001615560095117734,15.843232406786326,19.907499499999997,-4.064267093213671,0.0,4.064267093213671,4.064267093213671
Ref-01B-B-0p10mps,1.4989999999999999,-0.09235000000000002,0.1,0.0,0.25385,0.7859133126934985,0.0016149239226053822,15.83699368561807,19.907499499999997,-4.070505814381926,0.0,4.070505814381926,4.070505814381926
Ref-01B-B-0p10mps,1.4999999999999998,-0.09225000000000003,0.1,0.0,0.25375000000000003,0.7856037151702787,0.0016142877500930303,15.830754964449815,19.907499499999997,-4.076744535550182,0.0,4.076744535550182,4.076744535550182
Ref-01B-B-0p10mps,1.5010000000000001,-0.09215000000000001,0.1,0.0,0.25365000000000004,0.7852941176470589,0.0016136515775806784,15.82451624328156,19.907499499999997,-4.082983256718437,0.0,4.082983256718437,4.082983256718437
Ref-01B-B-0p10mps,1.5020000000000002,-0.09204999999999999,0.1,0.0,0.25355,0.784984520123839,0.0016130154050683263,15.818277522113302,19.907499499999997,-4.0892219778866945,0.0,4.0892219778866945,4.0892219778866945
Ref-01B-B-0p10mps,1.5030000000000001,-0.09195,0.1,0.0,0.25345,0.7846749226006192,0.0016123792325559744,15.812038800945047,19.907499499999997,-4.09546069905495,0.0,4.09546069905495,4.09546069905495
Ref-01B-B-0p10mps,1.504,-0.09185000000000001,0.1,0.0,0.25335,0.7843653250773994,0.0016117430600436225,15.805800079776791,19.907499499999997,-4.1016994202232055,0.0,4.1016994202232055,4.1016994202232055
Ref-01B-B-0p10mps,1.505,-0.09175000000000003,0.1,0.0,0.25325000000000003,0.7840557275541796,0.0016111068875312707,15.799561358608535,19.907499499999997,-4.107938141391461,0.0,4.107938141391461,4.107938141391461
Ref-01B-B-0p10mps,1.5059999999999998,-0.09165000000000004,0.1,0.0,0.25315000000000004,0.7837461300309598,0.0016104707150189188,15.79332263744028,19.907499499999997,-4.114176862559717,0.0,4.114176862559717,4.114176862559717
Ref-01B-B-0p10mps,1.5070000000000001,-0.09154999999999999,0.1,0.0,0.25305,0.7834365325077399,0.0016098345425065667,15.787083916272021,19.907499499999997,-4.120415583727976,0.0,4.120415583727976,4.120415583727976
Ref-01B-B-0p10mps,1.508,-0.09145,0.1,0.0,0.25295,0.7831269349845201,0.0016091983699942148,15.780845195103765,19.907499499999997,-4.126654304896231,0.0,4.126654304896231,4.126654304896231
Ref-01B-B-0p10mps,1.509,-0.09135000000000001,0.1,0.0,0.25285,0.7828173374613003,0.001608562197481863,15.77460647393551,19.907499499999997,-4.132893026064487,0.0,4.132893026064487,4.132893026064487
Ref-01B-B-0p10mps,1.5099999999999998,-0.09125000000000003,0.1,0.0,0.25275000000000003,0.7825077399380805,0.001607926024969511,15.768367752767254,19.907499499999997,-4.139131747232742,0.0,4.139131747232742,4.139131747232742
Ref-01B-B-0p10mps,1.5109999999999997,-0.09115000000000004,0.1,0.0,0.25265000000000004,0.7821981424148607,0.0016072898524571591,15.762129031598999,19.907499499999997,-4.145370468400998,0.0,4.145370468400998,4.145370468400998
Ref-01B-B-0p10mps,1.5120000000000002,-0.09104999999999999,0.1,0.0,0.25255,0.7818885448916408,0.0016066536799448068,15.75589031043074,19.907499499999997,-4.151609189569257,0.0,4.151609189569257,4.151609189569257
Ref-01B-B-0p10mps,1.5130000000000001,-0.09095,0.1,0.0,0.25245,0.781578947368421,0.001606017507432455,15.749651589262484,19.907499499999997,-4.157847910737512,0.0,4.157847910737512,4.157847910737512
Ref-01B-B-0p10mps,1.514,-0.09085000000000001,0.1,0.0,0.25235,0.7812693498452012,0.0016053813349201033,15.74341286809423,19.907499499999997,-4.164086631905766,0.0,4.164086631905766,4.164086631905766
Ref-01B-B-0p10mps,1.515,-0.09075000000000003,0.1,0.0,0.25225000000000003,0.7809597523219814,0.0016047451624077514,15.737174146925975,19.907499499999997,-4.170325353074022,0.0,4.170325353074022,4.170325353074022
Ref-01B-B-0p10mps,1.5159999999999998,-0.09065000000000004,0.1,0.0,0.25215000000000004,0.7806501547987618,0.0016041089898953995,15.73093542575772,19.907499499999997,-4.176564074242277,0.0,4.176564074242277,4.176564074242277
Ref-01B-B-0p10mps,1.5170000000000001,-0.09054999999999999,0.1,0.0,0.25205,0.7803405572755417,0.0016034728173830472,15.724696704589459,19.907499499999997,-4.182802795410538,0.0,4.182802795410538,4.182802795410538
Ref-01B-B-0p10mps,1.518,-0.09045,0.1,0.0,0.25195,0.780030959752322,0.0016028366448706953,15.718457983421203,19.907499499999997,-4.1890415165787935,0.0,4.1890415165787935,4.1890415165787935
Ref-01B-B-0p10mps,1.519,-0.09035000000000001,0.1,0.0,0.25185,0.7797213622291022,0.0016022004723583434,15.712219262252948,19.907499499999997,-4.195280237747049,0.0,4.195280237747049,4.195280237747049
Ref-01B-B-0p10mps,1.5199999999999998,-0.09025000000000002,0.1,0.0,0.25175000000000003,0.7794117647058825,0.0016015642998459916,15.705980541084692,19.907499499999997,-4.201518958915305,0.0,4.201518958915305,4.201518958915305
Ref-01B-B-0p10mps,1.5209999999999997,-0.09015000000000004,0.1,0.0,0.25165000000000004,0.7791021671826627,0.0016009281273336399,15.699741819916438,19.907499499999997,-4.207757680083558,0.0,4.207757680083558,4.207757680083558
Ref-01B-B-0p10mps,1.5220000000000002,-0.09004999999999999,0.1,0.0,0.25155,0.7787925696594427,0.0016002919548212876,15.69350309874818,19.907499499999997,-4.213996401251817,0.0,4.213996401251817,4.213996401251817
Ref-01B-B-0p10mps,1.5230000000000001,-0.08995,0.1,0.0,0.25145,0.7784829721362229,0.0015996557823089357,15.687264377579924,19.907499499999997,-4.220235122420073,0.0,4.220235122420073,4.220235122420073
Ref-01B-B-0p10mps,1.524,-0.08985000000000001,0.1,0.0,0.25135,0.7781733746130032,0.0015990196097965838,15.681025656411668,19.907499499999997,-4.2264738435883284,0.0,4.2264738435883284,4.2264738435883284
Ref-01B-B-0p10mps,1.525,-0.08975000000000002,0.1,0.0,0.25125000000000003,0.7778637770897834,0.001598383437284232,15.674786935243413,19.907499499999997,-4.232712564756584,0.0,4.232712564756584,4.232712564756584
Ref-01B-B-0p10mps,1.5259999999999998,-0.08965000000000004,0.1,0.0,0.25115000000000004,0.7775541795665636,0.00159774726477188,15.668548214075157,19.907499499999997,-4.2389512859248395,0.0,4.2389512859248395,4.2389512859248395
Ref-01B-B-0p10mps,1.5270000000000001,-0.08954999999999999,0.1,0.0,0.25105,0.7772445820433436,0.001597111092259528,15.6623094929069,19.907499499999997,-4.245190007093097,0.0,4.245190007093097,4.245190007093097
Ref-01B-B-0p10mps,1.528,-0.08945,0.1,0.0,0.25095,0.7769349845201239,0.001596474919747176,15.656070771738644,19.907499499999997,-4.251428728261352,0.0,4.251428728261352,4.251428728261352
Ref-01B-B-0p10mps,1.529,-0.08935000000000001,0.1,0.0,0.25085,0.7766253869969041,0.0015958387472348242,15.649832050570389,19.907499499999997,-4.257667449429608,0.0,4.257667449429608,4.257667449429608
Ref-01B-B-0p10mps,1.5299999999999998,-0.08925000000000002,0.1,0.0,0.25075000000000003,0.7763157894736843,0.0015952025747224723,15.643593329402133,19.907499499999997,-4.263906170597863,0.0,4.263906170597863,4.263906170597863
Ref-01B-B-0p10mps,1.5309999999999997,-0.08915000000000003,0.1,0.0,0.25065000000000004,0.7760061919504645,0.0015945664022101204,15.637354608233876,19.907499499999997,-4.270144891766121,0.0,4.270144891766121,4.270144891766121
Ref-01B-B-0p10mps,1.5320000000000003,-0.08904999999999999,0.1,0.0,0.25055,0.7756965944272446,0.0015939302296977683,15.631115887065619,19.907499499999997,-4.276383612934378,0.0,4.276383612934378,4.276383612934378
Ref-01B-B-0p10mps,1.5330000000000001,-0.08895,0.1,0.0,0.25045,0.7753869969040248,0.0015932940571854164,15.624877165897363,19.907499499999997,-4.2826223341026335,0.0,4.2826223341026335,4.2826223341026335
Ref-01B-B-0p10mps,1.534,-0.08885000000000001,0.1,0.0,0.25035,0.775077399380805,0.0015926578846730645,15.618638444729108,19.907499499999997,-4.288861055270889,0.0,4.288861055270889,4.288861055270889
Ref-01B-B-0p10mps,1.535,-0.08875000000000002,0.1,0.0,0.25025000000000003,0.7747678018575852,0.0015920217121607127,15.612399723560852,19.907499499999997,-4.2950997764391445,0.0,4.2950997764391445,4.2950997764391445
Ref-01B-B-0p10mps,1.536,-0.08865,0.1,0.0,0.25015,0.7744582043343653,0.0015913855396483604,15.606161002392593,19.907499499999997,-4.301338497607404,0.0,4.301338497607404,4.301338497607404
Ref-01B-B-0p10mps,1.5370000000000001,-0.08854999999999999,0.1,0.0,0.25005,0.7741486068111455,0.0015907493671360085,15.599922281224337,19.907499499999997,-4.307577218775659,0.0,4.307577218775659,4.307577218775659
Ref-01B-B-0p10mps,1.538,-0.08845,0.1,0.0,0.24995,0.7738390092879257,0.0015901131946236568,15.593683560056084,19.907499499999997,-4.313815939943913,0.0,4.313815939943913,4.313815939943913
Ref-01B-B-0p10mps,1.539,-0.08835000000000001,0.1,0.0,0.24985000000000002,0.7735294117647059,0.001589477022111305,15.587444838887828,19.907499499999997,-4.320054661112168,0.0,4.320054661112168,4.320054661112168
Ref-01B-B-0p10mps,1.5399999999999998,-0.08825000000000002,0.1,0.0,0.24975000000000003,0.7732198142414861,0.001588840849598953,15.581206117719573,19.907499499999997,-4.326293382280424,0.0,4.326293382280424,4.326293382280424
Ref-01B-B-0p10mps,1.5410000000000001,-0.08815,0.1,0.0,0.24965,0.7729102167182663,0.001588204677086601,15.574967396551315,19.907499499999997,-4.332532103448681,0.0,4.332532103448681,4.332532103448681
Ref-01B-B-0p10mps,1.5420000000000003,-0.08804999999999999,0.1,0.0,0.24955,0.7726006191950464,0.0015875685045742488,15.568728675383056,19.907499499999997,-4.33877082461694,0.0,4.33877082461694,4.33877082461694
Ref-01B-B-0p10mps,1.5430000000000001,-0.08795,0.1,0.0,0.24945,0.7722910216718266,0.001586932332061897,15.5624899542148,19.907499499999997,-4.345009545785196,0.0,4.345009545785196,4.345009545785196
Ref-01B-B-0p10mps,1.544,-0.08785000000000001,0.1,0.0,0.24935000000000002,0.7719814241486068,0.001586296159549545,15.556251233046545,19.907499499999997,-4.351248266953451,0.0,4.351248266953451,4.351248266953451
Ref-01B-B-0p10mps,1.545,-0.08775000000000002,0.1,0.0,0.24925000000000003,0.771671826625387,0.0015856599870371934,15.550012511878291,19.907499499999997,-4.357486988121705,0.0,4.357486988121705,4.357486988121705
Ref-01B-B-0p10mps,1.546,-0.08765,0.1,0.0,0.24915,0.7713622291021672,0.0015850238145248413,15.543773790710034,19.907499499999997,-4.363725709289962,0.0,4.363725709289962,4.363725709289962
Ref-01B-B-0p10mps,1.5470000000000002,-0.08754999999999999,0.1,0.0,0.24905,0.7710526315789473,0.0015843876420124892,15.537535069541777,19.907499499999997,-4.36996443045822,0.0,4.36996443045822,4.36996443045822
Ref-01B-B-0p10mps,1.548,-0.08745,0.1,0.0,0.24895,0.7707430340557275,0.0015837514695001373,15.531296348373521,19.907499499999997,-4.376203151626475,0.0,4.376203151626475,4.376203151626475
Ref-01B-B-0p10mps,1.549,-0.08735000000000001,0.1,0.0,0.24885000000000002,0.7704334365325077,0.0015831152969877854,15.525057627205266,19.907499499999997,-4.382441872794731,0.0,4.382441872794731,4.382441872794731
Ref-01B-B-0p10mps,1.5499999999999998,-0.08725000000000002,0.1,0.0,0.24875000000000003,0.7701238390092879,0.0015824791244754336,15.51881890603701,19.907499499999997,-4.388680593962986,0.0,4.388680593962986,4.388680593962986
Ref-01B-B-0p10mps,1.5510000000000002,-0.08715,0.1,0.0,0.24865,0.7698142414860681,0.0015818429519630817,15.512580184868755,19.907499499999997,-4.394919315131242,0.0,4.394919315131242,4.394919315131242
Ref-01B-B-0p10mps,1.5520000000000003,-0.08704999999999999,0.1,0.0,0.24855,0.7695046439628482,0.0015812067794507296,15.506341463700497,19.907499499999997,-4.401158036299499,0.0,4.401158036299499,4.401158036299499
Ref-01B-B-0p10mps,1.5530000000000002,-0.08695,0.1,0.0,0.24845,0.7691950464396284,0.0015805706069383777,15.500102742532242,19.907499499999997,-4.407396757467755,0.0,4.407396757467755,4.407396757467755
Ref-01B-B-0p10mps,1.554,-0.08685000000000001,0.1,0.0,0.24835000000000002,0.7688854489164086,0.0015799344344260258,15.493864021363985,19.907499499999997,-4.413635478636012,0.0,4.413635478636012,4.413635478636012
Ref-01B-B-0p10mps,1.555,-0.08675000000000002,0.1,0.0,0.24825000000000003,0.768575851393189,0.001579298261913674,15.48762530019573,19.907499499999997,-4.419874199804267,0.0,4.419874199804267,4.419874199804267
Ref-01B-B-0p10mps,1.556,-0.08665,0.1,0.0,0.24815,0.768266253869969,0.0015786620894013218,15.481386579027472,19.907499499999997,-4.426112920972525,0.0,4.426112920972525,4.426112920972525
Ref-01B-B-0p10mps,1.5570000000000002,-0.08654999999999999,0.1,0.0,0.24805,0.7679566563467491,0.00157802591688897,15.475147857859216,19.907499499999997,-4.43235164214078,0.0,4.43235164214078,4.43235164214078
Ref-01B-B-0p10mps,1.558,-0.08645,0.1,0.0,0.24795,0.7676470588235293,0.001577389744376618,15.46890913669096,19.907499499999997,-4.438590363309036,0.0,4.438590363309036,4.438590363309036
Ref-01B-B-0p10mps,1.559,-0.08635000000000001,0.1,0.0,0.24785000000000001,0.7673374613003097,0.0015767535718642662,15.462670415522705,19.907499499999997,-4.444829084477291,0.0,4.444829084477291,4.444829084477291
Ref-01B-B-0p10mps,1.5599999999999998,-0.08625000000000002,0.1,0.0,0.24775000000000003,0.7670278637770899,0.0015761173993519143,15.45643169435445,19.907499499999997,-4.451067805645547,0.0,4.451067805645547,4.451067805645547
Ref-01B-B-0p10mps,1.5610000000000002,-0.08615,0.1,0.0,0.24765,0.76671826625387,0.0015754812268395622,15.450192973186192,19.907499499999997,-4.457306526813804,0.0,4.457306526813804,4.457306526813804
Ref-01B-B-0p10mps,1.5620000000000003,-0.08604999999999999,0.1,0.0,0.24755,0.7664086687306501,0.0015748450543272103,15.443954252017937,19.907499499999997,-4.46354524798206,0.0,4.46354524798206,4.46354524798206
Ref-01B-B-0p10mps,1.5630000000000002,-0.08595,0.1,0.0,0.24745,0.7660990712074304,0.0015742088818148584,15.437715530849681,19.907499499999997,-4.469783969150315,0.0,4.469783969150315,4.469783969150315
Ref-01B-B-0p10mps,1.564,-0.08585000000000001,0.1,0.0,0.24735000000000001,0.7657894736842106,0.0015735727093025066,15.431476809681426,19.907499499999997,-4.476022690318571,0.0,4.476022690318571,4.476022690318571
Ref-01B-B-0p10mps,1.565,-0.08575000000000002,0.1,0.0,0.24725000000000003,0.7654798761609908,0.0015729365367901547,15.42523808851317,19.907499499999997,-4.482261411486826,0.0,4.482261411486826,4.482261411486826
Ref-01B-B-0p10mps,1.566,-0.08565,0.1,0.0,0.24715,0.7651702786377709,0.0015723003642778026,15.418999367344911,19.907499499999997,-4.488500132655085,0.0,4.488500132655085,4.488500132655085
Ref-01B-B-0p10mps,1.5670000000000002,-0.08554999999999999,0.1,0.0,0.24705,0.7648606811145511,0.0015716641917654505,15.412760646176654,19.907499499999997,-4.494738853823343,0.0,4.494738853823343,4.494738853823343
Ref-01B-B-0p10mps,1.568,-0.08545,0.1,0.0,0.24695,0.7645510835913313,0.0015710280192530986,15.406521925008398,19.907499499999997,-4.500977574991598,0.0,4.500977574991598,4.500977574991598
Ref-01B-B-0p10mps,1.569,-0.08535000000000001,0.1,0.0,0.24685,0.7642414860681115,0.001570391846740747,15.400283203840145,19.907499499999997,-4.507216296159852,0.0,4.507216296159852,4.507216296159852
Ref-01B-B-0p10mps,1.5699999999999998,-0.08525000000000002,0.1,0.0,0.24675000000000002,0.7639318885448917,0.001569755674228395,15.39404448267189,19.907499499999997,-4.513455017328107,0.0,4.513455017328107,4.513455017328107
Ref-01B-B-0p10mps,1.5710000000000002,-0.08515,0.1,0.0,0.24665,0.7636222910216718,0.001569119501716043,15.387805761503632,19.907499499999997,-4.519693738496365,0.0,4.519693738496365,4.519693738496365
Ref-01B-B-0p10mps,1.5720000000000003,-0.08504999999999999,0.1,0.0,0.24655,0.763312693498452,0.0015684833292036909,15.381567040335375,19.907499499999997,-4.525932459664622,0.0,4.525932459664622,4.525932459664622
Ref-01B-B-0p10mps,1.5730000000000002,-0.08495,0.1,0.0,0.24645,0.7630030959752322,0.001567847156691339,15.375328319167119,19.907499499999997,-4.5321711808328775,0.0,4.5321711808328775,4.5321711808328775
Ref-01B-B-0p10mps,1.574,-0.08485000000000001,0.1,0.0,0.24635,0.7626934984520124,0.001567210984178987,15.369089597998864,19.907499499999997,-4.538409902001133,0.0,4.538409902001133,4.538409902001133
Ref-01B-B-0p10mps,1.575,-0.08475000000000002,0.1,0.0,0.24625000000000002,0.7623839009287926,0.0015665748116666352,15.362850876830608,19.907499499999997,-4.544648623169389,0.0,4.544648623169389,4.544648623169389
Ref-01B-B-0p10mps,1.576,-0.08465,0.1,0.0,0.24615,0.7620743034055728,0.0015659386391542833,15.356612155662352,19.907499499999997,-4.550887344337644,0.0,4.550887344337644,4.550887344337644
Ref-01B-B-0p10mps,1.577,-0.08455000000000001,0.1,0.0,0.24605000000000002,0.761764705882353,0.0015653024666419314,15.350373434494097,19.907499499999997,-4.5571260655059,0.0,4.5571260655059,4.5571260655059
Ref-01B-B-0p10mps,1.578,-0.08445,0.1,0.0,0.24595,0.7614551083591331,0.0015646662941295793,15.344134713325838,19.907499499999997,-4.563364786674159,0.0,4.563364786674159,4.563364786674159
Ref-01B-B-0p10mps,1.579,-0.08435000000000001,0.1,0.0,0.24585,0.7611455108359133,0.0015640301216172275,15.337895992157582,19.907499499999997,-4.569603507842414,0.0,4.569603507842414,4.569603507842414
Ref-01B-B-0p10mps,1.5799999999999998,-0.08425000000000002,0.1,0.0,0.24575000000000002,0.7608359133126935,0.0015633939491048756,15.331657270989327,19.907499499999997,-4.57584222901067,0.0,4.57584222901067,4.57584222901067
Ref-01B-B-0p10mps,1.5810000000000002,-0.08415,0.1,0.0,0.24565,0.7605263157894737,0.0015627577765925237,15.325418549821071,19.907499499999997,-4.582080950178925,0.0,4.582080950178925,4.582080950178925
Ref-01B-B-0p10mps,1.582,-0.08405000000000001,0.1,0.0,0.24555000000000002,0.7602167182662539,0.0015621216040801718,15.319179828652816,19.907499499999997,-4.588319671347181,0.0,4.588319671347181,4.588319671347181
Ref-01B-B-0p10mps,1.5830000000000002,-0.08395,0.1,0.0,0.24545,0.759907120743034,0.0015614854315678197,15.312941107484559,19.907499499999997,-4.594558392515438,0.0,4.594558392515438,4.594558392515438
Ref-01B-B-0p10mps,1.584,-0.08385000000000001,0.1,0.0,0.24535,0.7595975232198142,0.0015608492590554678,15.306702386316303,19.907499499999997,-4.600797113683694,0.0,4.600797113683694,4.600797113683694
Ref-01B-B-0p10mps,1.585,-0.08375000000000002,0.1,0.0,0.24525000000000002,0.7592879256965944,0.001560213086543116,15.300463665148047,19.907499499999997,-4.607035834851949,0.0,4.607035834851949,4.607035834851949
Ref-01B-B-0p10mps,1.586,-0.08365,0.1,0.0,0.24515,0.7589783281733746,0.0015595769140307639,15.29422494397979,19.907499499999997,-4.613274556020206,0.0,4.613274556020206,4.613274556020206
Ref-01B-B-0p10mps,1.587,-0.08355000000000001,0.1,0.0,0.24505000000000002,0.7586687306501548,0.001558940741518412,15.287986222811535,19.907499499999997,-4.619513277188462,0.0,4.619513277188462,4.619513277188462
Ref-01B-B-0p10mps,1.588,-0.08345,0.1,0.0,0.24495,0.7583591331269349,0.00155830456900606,15.281747501643279,19.907499499999997,-4.6257519983567175,0.0,4.6257519983567175,4.6257519983567175
Ref-01B-B-0p10mps,1.589,-0.08335000000000001,0.1,0.0,0.24485,0.7580495356037152,0.0015576683964937082,15.275508780475024,19.907499499999997,-4.631990719524973,0.0,4.631990719524973,4.631990719524973
Ref-01B-B-0p10mps,1.5899999999999999,-0.08325000000000002,0.1,0.0,0.24475000000000002,0.7577399380804954,0.0015570322239813563,15.269270059306768,19.907499499999997,-4.6382294406932285,0.0,4.6382294406932285,4.6382294406932285
Ref-01B-B-0p10mps,1.5910000000000002,-0.08315,0.1,0.0,0.24465,0.7574303405572755,0.0015563960514690042,15.263031338138509,19.907499499999997,-4.644468161861488,0.0,4.644468161861488,4.644468161861488
Ref-01B-B-0p10mps,1.592,-0.08305000000000001,0.1,0.0,0.24455000000000002,0.7571207430340557,0.0015557598789566523,15.256792616970253,19.907499499999997,-4.650706883029743,0.0,4.650706883029743,4.650706883029743
Ref-01B-B-0p10mps,1.5930000000000002,-0.08295,0.1,0.0,0.24445,0.756811145510836,0.0015551237064443005,15.250553895801998,19.907499499999997,-4.656945604197999,0.0,4.656945604197999,4.656945604197999
Ref-01B-B-0p10mps,1.594,-0.08285000000000001,0.1,0.0,0.24435,0.7565015479876162,0.0015544875339319486,15.244315174633742,19.907499499999997,-4.663184325366254,0.0,4.663184325366254,4.663184325366254
Ref-01B-B-0p10mps,1.595,-0.08275000000000002,0.1,0.0,0.24425000000000002,0.7561919504643964,0.0015538513614195967,15.238076453465487,19.907499499999997,-4.66942304653451,0.0,4.66942304653451,4.66942304653451
Ref-01B-B-0p10mps,1.596,-0.08265,0.1,0.0,0.24415,0.7558823529411764,0.0015532151889072446,15.23183773229723,19.907499499999997,-4.675661767702767,0.0,4.675661767702767,4.675661767702767
Ref-01B-B-0p10mps,1.597,-0.08255000000000001,0.1,0.0,0.24405000000000002,0.7555727554179567,0.0015525790163948927,15.225599011128974,19.907499499999997,-4.6819004888710225,0.0,4.6819004888710225,4.6819004888710225
Ref-01B-B-0p10mps,1.598,-0.08245,0.1,0.0,0.24395,0.7552631578947369,0.0015519428438825406,15.219360289960717,19.907499499999997,-4.68813921003928,0.0,4.68813921003928,4.68813921003928
Ref-01B-B-0p10mps,1.599,-0.08235,0.1,0.0,0.24385,0.7549535603715171,0.0015513066713701887,15.213121568792461,19.907499499999997,-4.694377931207535,0.0,4.694377931207535,4.694377931207535
Ref-01B-B-0p10mps,1.5999999999999999,-0.08225000000000002,0.1,0.0,0.24375000000000002,0.7546439628482973,0.001550670498857837,15.206882847624207,19.907499499999997,-4.700616652375789,0.0,4.700616652375789,4.700616652375789
Ref-01B-B-0p10mps,1.6010000000000002,-0.08215,0.1,0.0,0.24365,0.7543343653250774,0.001550034326345485,15.20064412645595,19.907499499999997,-4.706855373544046,0.0,4.706855373544046,4.706855373544046
Ref-01B-B-0p10mps,1.602,-0.08205000000000001,0.1,0.0,0.24355000000000002,0.7540247678018576,0.001549398153833133,15.194405405287695,19.907499499999997,-4.713094094712302,0.0,4.713094094712302,4.713094094712302
Ref-01B-B-0p10mps,1.6030000000000002,-0.08195,0.1,0.0,0.24345,0.7537151702786378,0.001548761981320781,15.188166684119436,19.907499499999997,-4.719332815880561,0.0,4.719332815880561,4.719332815880561
Ref-01B-B-0p10mps,1.604,-0.08185,0.1,0.0,0.24335,0.753405572755418,0.001548125808808429,15.18192796295118,19.907499499999997,-4.7255715370488165,0.0,4.7255715370488165,4.7255715370488165
Ref-01B-B-0p10mps,1.605,-0.08175000000000002,0.1,0.0,0.24325000000000002,0.7530959752321982,0.0015474896362960772,15.175689241782925,19.907499499999997,-4.731810258217072,0.0,4.731810258217072,4.731810258217072
Ref-01B-B-0p10mps,1.606,-0.08165,0.1,0.0,0.24315,0.7527863777089783,0.0015468534637837253,15.169450520614669,19.907499499999997,-4.7380489793853275,0.0,4.7380489793853275,4.7380489793853275
Ref-01B-B-0p10mps,1.607,-0.08155000000000001,0.1,0.0,0.24305000000000002,0.7524767801857586,0.0015462172912713735,15.163211799446414,19.907499499999997,-4.744287700553583,0.0,4.744287700553583,4.744287700553583
Ref-01B-B-0p10mps,1.608,-0.08145,0.1,0.0,0.24295,0.7521671826625387,0.0015455811187590214,15.156973078278156,19.907499499999997,-4.75052642172184,0.0,4.75052642172184,4.75052642172184
Ref-01B-B-0p10mps,1.609,-0.08135,0.1,0.0,0.24285,0.7518575851393189,0.0015449449462466695,15.1507343571099,19.907499499999997,-4.756765142890096,0.0,4.756765142890096,4.756765142890096
Ref-01B-B-0p10mps,1.6099999999999999,-0.08125000000000002,0.1,0.0,0.24275000000000002,0.7515479876160991,0.0015443087737343176,15.144495635941645,19.907499499999997,-4.763003864058351,0.0,4.763003864058351,4.763003864058351
Ref-01B-B-0p10mps,1.6110000000000002,-0.08115,0.1,0.0,0.24265,0.7512383900928793,0.0015436726012219655,15.138256914773388,19.907499499999997,-4.769242585226609,0.0,4.769242585226609,4.769242585226609
Ref-01B-B-0p10mps,1.612,-0.08105000000000001,0.1,0.0,0.24255000000000002,0.7509287925696595,0.0015430364287096136,15.132018193605132,19.907499499999997,-4.775481306394864,0.0,4.775481306394864,4.775481306394864
Ref-01B-B-0p10mps,1.6130000000000002,-0.08095,0.1,0.0,0.24245,0.7506191950464396,0.0015424002561972617,15.125779472436877,19.907499499999997,-4.78172002756312,0.0,4.78172002756312,4.78172002756312
Ref-01B-B-0p10mps,1.614,-0.08085,0.1,0.0,0.24235,0.7503095975232198,0.0015417640836849099,15.119540751268621,19.907499499999997,-4.787958748731375,0.0,4.787958748731375,4.787958748731375
Ref-01B-B-0p10mps,1.615,-0.08075000000000002,0.1,0.0,0.24225000000000002,0.75,0.001541127911172558,15.113302030100366,19.907499499999997,-4.794197469899631,0.0,4.794197469899631,4.794197469899631
Ref-01B-B-0p10mps,1.616,-0.08065,0.1,0.0,0.24215,0.7496904024767802,0.0015404917386602059,15.107063308932107,19.907499499999997,-4.80043619106789,0.0,4.80043619106789,4.80043619106789
Ref-01B-B-0p10mps,1.617,-0.08055000000000001,0.1,0.0,0.24205000000000002,0.7493808049535604,0.001539855566147854,15.100824587763851,19.907499499999997,-4.806674912236145,0.0,4.806674912236145,4.806674912236145
Ref-01B-B-0p10mps,1.618,-0.08045,0.1,0.0,0.24195,0.7490712074303405,0.001539219393635502,15.094585866595596,19.907499499999997,-4.812913633404401,0.0,4.812913633404401,4.812913633404401
Ref-01B-B-0p10mps,1.619,-0.08035,0.1,0.0,0.24185,0.7487616099071207,0.0015385832211231502,15.08834714542734,19.907499499999997,-4.8191523545726564,0.0,4.8191523545726564,4.8191523545726564
Ref-01B-B-0p10mps,1.6199999999999999,-0.08025000000000002,0.1,0.0,0.24175000000000002,0.748452012383901,0.0015379470486107983,15.082108424259085,19.907499499999997,-4.825391075740912,0.0,4.825391075740912,4.825391075740912
Ref-01B-B-0p10mps,1.6210000000000002,-0.08015,0.1,0.0,0.24165,0.7481424148606811,0.0015373108760984462,15.075869703090827,19.907499499999997,-4.831629796909169,0.0,4.831629796909169,4.831629796909169
Ref-01B-B-0p10mps,1.622,-0.08005000000000001,0.1,0.0,0.24155000000000001,0.7478328173374613,0.0015366747035860944,15.069630981922572,19.907499499999997,-4.837868518077425,0.0,4.837868518077425,4.837868518077425
Ref-01B-B-0p10mps,1.6230000000000002,-0.07995,0.1,0.0,0.24145,0.7475232198142414,0.0015360385310737423,15.063392260754314,19.907499499999997,-4.844107239245682,0.0,4.844107239245682,4.844107239245682
Ref-01B-B-0p10mps,1.624,-0.07985,0.1,0.0,0.24135,0.7472136222910217,0.0015354023585613904,15.057153539586059,19.907499499999997,-4.850345960413938,0.0,4.850345960413938,4.850345960413938
Ref-01B-B-0p10mps,1.625,-0.07975000000000002,0.1,0.0,0.24125000000000002,0.7469040247678019,0.0015347661860490387,15.050914818417805,19.907499499999997,-4.856584681582191,0.0,4.856584681582191,4.856584681582191
Ref-01B-B-0p10mps,1.6260000000000001,-0.07965,0.1,0.0,0.24115,0.746594427244582,0.0015341300135366866,15.044676097249548,19.907499499999997,-4.862823402750449,0.0,4.862823402750449,4.862823402750449
Ref-01B-B-0p10mps,1.627,-0.07955000000000001,0.1,0.0,0.24105000000000001,0.7462848297213622,0.0015334938410243347,15.038437376081292,19.907499499999997,-4.869062123918704,0.0,4.869062123918704,4.869062123918704
Ref-01B-B-0p10mps,1.6280000000000001,-0.07944999999999999,0.1,0.0,0.24095,0.7459752321981424,0.0015328576685119826,15.032198654913033,19.907499499999997,-4.875300845086963,0.0,4.875300845086963,4.875300845086963
Ref-01B-B-0p10mps,1.629,-0.07935,0.1,0.0,0.24085,0.7456656346749226,0.0015322214959996308,15.025959933744778,19.907499499999997,-4.881539566255219,0.0,4.881539566255219,4.881539566255219
Ref-01B-B-0p10mps,1.63,-0.07925000000000001,0.1,0.0,0.24075000000000002,0.7453560371517028,0.0015315853234872789,15.019721212576522,19.907499499999997,-4.887778287423474,0.0,4.887778287423474,4.887778287423474
Ref-01B-B-0p10mps,1.6310000000000002,-0.07915,0.1,0.0,0.24065,0.7450464396284829,0.001530949150974927,15.013482491408267,19.907499499999997,-4.89401700859173,0.0,4.89401700859173,4.89401700859173
Ref-01B-B-0p10mps,1.6320000000000001,-0.07905000000000001,0.1,0.0,0.24055,0.7447368421052631,0.001530312978462575,15.007243770240011,19.907499499999997,-4.900255729759985,0.0,4.900255729759985,4.900255729759985
Ref-01B-B-0p10mps,1.6330000000000002,-0.07894999999999999,0.1,0.0,0.24045,0.7444272445820433,0.001529676805950223,15.001005049071754,19.907499499999997,-4.906494450928243,0.0,4.906494450928243,4.906494450928243
Ref-01B-B-0p10mps,1.6340000000000001,-0.07885,0.1,0.0,0.24035,0.7441176470588236,0.0015290406334378711,14.994766327903498,19.907499499999997,-4.912733172096498,0.0,4.912733172096498,4.912733172096498
Ref-01B-B-0p10mps,1.635,-0.07875000000000001,0.1,0.0,0.24025000000000002,0.7438080495356038,0.0015284044609255192,14.988527606735243,19.907499499999997,-4.918971893264754,0.0,4.918971893264754,4.918971893264754
Ref-01B-B-0p10mps,1.6360000000000001,-0.07865,0.1,0.0,0.24015,0.7434984520123838,0.0015277682884131671,14.982288885566986,19.907499499999997,-4.925210614433011,0.0,4.925210614433011,4.925210614433011
Ref-01B-B-0p10mps,1.637,-0.07855000000000001,0.1,0.0,0.24005,0.743188854489164,0.0015271321159008155,14.976050164398732,19.907499499999997,-4.931449335601265,0.0,4.931449335601265,4.931449335601265
Ref-01B-B-0p10mps,1.638,-0.07845000000000002,0.1,0.0,0.23995000000000002,0.7428792569659444,0.0015264959433884636,14.969811443230476,19.907499499999997,-4.93768805676952,0.0,4.93768805676952,4.93768805676952
Ref-01B-B-0p10mps,1.639,-0.07835,0.1,0.0,0.23985,0.7425696594427245,0.0015258597708761115,14.963572722062219,19.907499499999997,-4.943926777937778,0.0,4.943926777937778,4.943926777937778
Ref-01B-B-0p10mps,1.64,-0.07825000000000001,0.1,0.0,0.23975000000000002,0.7422600619195047,0.0015252235983637596,14.957334000893963,19.907499499999997,-4.950165499106033,0.0,4.950165499106033,4.950165499106033
Ref-01B-B-0p10mps,1.6410000000000002,-0.07815,0.1,0.0,0.23965,0.7419504643962848,0.0015245874258514075,14.951095279725704,19.907499499999997,-4.956404220274292,0.0,4.956404220274292,4.956404220274292
Ref-01B-B-0p10mps,1.6420000000000001,-0.07805000000000001,0.1,0.0,0.23955,0.7416408668730651,0.0015239512533390556,14.944856558557449,19.907499499999997,-4.962642941442548,0.0,4.962642941442548,4.962642941442548
Ref-01B-B-0p10mps,1.643,-0.07795000000000002,0.1,0.0,0.23945000000000002,0.7413312693498453,0.0015233150808267037,14.938617837389193,19.907499499999997,-4.968881662610803,0.0,4.968881662610803,4.968881662610803
Ref-01B-B-0p10mps,1.6440000000000001,-0.07785,0.1,0.0,0.23935,0.7410216718266254,0.0015226789083143519,14.932379116220938,19.907499499999997,-4.975120383779059,0.0,4.975120383779059,4.975120383779059
Ref-01B-B-0p10mps,1.645,-0.07775000000000001,0.1,0.0,0.23925000000000002,0.7407120743034056,0.001522042735802,14.926140395052682,19.907499499999997,-4.981359104947314,0.0,4.981359104947314,4.981359104947314
Ref-01B-B-0p10mps,1.6460000000000001,-0.07765,0.1,0.0,0.23915,0.7404024767801858,0.0015214065632896479,14.919901673884425,19.907499499999997,-4.987597826115572,0.0,4.987597826115572,4.987597826115572
Ref-01B-B-0p10mps,1.647,-0.07755000000000001,0.1,0.0,0.23905,0.740092879256966,0.001520770390777296,14.91366295271617,19.907499499999997,-4.993836547283827,0.0,4.993836547283827,4.993836547283827
Ref-01B-B-0p10mps,1.648,-0.07745000000000002,0.1,0.0,0.23895000000000002,0.7397832817337462,0.0015201342182649441,14.907424231547914,19.907499499999997,-5.000075268452083,0.0,5.000075268452083,5.000075268452083
Ref-01B-B-0p10mps,1.649,-0.07735,0.1,0.0,0.23885,0.7394736842105263,0.0015194980457525922,14.901185510379658,19.907499499999997,-5.006313989620338,0.0,5.006313989620338,5.006313989620338
Ref-01B-B-0p10mps,1.65,-0.07725000000000001,0.1,0.0,0.23875000000000002,0.7391640866873065,0.0015188618732402404,14.894946789211403,19.907499499999997,-5.012552710788594,0.0,5.012552710788594,5.012552710788594
Ref-01B-B-0p10mps,1.6510000000000002,-0.07715,0.1,0.0,0.23865,0.7388544891640867,0.0015182257007278883,14.888708068043146,19.907499499999997,-5.018791431956851,0.0,5.018791431956851,5.018791431956851
Ref-01B-B-0p10mps,1.6520000000000001,-0.07705000000000001,0.1,0.0,0.23855,0.7385448916408669,0.0015175895282155364,14.88246934687489,19.907499499999997,-5.0250301531251065,0.0,5.0250301531251065,5.0250301531251065
Ref-01B-B-0p10mps,1.653,-0.07695000000000002,0.1,0.0,0.23845000000000002,0.7382352941176471,0.0015169533557031845,14.876230625706633,19.907499499999997,-5.031268874293364,0.0,5.031268874293364,5.031268874293364
Ref-01B-B-0p10mps,1.6540000000000001,-0.07685,0.1,0.0,0.23835,0.7379256965944272,0.0015163171831908324,14.869991904538375,19.907499499999997,-5.037507595461621,0.0,5.037507595461621,5.037507595461621
Ref-01B-B-0p10mps,1.655,-0.07675000000000001,0.1,0.0,0.23825000000000002,0.7376160990712075,0.0015156810106784805,14.86375318337012,19.907499499999997,-5.043746316629877,0.0,5.043746316629877,5.043746316629877
Ref-01B-B-0p10mps,1.6560000000000001,-0.07665,0.1,0.0,0.23815,0.7373065015479876,0.0015150448381661286,14.857514462201864,19.907499499999997,-5.049985037798132,0.0,5.049985037798132,5.049985037798132
Ref-01B-B-0p10mps,1.657,-0.07655,0.1,0.0,0.23805,0.7369969040247678,0.0015144086656537767,14.851275741033609,19.907499499999997,-5.056223758966388,0.0,5.056223758966388,5.056223758966388
Ref-01B-B-0p10mps,1.658,-0.07645000000000002,0.1,0.0,0.23795000000000002,0.736687306501548,0.0015137724931414249,14.845037019865353,19.907499499999997,-5.062462480134643,0.0,5.062462480134643,5.062462480134643
Ref-01B-B-0p10mps,1.659,-0.07635,0.1,0.0,0.23785,0.7363777089783282,0.0015131363206290728,14.838798298697096,19.907499499999997,-5.0687012013029005,0.0,5.0687012013029005,5.0687012013029005
Ref-01B-B-0p10mps,1.66,-0.07625000000000001,0.1,0.0,0.23775000000000002,0.7360681114551084,0.0015125001481167209,14.83255957752884,19.907499499999997,-5.074939922471156,0.0,5.074939922471156,5.074939922471156
Ref-01B-B-0p10mps,1.6610000000000003,-0.07615,0.1,0.0,0.23765,0.7357585139318885,0.001511863975604369,14.826320856360585,19.907499499999997,-5.0811786436394115,0.0,5.0811786436394115,5.0811786436394115
Ref-01B-B-0p10mps,1.6620000000000001,-0.07605,0.1,0.0,0.23755,0.7354489164086687,0.0015112278030920171,14.82008213519233,19.907499499999997,-5.087417364807667,0.0,5.087417364807667,5.087417364807667
Ref-01B-B-0p10mps,1.663,-0.07595000000000002,0.1,0.0,0.23745000000000002,0.7351393188854489,0.0015105916305796652,14.813843414024074,19.907499499999997,-5.093656085975923,0.0,5.093656085975923,5.093656085975923
Ref-01B-B-0p10mps,1.6640000000000001,-0.07585,0.1,0.0,0.23735,0.7348297213622291,0.0015099554580673131,14.807604692855817,19.907499499999997,-5.09989480714418,0.0,5.09989480714418,5.09989480714418
Ref-01B-B-0p10mps,1.665,-0.07575000000000001,0.1,0.0,0.23725000000000002,0.7345201238390093,0.0015093192855549613,14.80136597168756,19.907499499999997,-5.106133528312437,0.0,5.106133528312437,5.106133528312437
Ref-01B-B-0p10mps,1.6660000000000001,-0.07565,0.1,0.0,0.23715,0.7342105263157894,0.0015086831130426092,14.795127250519302,19.907499499999997,-5.1123722494806945,0.0,5.1123722494806945,5.1123722494806945
Ref-01B-B-0p10mps,1.667,-0.07555,0.1,0.0,0.23705,0.7339009287925696,0.0015080469405302573,14.788888529351047,19.907499499999997,-5.11861097064895,0.0,5.11861097064895,5.11861097064895
Ref-01B-B-0p10mps,1.668,-0.07545000000000002,0.1,0.0,0.23695000000000002,0.7335913312693499,0.0015074107680179056,14.782649808182793,19.907499499999997,-5.124849691817204,0.0,5.124849691817204,5.124849691817204
Ref-01B-B-0p10mps,1.669,-0.07535,0.1,0.0,0.23685,0.73328173374613,0.0015067745955055535,14.776411087014536,19.907499499999997,-5.131088412985461,0.0,5.131088412985461,5.131088412985461
Ref-01B-B-0p10mps,1.67,-0.07525000000000001,0.1,0.0,0.23675000000000002,0.7329721362229102,0.0015061384229932016,14.77017236584628,19.907499499999997,-5.137327134153717,0.0,5.137327134153717,5.137327134153717
Ref-01B-B-0p10mps,1.6710000000000003,-0.07515,0.1,0.0,0.23665,0.7326625386996903,0.0015055022504808495,14.763933644678023,19.907499499999997,-5.143565855321974,0.0,5.143565855321974,5.143565855321974
Ref-01B-B-0p10mps,1.6720000000000002,-0.07505,0.1,0.0,0.23655,0.7323529411764707,0.0015048660779684976,14.757694923509767,19.907499499999997,-5.149804576490229,0.0,5.149804576490229,5.149804576490229
Ref-01B-B-0p10mps,1.673,-0.07495000000000002,0.1,0.0,0.23645000000000002,0.7320433436532509,0.0015042299054561458,14.751456202341512,19.907499499999997,-5.156043297658485,0.0,5.156043297658485,5.156043297658485
Ref-01B-B-0p10mps,1.6740000000000002,-0.07485,0.1,0.0,0.23635,0.731733746130031,0.0015035937329437939,14.745217481173256,19.907499499999997,-5.16228201882674,0.0,5.16228201882674,5.16228201882674
Ref-01B-B-0p10mps,1.675,-0.07475000000000001,0.1,0.0,0.23625000000000002,0.7314241486068112,0.001502957560431442,14.738978760005,19.907499499999997,-5.168520739994996,0.0,5.168520739994996,5.168520739994996
Ref-01B-B-0p10mps,1.6760000000000002,-0.07465,0.1,0.0,0.23615,0.7311145510835914,0.00150232138791909,14.732740038836742,19.907499499999997,-5.174759461163255,0.0,5.174759461163255,5.174759461163255
Ref-01B-B-0p10mps,1.677,-0.07455,0.1,0.0,0.23605,0.7308049535603716,0.001501685215406738,14.726501317668486,19.907499499999997,-5.1809981823315105,0.0,5.1809981823315105,5.1809981823315105
Ref-01B-B-0p10mps,1.678,-0.07445000000000002,0.1,0.0,0.23595000000000002,0.7304953560371518,0.0015010490428943861,14.72026259650023,19.907499499999997,-5.187236903499766,0.0,5.187236903499766,5.187236903499766
Ref-01B-B-0p10mps,1.679,-0.07435,0.1,0.0,0.23585,0.7301857585139319,0.001500412870382034,14.714023875331973,19.907499499999997,-5.193475624668023,0.0,5.193475624668023,5.193475624668023
Ref-01B-B-0p10mps,1.68,-0.07425000000000001,0.1,0.0,0.23575000000000002,0.7298761609907121,0.0014997766978696824,14.70778515416372,19.907499499999997,-5.199714345836277,0.0,5.199714345836277,5.199714345836277
Ref-01B-B-0p10mps,1.6810000000000003,-0.07415,0.1,0.0,0.23565,0.7295665634674923,0.0014991405253573303,14.701546432995462,19.907499499999997,-5.205953067004534,0.0,5.205953067004534,5.205953067004534
Ref-01B-B-0p10mps,1.6820000000000002,-0.07405,0.1,0.0,0.23555,0.7292569659442725,0.0014985043528449784,14.695307711827207,19.907499499999997,-5.21219178817279,0.0,5.21219178817279,5.21219178817279
Ref-01B-B-0p10mps,1.683,-0.07395000000000002,0.1,0.0,0.23545000000000002,0.7289473684210527,0.0014978681803326265,14.689068990658951,19.907499499999997,-5.2184305093410455,0.0,5.2184305093410455,5.2184305093410455
Ref-01B-B-0p10mps,1.6840000000000002,-0.07385,0.1,0.0,0.23535,0.7286377708978328,0.0014972320078202744,14.682830269490694,19.907499499999997,-5.224669230509303,0.0,5.224669230509303,5.224669230509303
Ref-01B-B-0p10mps,1.685,-0.07375000000000001,0.1,0.0,0.23525000000000001,0.728328173374613,0.0014965958353079225,14.676591548322438,19.907499499999997,-5.230907951677558,0.0,5.230907951677558,5.230907951677558
Ref-01B-B-0p10mps,1.6860000000000002,-0.07365,0.1,0.0,0.23515,0.7280185758513932,0.0014959596627955706,14.670352827154183,19.907499499999997,-5.237146672845814,0.0,5.237146672845814,5.237146672845814
Ref-01B-B-0p10mps,1.687,-0.07355,0.1,0.0,0.23505,0.7277089783281734,0.0014953234902832188,14.664114105985927,19.907499499999997,-5.243385394014069,0.0,5.243385394014069,5.243385394014069
Ref-01B-B-0p10mps,1.688,-0.07345000000000002,0.1,0.0,0.23495000000000002,0.7273993808049536,0.0014946873177708669,14.657875384817672,19.907499499999997,-5.249624115182325,0.0,5.249624115182325,5.249624115182325
Ref-01B-B-0p10mps,1.689,-0.07335,0.1,0.0,0.23485,0.7270897832817337,0.0014940511452585148,14.651636663649413,19.907499499999997,-5.255862836350584,0.0,5.255862836350584,5.255862836350584
Ref-01B-B-0p10mps,1.69,-0.07325000000000001,0.1,0.0,0.23475000000000001,0.726780185758514,0.001493414972746163,14.645397942481157,19.907499499999997,-5.2621015575188395,0.0,5.2621015575188395,5.2621015575188395
Ref-01B-B-0p10mps,1.6910000000000003,-0.07314999999999999,0.1,0.0,0.23465,0.7264705882352941,0.0014927788002338108,14.6391592213129,19.907499499999997,-5.268340278687097,0.0,5.268340278687097,5.268340278687097
Ref-01B-B-0p10mps,1.6920000000000002,-0.07305,0.1,0.0,0.23455,0.7261609907120743,0.0014921426277214591,14.632920500144646,19.907499499999997,-5.2745789998553505,0.0,5.2745789998553505,5.2745789998553505
Ref-01B-B-0p10mps,1.693,-0.07295000000000001,0.1,0.0,0.23445000000000002,0.7258513931888545,0.0014915064552091073,14.62668177897639,19.907499499999997,-5.280817721023606,0.0,5.280817721023606,5.280817721023606
Ref-01B-B-0p10mps,1.6940000000000002,-0.07285,0.1,0.0,0.23435,0.7255417956656347,0.0014908702826967552,14.620443057808133,19.907499499999997,-5.287056442191863,0.0,5.287056442191863,5.287056442191863
Ref-01B-B-0p10mps,1.695,-0.07275000000000001,0.1,0.0,0.23425,0.7252321981424149,0.0014902341101844033,14.614204336639878,19.907499499999997,-5.293295163360119,0.0,5.293295163360119,5.293295163360119
Ref-01B-B-0p10mps,1.6960000000000002,-0.07264999999999999,0.1,0.0,0.23415,0.724922600619195,0.0014895979376720512,14.60796561547162,19.907499499999997,-5.299533884528376,0.0,5.299533884528376,5.299533884528376
Ref-01B-B-0p10mps,1.697,-0.07255,0.1,0.0,0.23405,0.7246130030959752,0.0014889617651596993,14.601726894303365,19.907499499999997,-5.305772605696632,0.0,5.305772605696632,5.305772605696632
Ref-01B-B-0p10mps,1.698,-0.07245000000000001,0.1,0.0,0.23395000000000002,0.7243034055727554,0.0014883255926473474,14.59548817313511,19.907499499999997,-5.312011326864887,0.0,5.312011326864887,5.312011326864887
Ref-01B-B-0p10mps,1.6989999999999998,-0.07235000000000003,0.1,0.0,0.23385000000000003,0.7239938080495357,0.0014876894201349957,14.589249451966856,19.907499499999997,-5.318250048033141,0.0,5.318250048033141,5.318250048033141
Ref-01B-B-0p10mps,1.7,-0.07225000000000001,0.1,0.0,0.23375,0.7236842105263158,0.0014870532476226436,14.583010730798598,19.907499499999997,-5.324488769201398,0.0,5.324488769201398,5.324488769201398
Ref-01B-B-0p10mps,1.7010000000000003,-0.07214999999999999,0.1,0.0,0.23365,0.7233746130030959,0.0014864170751102915,14.57677200963034,19.907499499999997,-5.330727490369657,0.0,5.330727490369657,5.330727490369657
Ref-01B-B-0p10mps,1.7020000000000002,-0.07205,0.1,0.0,0.23355,0.7230650154798761,0.0014857809025979397,14.570533288462084,19.907499499999997,-5.336966211537913,0.0,5.336966211537913,5.336966211537913
Ref-01B-B-0p10mps,1.703,-0.07195000000000001,0.1,0.0,0.23345000000000002,0.7227554179566564,0.0014851447300855878,14.564294567293828,19.907499499999997,-5.343204932706168,0.0,5.343204932706168,5.343204932706168
Ref-01B-B-0p10mps,1.704,-0.07185000000000002,0.1,0.0,0.23335000000000003,0.7224458204334366,0.001484508557573236,14.558055846125573,19.907499499999997,-5.349443653874424,0.0,5.349443653874424,5.349443653874424
Ref-01B-B-0p10mps,1.705,-0.07175000000000001,0.1,0.0,0.23325,0.7221362229102167,0.001483872385060884,14.551817124957317,19.907499499999997,-5.355682375042679,0.0,5.355682375042679,5.355682375042679
Ref-01B-B-0p10mps,1.7060000000000002,-0.07164999999999999,0.1,0.0,0.23315,0.7218266253869968,0.001483236212548532,14.54557840378906,19.907499499999997,-5.361921096210937,0.0,5.361921096210937,5.361921096210937
Ref-01B-B-0p10mps,1.707,-0.07155,0.1,0.0,0.23305,0.7215170278637771,0.00148260004003618,14.539339682620804,19.907499499999997,-5.368159817379192,0.0,5.368159817379192,5.368159817379192
Ref-01B-B-0p10mps,1.708,-0.07145000000000001,0.1,0.0,0.23295000000000002,0.7212074303405573,0.0014819638675238282,14.533100961452549,19.907499499999997,-5.374398538547448,0.0,5.374398538547448,5.374398538547448
Ref-01B-B-0p10mps,1.7089999999999999,-0.07135000000000002,0.1,0.0,0.23285000000000003,0.7208978328173375,0.0014813276950114763,14.526862240284293,19.907499499999997,-5.380637259715703,0.0,5.380637259715703,5.380637259715703
Ref-01B-B-0p10mps,1.71,-0.07125000000000001,0.1,0.0,0.23275,0.7205882352941176,0.0014806915224991242,14.520623519116036,19.907499499999997,-5.386875980883961,0.0,5.386875980883961,5.386875980883961
Ref-01B-B-0p10mps,1.7110000000000003,-0.07114999999999999,0.1,0.0,0.23265,0.7202786377708978,0.0014800553499867723,14.51438479794778,19.907499499999997,-5.393114702052216,0.0,5.393114702052216,5.393114702052216
Ref-01B-B-0p10mps,1.7120000000000002,-0.07105,0.1,0.0,0.23255,0.719969040247678,0.0014794191774744204,14.508146076779525,19.907499499999997,-5.399353423220472,0.0,5.399353423220472,5.399353423220472
Ref-01B-B-0p10mps,1.713,-0.07095000000000001,0.1,0.0,0.23245000000000002,0.7196594427244583,0.0014787830049620685,14.50190735561127,19.907499499999997,-5.405592144388727,0.0,5.405592144388727,5.405592144388727
Ref-01B-B-0p10mps,1.714,-0.07085000000000002,0.1,0.0,0.23235000000000003,0.7193498452012385,0.0014781468324497166,14.495668634443014,19.907499499999997,-5.411830865556983,0.0,5.411830865556983,5.411830865556983
Ref-01B-B-0p10mps,1.715,-0.07075000000000001,0.1,0.0,0.23225,0.7190402476780186,0.0014775106599373645,14.489429913274755,19.907499499999997,-5.418069586725242,0.0,5.418069586725242,5.418069586725242
Ref-01B-B-0p10mps,1.7160000000000002,-0.07064999999999999,0.1,0.0,0.23215,0.7187306501547988,0.0014768744874250127,14.4831911921065,19.907499499999997,-5.424308307893497,0.0,5.424308307893497,5.424308307893497
Ref-01B-B-0p10mps,1.717,-0.07055,0.1,0.0,0.23205,0.718421052631579,0.0014762383149126608,14.476952470938244,19.907499499999997,-5.430547029061753,0.0,5.430547029061753,5.430547029061753
Ref-01B-B-0p10mps,1.718,-0.07045000000000001,0.1,0.0,0.23195000000000002,0.7181114551083592,0.001475602142400309,14.470713749769988,19.907499499999997,-5.436785750230008,0.0,5.436785750230008,5.436785750230008
Ref-01B-B-0p10mps,1.7189999999999999,-0.07035000000000002,0.1,0.0,0.23185000000000003,0.7178018575851394,0.001474965969887957,14.464475028601733,19.907499499999997,-5.443024471398264,0.0,5.443024471398264,5.443024471398264
Ref-01B-B-0p10mps,1.72,-0.07025,0.1,0.0,0.23175,0.7174922600619196,0.001474329797375605,14.458236307433475,19.907499499999997,-5.449263192566521,0.0,5.449263192566521,5.449263192566521
Ref-01B-B-0p10mps,1.7210000000000003,-0.07014999999999999,0.1,0.0,0.23165,0.7171826625386997,0.0014736936248632528,14.451997586265218,19.907499499999997,-5.455501913734778,0.0,5.455501913734778,5.455501913734778
Ref-01B-B-0p10mps,1.7220000000000002,-0.07005,0.1,0.0,0.23155,0.7168730650154799,0.001473057452350901,14.445758865096963,19.907499499999997,-5.461740634903034,0.0,5.461740634903034,5.461740634903034
Ref-01B-B-0p10mps,1.723,-0.06995000000000001,0.1,0.0,0.23145000000000002,0.7165634674922601,0.0014724212798385493,14.439520143928709,19.907499499999997,-5.467979356071288,0.0,5.467979356071288,5.467979356071288
Ref-01B-B-0p10mps,1.724,-0.06985000000000002,0.1,0.0,0.23135000000000003,0.7162538699690403,0.0014717851073261974,14.433281422760453,19.907499499999997,-5.474218077239543,0.0,5.474218077239543,5.474218077239543
Ref-01B-B-0p10mps,1.725,-0.06975,0.1,0.0,0.23125,0.7159442724458205,0.0014711489348138453,14.427042701592196,19.907499499999997,-5.4804567984078005,0.0,5.4804567984078005,5.4804567984078005
Ref-01B-B-0p10mps,1.7260000000000002,-0.06964999999999999,0.1,0.0,0.23115,0.7156346749226006,0.0014705127623014932,14.420803980423937,19.907499499999997,-5.48669551957606,0.0,5.48669551957606,5.48669551957606
Ref-01B-B-0p10mps,1.727,-0.06955,0.1,0.0,0.23105,0.7153250773993808,0.0014698765897891413,14.414565259255681,19.907499499999997,-5.492934240744315,0.0,5.492934240744315,5.492934240744315
Ref-01B-B-0p10mps,1.728,-0.06945000000000001,0.1,0.0,0.23095000000000002,0.715015479876161,0.0014692404172767894,14.408326538087426,19.907499499999997,-5.499172961912571,0.0,5.499172961912571,5.499172961912571
Ref-01B-B-0p10mps,1.7289999999999999,-0.06935000000000002,0.1,0.0,0.23085000000000003,0.7147058823529412,0.0014686042447644375,14.40208781691917,19.907499499999997,-5.505411683080826,0.0,5.505411683080826,5.505411683080826
Ref-01B-B-0p10mps,1.73,-0.06925,0.1,0.0,0.23075,0.7143962848297214,0.0014679680722520857,14.395849095750915,19.907499499999997,-5.511650404249082,0.0,5.511650404249082,5.511650404249082
Ref-01B-B-0p10mps,1.7310000000000003,-0.06914999999999999,0.1,0.0,0.23065,0.7140866873065015,0.0014673318997397336,14.389610374582658,19.907499499999997,-5.517889125417339,0.0,5.517889125417339,5.517889125417339
Ref-01B-B-0p10mps,1.7320000000000002,-0.06905,0.1,0.0,0.23055,0.7137770897832817,0.0014666957272273817,14.383371653414402,19.907499499999997,-5.5241278465855945,0.0,5.5241278465855945,5.5241278465855945
Ref-01B-B-0p10mps,1.733,-0.06895000000000001,0.1,0.0,0.23045000000000002,0.7134674922600619,0.0014660595547150298,14.377132932246147,19.907499499999997,-5.53036656775385,0.0,5.53036656775385,5.53036656775385
Ref-01B-B-0p10mps,1.734,-0.06885000000000002,0.1,0.0,0.23035000000000003,0.7131578947368422,0.001465423382202678,14.370894211077891,19.907499499999997,-5.536605288922106,0.0,5.536605288922106,5.536605288922106
Ref-01B-B-0p10mps,1.735,-0.06875,0.1,0.0,0.23025,0.7128482972136223,0.001464787209690326,14.364655489909635,19.907499499999997,-5.542844010090361,0.0,5.542844010090361,5.542844010090361
Ref-01B-B-0p10mps,1.7360000000000002,-0.06864999999999999,0.1,0.0,0.23015,0.7125386996904024,0.001464151037177974,14.358416768741378,19.907499499999997,-5.549082731258618,0.0,5.549082731258618,5.549082731258618
Ref-01B-B-0p10mps,1.737,-0.06855,0.1,0.0,0.23005,0.7122291021671826,0.001463514864665622,14.352178047573123,19.907499499999997,-5.555321452426874,0.0,5.555321452426874,5.555321452426874
Ref-01B-B-0p10mps,1.738,-0.06845000000000001,0.1,0.0,0.22995000000000002,0.7119195046439629,0.0014628786921532702,14.345939326404867,19.907499499999997,-5.561560173595129,0.0,5.561560173595129,5.561560173595129
Ref-01B-B-0p10mps,1.7389999999999999,-0.06835000000000002,0.1,0.0,0.22985000000000003,0.7116099071207431,0.0014622425196409183,14.339700605236612,19.907499499999997,-5.567798894763385,0.0,5.567798894763385,5.567798894763385
Ref-01B-B-0p10mps,1.74,-0.06825,0.1,0.0,0.22975,0.7113003095975232,0.0014616063471285662,14.333461884068353,19.907499499999997,-5.574037615931644,0.0,5.574037615931644,5.574037615931644
Ref-01B-B-0p10mps,1.7410000000000003,-0.06814999999999999,0.1,0.0,0.22965,0.7109907120743033,0.0014609701746162143,14.327223162900097,19.907499499999997,-5.5802763370999,0.0,5.5802763370999,5.5802763370999
Ref-01B-B-0p10mps,1.7420000000000002,-0.06805,0.1,0.0,0.22955,0.7106811145510836,0.0014603340021038624,14.320984441731841,19.907499499999997,-5.586515058268155,0.0,5.586515058268155,5.586515058268155
Ref-01B-B-0p10mps,1.743,-0.06795000000000001,0.1,0.0,0.22945000000000002,0.7103715170278638,0.0014596978295915105,14.314745720563586,19.907499499999997,-5.592753779436411,0.0,5.592753779436411,5.592753779436411
Ref-01B-B-0p10mps,1.744,-0.06785000000000002,0.1,0.0,0.22935000000000003,0.710061919504644,0.0014590616570791587,14.30850699939533,19.907499499999997,-5.598992500604666,0.0,5.598992500604666,5.598992500604666
Ref-01B-B-0p10mps,1.745,-0.06775,0.1,0.0,0.22925,0.7097523219814241,0.0014584254845668066,14.302268278227073,19.907499499999997,-5.605231221772923,0.0,5.605231221772923,5.605231221772923
Ref-01B-B-0p10mps,1.7460000000000002,-0.06764999999999999,0.1,0.0,0.22915,0.7094427244582043,0.0014577893120544545,14.296029557058816,19.907499499999997,-5.611469942941181,0.0,5.611469942941181,5.611469942941181
Ref-01B-B-0p10mps,1.747,-0.06755,0.1,0.0,0.22905,0.7091331269349845,0.0014571531395421026,14.28979083589056,19.907499499999997,-5.617708664109436,0.0,5.617708664109436,5.617708664109436
Ref-01B-B-0p10mps,1.748,-0.06745000000000001,0.1,0.0,0.22895000000000001,0.7088235294117647,0.001456516967029751,14.283552114722307,19.907499499999997,-5.62394738527769,0.0,5.62394738527769,5.62394738527769
Ref-01B-B-0p10mps,1.7489999999999999,-0.06735000000000002,0.1,0.0,0.22885000000000003,0.708513931888545,0.001455880794517399,14.277313393554051,19.907499499999997,-5.6301861064459455,0.0,5.6301861064459455,5.6301861064459455
Ref-01B-B-0p10mps,1.75,-0.06725,0.1,0.0,0.22875,0.708204334365325,0.001455244622005047,14.271074672385794,19.907499499999997,-5.636424827614203,0.0,5.636424827614203,5.636424827614203
Ref-01B-B-0p10mps,1.7510000000000003,-0.06714999999999999,0.1,0.0,0.22865,0.7078947368421052,0.0014546084494926948,14.264835951217535,19.907499499999997,-5.642663548782462,0.0,5.642663548782462,5.642663548782462
Ref-01B-B-0p10mps,1.7520000000000002,-0.06705,0.1,0.0,0.22855,0.7075851393188854,0.001453972276980343,14.25859723004928,19.907499499999997,-5.648902269950717,0.0,5.648902269950717,5.648902269950717
Ref-01B-B-0p10mps,1.7530000000000001,-0.06695000000000001,0.1,0.0,0.22845000000000001,0.7072755417956657,0.001453336104467991,14.252358508881024,19.907499499999997,-5.655140991118973,0.0,5.655140991118973,5.655140991118973
Ref-01B-B-0p10mps,1.754,-0.06685000000000002,0.1,0.0,0.22835000000000003,0.7069659442724459,0.0014526999319556392,14.246119787712768,19.907499499999997,-5.6613797122872285,0.0,5.6613797122872285,5.6613797122872285
Ref-01B-B-0p10mps,1.7550000000000001,-0.06675,0.1,0.0,0.22825,0.7066563467492261,0.0014520637594432873,14.239881066544513,19.907499499999997,-5.667618433455484,0.0,5.667618433455484,5.667618433455484
Ref-01B-B-0p10mps,1.7560000000000002,-0.06664999999999999,0.1,0.0,0.22815,0.7063467492260062,0.0014514275869309352,14.233642345376255,19.907499499999997,-5.673857154623741,0.0,5.673857154623741,5.673857154623741
Ref-01B-B-0p10mps,1.7570000000000001,-0.06655,0.1,0.0,0.22805,0.7060371517027864,0.0014507914144185833,14.227403624208,19.907499499999997,-5.680095875791997,0.0,5.680095875791997,5.680095875791997
Ref-01B-B-0p10mps,1.758,-0.06645000000000001,0.1,0.0,0.22795,0.7057275541795666,0.0014501552419062314,14.221164903039744,19.907499499999997,-5.686334596960252,0.0,5.686334596960252,5.686334596960252
Ref-01B-B-0p10mps,1.759,-0.06635000000000002,0.1,0.0,0.22785000000000002,0.7054179566563468,0.0014495190693938796,14.214926181871489,19.907499499999997,-5.692573318128508,0.0,5.692573318128508,5.692573318128508
Ref-01B-B-0p10mps,1.7599999999999998,-0.06625000000000003,0.1,0.0,0.22775000000000004,0.705108359133127,0.0014488828968815277,14.208687460703233,19.907499499999997,-5.698812039296763,0.0,5.698812039296763,5.698812039296763
Ref-01B-B-0p10mps,1.7610000000000003,-0.06614999999999999,0.1,0.0,0.22765,0.7047987616099071,0.0014482467243691756,14.202448739534976,19.907499499999997,-5.705050760465021,0.0,5.705050760465021,5.705050760465021
Ref-01B-B-0p10mps,1.7620000000000002,-0.06605,0.1,0.0,0.22755,0.7044891640866873,0.0014476105518568237,14.19621001836672,19.907499499999997,-5.711289481633276,0.0,5.711289481633276,5.711289481633276
Ref-01B-B-0p10mps,1.7630000000000001,-0.06595000000000001,0.1,0.0,0.22745,0.7041795665634675,0.0014469743793444718,14.189971297198465,19.907499499999997,-5.717528202801532,0.0,5.717528202801532,5.717528202801532
Ref-01B-B-0p10mps,1.764,-0.06585000000000002,0.1,0.0,0.22735000000000002,0.7038699690402477,0.00144633820683212,14.183732576030208,19.907499499999997,-5.723766923969789,0.0,5.723766923969789,5.723766923969789
Ref-01B-B-0p10mps,1.765,-0.06575000000000003,0.1,0.0,0.22725000000000004,0.703560371517028,0.001445702034319768,14.177493854861952,19.907499499999997,-5.730005645138045,0.0,5.730005645138045,5.730005645138045
Ref-01B-B-0p10mps,1.7660000000000002,-0.06564999999999999,0.1,0.0,0.22715,0.703250773993808,0.001445065861807416,14.171255133693695,19.907499499999997,-5.736244366306302,0.0,5.736244366306302,5.736244366306302
Ref-01B-B-0p10mps,1.7670000000000001,-0.06555,0.1,0.0,0.22705,0.7029411764705882,0.001444429689295064,14.16501641252544,19.907499499999997,-5.742483087474557,0.0,5.742483087474557,5.742483087474557
Ref-01B-B-0p10mps,1.768,-0.06545000000000001,0.1,0.0,0.22695,0.7026315789473685,0.0014437935167827122,14.158777691357184,19.907499499999997,-5.748721808642813,0.0,5.748721808642813,5.748721808642813
Ref-01B-B-0p10mps,1.769,-0.06535000000000002,0.1,0.0,0.22685000000000002,0.7023219814241487,0.0014431573442703603,14.152538970188928,19.907499499999997,-5.754960529811068,0.0,5.754960529811068,5.754960529811068
Ref-01B-B-0p10mps,1.7699999999999998,-0.06525000000000003,0.1,0.0,0.22675000000000003,0.7020123839009289,0.0014425211717580084,14.146300249020673,19.907499499999997,-5.761199250979324,0.0,5.761199250979324,5.761199250979324
Ref-01B-B-0p10mps,1.7710000000000004,-0.06514999999999999,0.1,0.0,0.22665,0.7017027863777089,0.001441884999245656,14.140061527852414,19.907499499999997,-5.767437972147583,0.0,5.767437972147583,5.767437972147583
Ref-01B-B-0p10mps,1.7720000000000002,-0.06505,0.1,0.0,0.22655,0.7013931888544892,0.0014412488267333044,14.13382280668416,19.907499499999997,-5.773676693315837,0.0,5.773676693315837,5.773676693315837
Ref-01B-B-0p10mps,1.7730000000000001,-0.06495000000000001,0.1,0.0,0.22645,0.7010835913312694,0.0014406126542209526,14.127584085515904,19.907499499999997,-5.779915414484092,0.0,5.779915414484092,5.779915414484092
Ref-01B-B-0p10mps,1.774,-0.06485000000000002,0.1,0.0,0.22635000000000002,0.7007739938080496,0.0014399764817086007,14.121345364347649,19.907499499999997,-5.786154135652348,0.0,5.786154135652348,5.786154135652348
Ref-01B-B-0p10mps,1.775,-0.06475000000000003,0.1,0.0,0.22625000000000003,0.7004643962848298,0.0014393403091962488,14.115106643179393,19.907499499999997,-5.792392856820603,0.0,5.792392856820603,5.792392856820603
Ref-01B-B-0p10mps,1.7760000000000002,-0.06464999999999999,0.1,0.0,0.22615,0.7001547987616099,0.0014387041366838965,14.108867922011132,19.907499499999997,-5.798631577988864,0.0,5.798631577988864,5.798631577988864
Ref-01B-B-0p10mps,1.7770000000000001,-0.06455,0.1,0.0,0.22605,0.6998452012383901,0.0014380679641715446,14.102629200842877,19.907499499999997,-5.80487029915712,0.0,5.80487029915712,5.80487029915712
Ref-01B-B-0p10mps,1.778,-0.06445000000000001,0.1,0.0,0.22595,0.6995356037151703,0.0014374317916591927,14.096390479674621,19.907499499999997,-5.811109020325375,0.0,5.811109020325375,5.811109020325375
Ref-01B-B-0p10mps,1.779,-0.06435000000000002,0.1,0.0,0.22585000000000002,0.6992260061919505,0.001436795619146841,14.090151758506368,19.907499499999997,-5.817347741493629,0.0,5.817347741493629,5.817347741493629
Ref-01B-B-0p10mps,1.7799999999999998,-0.06425000000000003,0.1,0.0,0.22575000000000003,0.6989164086687307,0.0014361594466344892,14.083913037338112,19.907499499999997,-5.8235864626618845,0.0,5.8235864626618845,5.8235864626618845
Ref-01B-B-0p10mps,1.7810000000000004,-0.06414999999999998,0.1,0.0,0.22565,0.6986068111455108,0.0014355232741221368,14.077674316169853,19.907499499999997,-5.829825183830144,0.0,5.829825183830144,5.829825183830144
Ref-01B-B-0p10mps,1.7820000000000003,-0.06405,0.1,0.0,0.22555,0.698297213622291,0.001434887101609785,14.071435595001597,19.907499499999997,-5.836063904998399,0.0,5.836063904998399,5.836063904998399
Ref-01B-B-0p10mps,1.7830000000000001,-0.06395,0.1,0.0,0.22545,0.6979876160990712,0.001434250929097433,14.065196873833342,19.907499499999997,-5.842302626166655,0.0,5.842302626166655,5.842302626166655
Ref-01B-B-0p10mps,1.784,-0.06385000000000002,0.1,0.0,0.22535000000000002,0.6976780185758514,0.0014336147565850812,14.058958152665086,19.907499499999997,-5.84854134733491,0.0,5.84854134733491,5.84854134733491
Ref-01B-B-0p10mps,1.785,-0.06375000000000003,0.1,0.0,0.22525000000000003,0.6973684210526316,0.0014329785840727293,14.052719431496831,19.907499499999997,-5.854780068503166,0.0,5.854780068503166,5.854780068503166
Ref-01B-B-0p10mps,1.7860000000000003,-0.06364999999999998,0.1,0.0,0.22515,0.6970588235294117,0.0014323424115603772,14.046480710328574,19.907499499999997,-5.861018789671423,0.0,5.861018789671423,5.861018789671423
Ref-01B-B-0p10mps,1.7870000000000001,-0.06355,0.1,0.0,0.22505,0.6967492260061919,0.0014317062390480253,14.040241989160316,19.907499499999997,-5.86725751083968,0.0,5.86725751083968,5.86725751083968
Ref-01B-B-0p10mps,1.788,-0.06345,0.1,0.0,0.22495,0.6964396284829721,0.0014310700665356735,14.03400326799206,19.907499499999997,-5.873496232007936,0.0,5.873496232007936,5.873496232007936
Ref-01B-B-0p10mps,1.789,-0.06335000000000002,0.1,0.0,0.22485000000000002,0.6961300309597523,0.0014304338940233216,14.027764546823805,19.907499499999997,-5.879734953176191,0.0,5.879734953176191,5.879734953176191
Ref-01B-B-0p10mps,1.7899999999999998,-0.06325000000000003,0.1,0.0,0.22475000000000003,0.6958204334365325,0.0014297977215109697,14.02152582565555,19.907499499999997,-5.885973674344447,0.0,5.885973674344447,5.885973674344447
Ref-01B-B-0p10mps,1.7910000000000004,-0.06314999999999998,0.1,0.0,0.22465,0.6955108359133126,0.0014291615489986176,14.015287104487292,19.907499499999997,-5.892212395512704,0.0,5.892212395512704,5.892212395512704
Ref-01B-B-0p10mps,1.7920000000000003,-0.06305,0.1,0.0,0.22455,0.6952012383900928,0.0014285253764862657,14.009048383319037,19.907499499999997,-5.89845111668096,0.0,5.89845111668096,5.89845111668096
Ref-01B-B-0p10mps,1.7930000000000001,-0.06295,0.1,0.0,0.22445,0.694891640866873,0.0014278892039739138,14.002809662150781,19.907499499999997,-5.904689837849215,0.0,5.904689837849215,5.904689837849215
Ref-01B-B-0p10mps,1.794,-0.06285000000000002,0.1,0.0,0.22435000000000002,0.6945820433436533,0.001427253031461562,13.996570940982526,19.907499499999997,-5.910928559017471,0.0,5.910928559017471,5.910928559017471
Ref-01B-B-0p10mps,1.795,-0.06275000000000003,0.1,0.0,0.22425000000000003,0.6942724458204336,0.00142661685894921,13.99033221981427,19.907499499999997,-5.917167280185726,0.0,5.917167280185726,5.917167280185726
Ref-01B-B-0p10mps,1.7960000000000003,-0.06264999999999998,0.1,0.0,0.22415,0.6939628482972136,0.001425980686436858,13.984093498646013,19.907499499999997,-5.9234060013539835,0.0,5.9234060013539835,5.9234060013539835
Ref-01B-B-0p10mps,1.7970000000000002,-0.06255,0.1,0.0,0.22405,0.6936532507739938,0.001425344513924506,13.977854777477758,19.907499499999997,-5.929644722522239,0.0,5.929644722522239,5.929644722522239
Ref-01B-B-0p10mps,1.798,-0.062450000000000006,0.1,0.0,0.22395,0.693343653250774,0.0014247083414121542,13.971616056309502,19.907499499999997,-5.935883443690495,0.0,5.935883443690495,5.935883443690495
Ref-01B-B-0p10mps,1.799,-0.062350000000000017,0.1,0.0,0.22385000000000002,0.6930340557275543,0.0014240721688998023,13.965377335141246,19.907499499999997,-5.94212216485875,0.0,5.94212216485875,5.94212216485875
Ref-01B-B-0p10mps,1.7999999999999998,-0.06225000000000003,0.1,0.0,0.22375000000000003,0.6927244582043345,0.0014234359963874504,13.959138613972991,19.907499499999997,-5.948360886027006,0.0,5.948360886027006,5.948360886027006
Ref-01B-B-0p10mps,1.8010000000000004,-0.06214999999999998,0.1,0.0,0.22365,0.6924148606811145,0.0014227998238750981,13.95289989280473,19.907499499999997,-5.9545996071952665,0.0,5.9545996071952665,5.9545996071952665
Ref-01B-B-0p10mps,1.8020000000000003,-0.062049999999999994,0.1,0.0,0.22355,0.6921052631578947,0.0014221636513627462,13.946661171636475,19.907499499999997,-5.960838328363522,0.0,5.960838328363522,5.960838328363522
Ref-01B-B-0p10mps,1.8030000000000002,-0.061950000000000005,0.1,0.0,0.22345,0.691795665634675,0.0014215274788503946,13.94042245046822,19.907499499999997,-5.967077049531776,0.0,5.967077049531776,5.967077049531776
Ref-01B-B-0p10mps,1.804,-0.061850000000000016,0.1,0.0,0.22335000000000002,0.6914860681114552,0.0014208913063380427,13.934183729299965,19.907499499999997,-5.973315770700031,0.0,5.973315770700031,5.973315770700031
Ref-01B-B-0p10mps,1.805,-0.06175000000000003,0.1,0.0,0.22325000000000003,0.6911764705882354,0.0014202551338256908,13.92794500813171,19.907499499999997,-5.979554491868287,0.0,5.979554491868287,5.979554491868287
Ref-01B-B-0p10mps,1.8060000000000003,-0.06164999999999998,0.1,0.0,0.22315,0.6908668730650154,0.0014196189613133385,13.92170628696345,19.907499499999997,-5.985793213036546,0.0,5.985793213036546,5.985793213036546
Ref-01B-B-0p10mps,1.8070000000000002,-0.061549999999999994,0.1,0.0,0.22305,0.6905572755417957,0.0014189827888009866,13.915467565795195,19.907499499999997,-5.992031934204801,0.0,5.992031934204801,5.992031934204801
Ref-01B-B-0p10mps,1.808,-0.061450000000000005,0.1,0.0,0.22295,0.6902476780185759,0.0014183466162886347,13.90922884462694,19.907499499999997,-5.998270655373057,0.0,5.998270655373057,5.998270655373057
Ref-01B-B-0p10mps,1.809,-0.061350000000000016,0.1,0.0,0.22285000000000002,0.6899380804953561,0.0014177104437762828,13.902990123458684,19.907499499999997,-6.0045093765413124,0.0,6.0045093765413124,6.0045093765413124
Ref-01B-B-0p10mps,1.8099999999999998,-0.06125000000000003,0.1,0.0,0.22275000000000003,0.6896284829721363,0.0014170742712639312,13.89675140229043,19.907499499999997,-6.010748097709566,0.0,6.010748097709566,6.010748097709566
Ref-01B-B-0p10mps,1.8110000000000004,-0.06114999999999998,0.1,0.0,0.22265,0.6893188854489164,0.0014164380987515789,13.89051268112217,19.907499499999997,-6.016986818877827,0.0,6.016986818877827,6.016986818877827
Ref-01B-B-0p10mps,1.8120000000000003,-0.06104999999999999,0.1,0.0,0.22255,0.6890092879256966,0.001415801926239227,13.884273959953914,19.907499499999997,-6.023225540046083,0.0,6.023225540046083,6.023225540046083
Ref-01B-B-0p10mps,1.8130000000000002,-0.060950000000000004,0.1,0.0,0.22245,0.6886996904024768,0.001415165753726875,13.878035238785658,19.907499499999997,-6.029464261214338,0.0,6.029464261214338,6.029464261214338
Ref-01B-B-0p10mps,1.814,-0.060850000000000015,0.1,0.0,0.22235000000000002,0.688390092879257,0.0014145295812145232,13.871796517617403,19.907499499999997,-6.035702982382594,0.0,6.035702982382594,6.035702982382594
Ref-01B-B-0p10mps,1.815,-0.060750000000000026,0.1,0.0,0.22225000000000003,0.6880804953560372,0.0014138934087021713,13.865557796449147,19.907499499999997,-6.041941703550849,0.0,6.041941703550849,6.041941703550849
Ref-01B-B-0p10mps,1.8160000000000003,-0.06064999999999998,0.1,0.0,0.22215,0.6877708978328173,0.0014132572361898192,13.85931907528089,19.907499499999997,-6.048180424719106,0.0,6.048180424719106,6.048180424719106
Ref-01B-B-0p10mps,1.8170000000000002,-0.06054999999999999,0.1,0.0,0.22205,0.6874613003095975,0.0014126210636774674,13.853080354112635,19.907499499999997,-6.054419145887362,0.0,6.054419145887362,6.054419145887362
Ref-01B-B-0p10mps,1.818,-0.060450000000000004,0.1,0.0,0.22195,0.6871517027863777,0.0014119848911651155,13.846841632944379,19.907499499999997,-6.0606578670556175,0.0,6.0606578670556175,6.0606578670556175
Ref-01B-B-0p10mps,1.819,-0.060350000000000015,0.1,0.0,0.22185000000000002,0.6868421052631579,0.0014113487186527636,13.840602911776124,19.907499499999997,-6.066896588223873,0.0,6.066896588223873,6.066896588223873
Ref-01B-B-0p10mps,1.8199999999999998,-0.060250000000000026,0.1,0.0,0.22175000000000003,0.6865325077399381,0.0014107125461404117,13.834364190607868,19.907499499999997,-6.0731353093921285,0.0,6.0731353093921285,6.0731353093921285
Ref-01B-B-0p10mps,1.8210000000000004,-0.06014999999999998,0.1,0.0,0.22164999999999999,0.6862229102167182,0.0014100763736280596,13.82812546943961,19.907499499999997,-6.079374030560386,0.0,6.079374030560386,6.079374030560386
Ref-01B-B-0p10mps,1.8220000000000003,-0.06004999999999999,0.1,0.0,0.22155,0.6859133126934984,0.0014094402011157077,13.821886748271355,19.907499499999997,-6.085612751728641,0.0,6.085612751728641,6.085612751728641
Ref-01B-B-0p10mps,1.8230000000000002,-0.05995,0.1,0.0,0.22145,0.6856037151702786,0.0014088040286033558,13.8156480271031,19.907499499999997,-6.091851472896897,0.0,6.091851472896897,6.091851472896897
Ref-01B-B-0p10mps,1.824,-0.059850000000000014,0.1,0.0,0.22135000000000002,0.6852941176470588,0.001408167856091004,13.809409305934844,19.907499499999997,-6.098090194065152,0.0,6.098090194065152,6.098090194065152
Ref-01B-B-0p10mps,1.825,-0.059750000000000025,0.1,0.0,0.22125000000000003,0.684984520123839,0.001407531683578652,13.803170584766589,19.907499499999997,-6.104328915233408,0.0,6.104328915233408,6.104328915233408
Ref-01B-B-0p10mps,1.8260000000000003,-0.05964999999999998,0.1,0.0,0.22114999999999999,0.6846749226006191,0.0014068955110662998,13.796931863598328,19.907499499999997,-6.110567636401669,0.0,6.110567636401669,6.110567636401669
Ref-01B-B-0p10mps,1.8270000000000002,-0.05954999999999999,0.1,0.0,0.22105,0.6843653250773993,0.001406259338553948,13.790693142430074,19.907499499999997,-6.1168063575699225,0.0,6.1168063575699225,6.1168063575699225
Ref-01B-B-0p10mps,1.828,-0.05945,0.1,0.0,0.22095,0.6840557275541795,0.0014056231660415962,13.784454421261819,19.907499499999997,-6.123045078738178,0.0,6.123045078738178,6.123045078738178
Ref-01B-B-0p10mps,1.829,-0.059350000000000014,0.1,0.0,0.22085000000000002,0.6837461300309597,0.0014049869935292443,13.778215700093563,19.907499499999997,-6.129283799906434,0.0,6.129283799906434,6.129283799906434
Ref-01B-B-0p10mps,1.8299999999999998,-0.059250000000000025,0.1,0.0,0.22075000000000003,0.6834365325077401,0.0014043508210168924,13.771976978925307,19.907499499999997,-6.135522521074689,0.0,6.135522521074689,6.135522521074689
Ref-01B-B-0p10mps,1.831,-0.05915000000000001,0.1,0.0,0.22065,0.6831269349845202,0.0014037146485045403,13.76573825775705,19.907499499999997,-6.141761242242946,0.0,6.141761242242946,6.141761242242946
Ref-01B-B-0p10mps,1.8320000000000003,-0.05904999999999999,0.1,0.0,0.22055,0.6828173374613002,0.0014030784759921883,13.759499536588793,19.907499499999997,-6.147999963411204,0.0,6.147999963411204,6.147999963411204
Ref-01B-B-0p10mps,1.8330000000000002,-0.05895,0.1,0.0,0.22045,0.6825077399380804,0.0014024423034798364,13.753260815420537,19.907499499999997,-6.154238684579459,0.0,6.154238684579459,6.154238684579459
Ref-01B-B-0p10mps,1.834,-0.05885000000000001,0.1,0.0,0.22035000000000002,0.6821981424148608,0.0014018061309674847,13.747022094252284,19.907499499999997,-6.160477405747713,0.0,6.160477405747713,6.160477405747713
Ref-01B-B-0p10mps,1.835,-0.058750000000000024,0.1,0.0,0.22025000000000003,0.681888544891641,0.0014011699584551328,13.740783373084028,19.907499499999997,-6.1667161269159685,0.0,6.1667161269159685,6.1667161269159685
Ref-01B-B-0p10mps,1.836,-0.05865000000000001,0.1,0.0,0.22015,0.6815789473684211,0.0014005337859427807,13.73454465191577,19.907499499999997,-6.172954848084226,0.0,6.172954848084226,6.172954848084226
Ref-01B-B-0p10mps,1.8370000000000002,-0.05854999999999999,0.1,0.0,0.22005,0.6812693498452012,0.0013998976134304286,13.728305930747512,19.907499499999997,-6.179193569252485,0.0,6.179193569252485,6.179193569252485
Ref-01B-B-0p10mps,1.838,-0.05845,0.1,0.0,0.21995,0.6809597523219815,0.0013992614409180767,13.722067209579256,19.907499499999997,-6.18543229042074,0.0,6.18543229042074,6.18543229042074
Ref-01B-B-0p10mps,1.839,-0.05835000000000001,0.1,0.0,0.21985000000000002,0.6806501547987617,0.0013986252684057249,13.715828488411,19.907499499999997,-6.191671011588996,0.0,6.191671011588996,6.191671011588996
Ref-01B-B-0p10mps,1.8399999999999999,-0.058250000000000024,0.1,0.0,0.21975000000000003,0.6803405572755419,0.001397989095893373,13.709589767242745,19.907499499999997,-6.197909732757251,0.0,6.197909732757251,6.197909732757251
Ref-01B-B-0p10mps,1.841,-0.05815000000000001,0.1,0.0,0.21965,0.680030959752322,0.001397352923381021,13.70335104607449,19.907499499999997,-6.204148453925507,0.0,6.204148453925507,6.204148453925507
Ref-01B-B-0p10mps,1.8420000000000003,-0.05804999999999999,0.1,0.0,0.21955,0.6797213622291022,0.001396716750868669,13.697112324906232,19.907499499999997,-6.210387175093764,0.0,6.210387175093764,6.210387175093764
Ref-01B-B-0p10mps,1.8430000000000002,-0.05795,0.1,0.0,0.21945,0.6794117647058824,0.0013960805783563171,13.690873603737977,19.907499499999997,-6.21662589626202,0.0,6.21662589626202,6.21662589626202
Ref-01B-B-0p10mps,1.844,-0.05785000000000001,0.1,0.0,0.21935000000000002,0.6791021671826626,0.0013954444058439652,13.684634882569721,19.907499499999997,-6.222864617430275,0.0,6.222864617430275,6.222864617430275
Ref-01B-B-0p10mps,1.845,-0.057750000000000024,0.1,0.0,0.21925000000000003,0.6787925696594428,0.0013948082333316133,13.678396161401466,19.907499499999997,-6.229103338598531,0.0,6.229103338598531,6.229103338598531
Ref-01B-B-0p10mps,1.846,-0.05765000000000001,0.1,0.0,0.21915,0.6784829721362229,0.0013941720608192615,13.67215744023321,19.907499499999997,-6.235342059766786,0.0,6.235342059766786,6.235342059766786
Ref-01B-B-0p10mps,1.8470000000000002,-0.05754999999999999,0.1,0.0,0.21905,0.6781733746130031,0.0013935358883069094,13.665918719064953,19.907499499999997,-6.241580780935044,0.0,6.241580780935044,6.241580780935044
Ref-01B-B-0p10mps,1.848,-0.05745,0.1,0.0,0.21895,0.6778637770897833,0.0013928997157945575,13.659679997896697,19.907499499999997,-6.247819502103299,0.0,6.247819502103299,6.247819502103299
Ref-01B-B-0p10mps,1.849,-0.05735000000000001,0.1,0.0,0.21885000000000002,0.6775541795665635,0.0013922635432822056,13.653441276728442,19.907499499999997,-6.254058223271555,0.0,6.254058223271555,6.254058223271555
Ref-01B-B-0p10mps,1.8499999999999999,-0.05725000000000002,0.1,0.0,0.21875000000000003,0.6772445820433437,0.0013916273707698537,13.647202555560186,19.907499499999997,-6.26029694443981,0.0,6.26029694443981,6.26029694443981
Ref-01B-B-0p10mps,1.851,-0.057150000000000006,0.1,0.0,0.21865,0.6769349845201239,0.0013909911982575016,13.640963834391927,19.907499499999997,-6.266535665608069,0.0,6.266535665608069,6.266535665608069
Ref-01B-B-0p10mps,1.8520000000000003,-0.05704999999999999,0.1,0.0,0.21855,0.676625386996904,0.0013903550257451497,13.634725113223672,19.907499499999997,-6.272774386776325,0.0,6.272774386776325,6.272774386776325
Ref-01B-B-0p10mps,1.8530000000000002,-0.05695,0.1,0.0,0.21845,0.6763157894736842,0.0013897188532327979,13.628486392055416,19.907499499999997,-6.27901310794458,0.0,6.27901310794458,6.27901310794458
Ref-01B-B-0p10mps,1.854,-0.05685000000000001,0.1,0.0,0.21835000000000002,0.6760061919504644,0.001389082680720446,13.62224767088716,19.907499499999997,-6.285251829112836,0.0,6.285251829112836,6.285251829112836
Ref-01B-B-0p10mps,1.855,-0.05675000000000002,0.1,0.0,0.21825000000000003,0.6756965944272446,0.001388446508208094,13.616008949718905,19.907499499999997,-6.291490550281091,0.0,6.291490550281091,6.291490550281091
Ref-01B-B-0p10mps,1.856,-0.056650000000000006,0.1,0.0,0.21815,0.6753869969040248,0.001387810335695742,13.609770228550648,19.907499499999997,-6.297729271449349,0.0,6.297729271449349,6.297729271449349
Ref-01B-B-0p10mps,1.8570000000000002,-0.05654999999999999,0.1,0.0,0.21805,0.6750773993808049,0.00138717416318339,13.60353150738239,19.907499499999997,-6.303967992617606,0.0,6.303967992617606,6.303967992617606
Ref-01B-B-0p10mps,1.858,-0.05645,0.1,0.0,0.21795,0.6747678018575851,0.0013865379906710382,13.597292786214137,19.907499499999997,-6.31020671378586,0.0,6.31020671378586,6.31020671378586
Ref-01B-B-0p10mps,1.859,-0.05635000000000001,0.1,0.0,0.21785000000000002,0.6744582043343653,0.0013859018181586863,13.591054065045881,19.907499499999997,-6.316445434954115,0.0,6.316445434954115,6.316445434954115
Ref-01B-B-0p10mps,1.8599999999999999,-0.05625000000000002,0.1,0.0,0.21775000000000003,0.6741486068111455,0.0013852656456463345,13.584815343877626,19.907499499999997,-6.322684156122371,0.0,6.322684156122371,6.322684156122371
Ref-01B-B-0p10mps,1.861,-0.056150000000000005,0.1,0.0,0.21765,0.6738390092879257,0.0013846294731339824,13.578576622709368,19.907499499999997,-6.328922877290628,0.0,6.328922877290628,6.328922877290628
Ref-01B-B-0p10mps,1.8620000000000003,-0.05604999999999999,0.1,0.0,0.21755,0.6735294117647058,0.0013839933006216303,13.57233790154111,19.907499499999997,-6.335161598458887,0.0,6.335161598458887,6.335161598458887
Ref-01B-B-0p10mps,1.8630000000000002,-0.05595,0.1,0.0,0.21745,0.673219814241486,0.0013833571281092784,13.566099180372854,19.907499499999997,-6.341400319627143,0.0,6.341400319627143,6.341400319627143
Ref-01B-B-0p10mps,1.864,-0.05585000000000001,0.1,0.0,0.21735000000000002,0.6729102167182662,0.0013827209555969265,13.559860459204598,19.907499499999997,-6.347639040795398,0.0,6.347639040795398,6.347639040795398
Ref-01B-B-0p10mps,1.865,-0.05575000000000002,0.1,0.0,0.21725000000000003,0.6726006191950465,0.0013820847830845748,13.553621738036345,19.907499499999997,-6.353877761963652,0.0,6.353877761963652,6.353877761963652
Ref-01B-B-0p10mps,1.866,-0.055650000000000005,0.1,0.0,0.21715,0.6722910216718266,0.0013814486105722227,13.547383016868087,19.907499499999997,-6.360116483131909,0.0,6.360116483131909,6.360116483131909
Ref-01B-B-0p10mps,1.8670000000000002,-0.05554999999999999,0.1,0.0,0.21705,0.6719814241486067,0.0013808124380598706,13.54114429569983,19.907499499999997,-6.3663552043001665,0.0,6.3663552043001665,6.3663552043001665
Ref-01B-B-0p10mps,1.868,-0.05545,0.1,0.0,0.21695,0.6716718266253869,0.0013801762655475188,13.534905574531575,19.907499499999997,-6.372593925468422,0.0,6.372593925468422,6.372593925468422
Ref-01B-B-0p10mps,1.869,-0.05535000000000001,0.1,0.0,0.21685000000000001,0.6713622291021673,0.0013795400930351669,13.528666853363319,19.907499499999997,-6.378832646636678,0.0,6.378832646636678,6.378832646636678
Ref-01B-B-0p10mps,1.8699999999999999,-0.05525000000000002,0.1,0.0,0.21675000000000003,0.6710526315789475,0.001378903920522815,13.522428132195063,19.907499499999997,-6.385071367804933,0.0,6.385071367804933,6.385071367804933
Ref-01B-B-0p10mps,1.871,-0.055150000000000005,0.1,0.0,0.21665,0.6707430340557275,0.0013782677480104631,13.516189411026808,19.907499499999997,-6.391310088973189,0.0,6.391310088973189,6.391310088973189
Ref-01B-B-0p10mps,1.8720000000000003,-0.05504999999999999,0.1,0.0,0.21655,0.6704334365325076,0.001377631575498111,13.50995068985855,19.907499499999997,-6.397548810141446,0.0,6.397548810141446,6.397548810141446
Ref-01B-B-0p10mps,1.8730000000000002,-0.05495,0.1,0.0,0.21645,0.670123839009288,0.0013769954029857591,13.503711968690295,19.907499499999997,-6.4037875313097015,0.0,6.4037875313097015,6.4037875313097015
Ref-01B-B-0p10mps,1.874,-0.05485000000000001,0.1,0.0,0.21635000000000001,0.6698142414860682,0.0013763592304734072,13.497473247522038,19.907499499999997,-6.410026252477959,0.0,6.410026252477959,6.410026252477959
Ref-01B-B-0p10mps,1.875,-0.05475000000000002,0.1,0.0,0.21625000000000003,0.6695046439628484,0.0013757230579610554,13.491234526353782,19.907499499999997,-6.416264973646214,0.0,6.416264973646214,6.416264973646214
Ref-01B-B-0p10mps,1.8760000000000001,-0.054650000000000004,0.1,0.0,0.21615,0.6691950464396285,0.0013750868854487033,13.484995805185525,19.907499499999997,-6.422503694814472,0.0,6.422503694814472,6.422503694814472
Ref-01B-B-0p10mps,1.8770000000000002,-0.05454999999999999,0.1,0.0,0.21605,0.6688854489164087,0.0013744507129363514,13.47875708401727,19.907499499999997,-6.428742415982727,0.0,6.428742415982727,6.428742415982727
Ref-01B-B-0p10mps,1.8780000000000001,-0.05445,0.1,0.0,0.21595,0.6685758513931889,0.0013738145404239995,13.472518362849014,19.907499499999997,-6.434981137150983,0.0,6.434981137150983,6.434981137150983
Ref-01B-B-0p10mps,1.879,-0.05435000000000001,0.1,0.0,0.21585000000000001,0.6682662538699691,0.0013731783679116476,13.466279641680758,19.907499499999997,-6.441219858319238,0.0,6.441219858319238,6.441219858319238
Ref-01B-B-0p10mps,1.88,-0.05425000000000002,0.1,0.0,0.21575000000000003,0.6679566563467493,0.0013725421953992957,13.460040920512503,19.907499499999997,-6.447458579487494,0.0,6.447458579487494,6.447458579487494
Ref-01B-B-0p10mps,1.881,-0.054150000000000004,0.1,0.0,0.21565,0.6676470588235294,0.0013719060228869436,13.453802199344246,19.907499499999997,-6.453697300655751,0.0,6.453697300655751,6.453697300655751
Ref-01B-B-0p10mps,1.8820000000000003,-0.05404999999999999,0.1,0.0,0.21555,0.6673374613003096,0.0013712698503745918,13.44756347817599,19.907499499999997,-6.4599360218240065,0.0,6.4599360218240065,6.4599360218240065
Ref-01B-B-0p10mps,1.8830000000000002,-0.05395,0.1,0.0,0.21545,0.6670278637770898,0.0013706336778622399,13.441324757007735,19.907499499999997,-6.466174742992262,0.0,6.466174742992262,6.466174742992262
Ref-01B-B-0p10mps,1.8840000000000001,-0.05385000000000001,0.1,0.0,0.21535,0.66671826625387,0.001369997505349888,13.435086035839479,19.907499499999997,-6.4724134641605175,0.0,6.4724134641605175,6.4724134641605175
Ref-01B-B-0p10mps,1.885,-0.05375000000000002,0.1,0.0,0.21525000000000002,0.6664086687306502,0.001369361332837536,13.428847314671224,19.907499499999997,-6.478652185328773,0.0,6.478652185328773,6.478652185328773
Ref-01B-B-0p10mps,1.8860000000000001,-0.05365,0.1,0.0,0.21515,0.6660990712074304,0.001368725160325184,13.422608593502964,19.907499499999997,-6.484890906497032,0.0,6.484890906497032,6.484890906497032
Ref-01B-B-0p10mps,1.8870000000000002,-0.053549999999999986,0.1,0.0,0.21505,0.6657894736842105,0.001368088987812832,13.416369872334707,19.907499499999997,-6.4911296276652894,0.0,6.4911296276652894,6.4911296276652894
Ref-01B-B-0p10mps,1.8880000000000001,-0.05345,0.1,0.0,0.21495,0.6654798761609907,0.00136745281530048,13.410131151166452,19.907499499999997,-6.497368348833545,0.0,6.497368348833545,6.497368348833545
Ref-01B-B-0p10mps,1.889,-0.05335000000000001,0.1,0.0,0.21485,0.6651702786377709,0.0013668166427881281,13.403892429998196,19.907499499999997,-6.5036070700018005,0.0,6.5036070700018005,6.5036070700018005
Ref-01B-B-0p10mps,1.89,-0.05325000000000002,0.1,0.0,0.21475000000000002,0.6648606811145511,0.0013661804702757765,13.397653708829942,19.907499499999997,-6.509845791170054,0.0,6.509845791170054,6.509845791170054
Ref-01B-B-0p10mps,1.891,-0.05315,0.1,0.0,0.21465,0.6645510835913313,0.0013655442977634244,13.391414987661685,19.907499499999997,-6.5160845123383115,0.0,6.5160845123383115,6.5160845123383115
Ref-01B-B-0p10mps,1.8920000000000003,-0.053049999999999986,0.1,0.0,0.21455,0.6642414860681114,0.0013649081252510723,13.385176266493428,19.907499499999997,-6.522323233506569,0.0,6.522323233506569,6.522323233506569
Ref-01B-B-0p10mps,1.8930000000000002,-0.05295,0.1,0.0,0.21445,0.6639318885448916,0.0013642719527387204,13.378937545325172,19.907499499999997,-6.528561954674824,0.0,6.528561954674824,6.528561954674824
Ref-01B-B-0p10mps,1.8940000000000001,-0.05285000000000001,0.1,0.0,0.21435,0.6636222910216718,0.0013636357802263685,13.372698824156917,19.907499499999997,-6.53480067584308,0.0,6.53480067584308,6.53480067584308
Ref-01B-B-0p10mps,1.895,-0.05275000000000002,0.1,0.0,0.21425000000000002,0.6633126934984521,0.0013629996077140166,13.366460102988661,19.907499499999997,-6.541039397011335,0.0,6.541039397011335,6.541039397011335
Ref-01B-B-0p10mps,1.8960000000000001,-0.05265,0.1,0.0,0.21415,0.6630030959752322,0.0013623634352016648,13.360221381820406,19.907499499999997,-6.547278118179591,0.0,6.547278118179591,6.547278118179591
Ref-01B-B-0p10mps,1.897,-0.05255000000000001,0.1,0.0,0.21405000000000002,0.6626934984520124,0.0013617272626893129,13.35398266065215,19.907499499999997,-6.5535168393478465,0.0,6.5535168393478465,6.5535168393478465
Ref-01B-B-0p10mps,1.8980000000000001,-0.05245,0.1,0.0,0.21395,0.6623839009287925,0.0013610910901769608,13.347743939483891,19.907499499999997,-6.5597555605161055,0.0,6.5597555605161055,6.5597555605161055
Ref-01B-B-0p10mps,1.899,-0.05235000000000001,0.1,0.0,0.21385,0.6620743034055728,0.0013604549176646089,13.341505218315636,19.907499499999997,-6.565994281684361,0.0,6.565994281684361,6.565994281684361
Ref-01B-B-0p10mps,1.9,-0.05225000000000002,0.1,0.0,0.21375000000000002,0.661764705882353,0.001359818745152257,13.33526649714738,19.907499499999997,-6.572233002852617,0.0,6.572233002852617,6.572233002852617
Ref-01B-B-0p10mps,1.901,-0.05215,0.1,0.0,0.21365,0.6614551083591331,0.001359182572639905,13.329027775979123,19.907499499999997,-6.578471724020874,0.0,6.578471724020874,6.578471724020874
Ref-01B-B-0p10mps,1.902,-0.05205000000000001,0.1,0.0,0.21355000000000002,0.6611455108359133,0.0013585464001275532,13.322789054810869,19.907499499999997,-6.584710445189128,0.0,6.584710445189128,6.584710445189128
Ref-01B-B-0p10mps,1.9030000000000002,-0.051949999999999996,0.1,0.0,0.21345,0.6608359133126935,0.0013579102276152011,13.316550333642612,19.907499499999997,-6.590949166357385,0.0,6.590949166357385,6.590949166357385
Ref-01B-B-0p10mps,1.9040000000000001,-0.05185000000000001,0.1,0.0,0.21335,0.6605263157894737,0.0013572740551028493,13.310311612474356,19.907499499999997,-6.5971878875256404,0.0,6.5971878875256404,6.5971878875256404
Ref-01B-B-0p10mps,1.905,-0.05175000000000002,0.1,0.0,0.21325000000000002,0.6602167182662539,0.0013566378825904974,13.3040728913061,19.907499499999997,-6.603426608693896,0.0,6.603426608693896,6.603426608693896
Ref-01B-B-0p10mps,1.9060000000000001,-0.05165,0.1,0.0,0.21315,0.659907120743034,0.0013560017100781453,13.297834170137843,19.907499499999997,-6.609665329862153,0.0,6.609665329862153,6.609665329862153
Ref-01B-B-0p10mps,1.907,-0.05155000000000001,0.1,0.0,0.21305000000000002,0.6595975232198142,0.0013553655375657934,13.291595448969588,19.907499499999997,-6.615904051030409,0.0,6.615904051030409,6.615904051030409
Ref-01B-B-0p10mps,1.9080000000000001,-0.051449999999999996,0.1,0.0,0.21295,0.6592879256965944,0.0013547293650534415,13.285356727801332,19.907499499999997,-6.622142772198664,0.0,6.622142772198664,6.622142772198664
Ref-01B-B-0p10mps,1.909,-0.05135000000000001,0.1,0.0,0.21285,0.6589783281733747,0.0013540931925410896,13.279118006633077,19.907499499999997,-6.62838149336692,0.0,6.62838149336692,6.62838149336692
Ref-01B-B-0p10mps,1.91,-0.05125000000000002,0.1,0.0,0.21275000000000002,0.6586687306501549,0.0013534570200287378,13.272879285464821,19.907499499999997,-6.634620214535175,0.0,6.634620214535175,6.634620214535175
Ref-01B-B-0p10mps,1.911,-0.05115,0.1,0.0,0.21265,0.658359133126935,0.0013528208475163857,13.266640564296562,19.907499499999997,-6.640858935703434,0.0,6.640858935703434,6.640858935703434
Ref-01B-B-0p10mps,1.912,-0.05105000000000001,0.1,0.0,0.21255000000000002,0.6580495356037152,0.0013521846750040338,13.260401843128307,19.907499499999997,-6.64709765687169,0.0,6.64709765687169,6.64709765687169
Ref-01B-B-0p10mps,1.9130000000000003,-0.050949999999999995,0.1,0.0,0.21245,0.6577399380804954,0.0013515485024916817,13.25416312196005,19.907499499999997,-6.653336378039947,0.0,6.653336378039947,6.653336378039947
Ref-01B-B-0p10mps,1.9140000000000001,-0.050850000000000006,0.1,0.0,0.21235,0.6574303405572756,0.00135091232997933,13.247924400791796,19.907499499999997,-6.659575099208201,0.0,6.659575099208201,6.659575099208201
Ref-01B-B-0p10mps,1.915,-0.05075000000000002,0.1,0.0,0.21225000000000002,0.6571207430340558,0.0013502761574669781,13.24168567962354,19.907499499999997,-6.6658138203764565,0.0,6.6658138203764565,6.6658138203764565
Ref-01B-B-0p10mps,1.9160000000000001,-0.05065,0.1,0.0,0.21215,0.6568111455108359,0.001349639984954626,13.235446958455283,19.907499499999997,-6.672052541544714,0.0,6.672052541544714,6.672052541544714
Ref-01B-B-0p10mps,1.917,-0.05055000000000001,0.1,0.0,0.21205000000000002,0.6565015479876162,0.0013490038124422741,13.229208237287027,19.907499499999997,-6.678291262712969,0.0,6.678291262712969,6.678291262712969
Ref-01B-B-0p10mps,1.9180000000000001,-0.050449999999999995,0.1,0.0,0.21195,0.6561919504643963,0.001348367639929922,13.22296951611877,19.907499499999997,-6.684529983881227,0.0,6.684529983881227,6.684529983881227
Ref-01B-B-0p10mps,1.919,-0.050350000000000006,0.1,0.0,0.21185,0.6558823529411765,0.0013477314674175702,13.216730794950514,19.907499499999997,-6.690768705049482,0.0,6.690768705049482,6.690768705049482
Ref-01B-B-0p10mps,1.92,-0.05025000000000002,0.1,0.0,0.21175000000000002,0.6555727554179567,0.0013470952949052183,13.210492073782259,19.907499499999997,-6.697007426217738,0.0,6.697007426217738,6.697007426217738
Ref-01B-B-0p10mps,1.921,-0.05015,0.1,0.0,0.21165,0.6552631578947369,0.0013464591223928664,13.204253352614003,19.907499499999997,-6.703246147385993,0.0,6.703246147385993,6.703246147385993
Ref-01B-B-0p10mps,1.922,-0.05005000000000001,0.1,0.0,0.21155000000000002,0.6549535603715171,0.0013458229498805145,13.198014631445748,19.907499499999997,-6.709484868554249,0.0,6.709484868554249,6.709484868554249
Ref-01B-B-0p10mps,1.9230000000000003,-0.049949999999999994,0.1,0.0,0.21145,0.6546439628482972,0.0013451867773681624,13.191775910277489,19.907499499999997,-6.715723589722508,0.0,6.715723589722508,6.715723589722508
Ref-01B-B-0p10mps,1.9240000000000002,-0.049850000000000005,0.1,0.0,0.21135,0.6543343653250774,0.0013445506048558105,13.185537189109233,19.907499499999997,-6.721962310890763,0.0,6.721962310890763,6.721962310890763
Ref-01B-B-0p10mps,1.925,-0.049750000000000016,0.1,0.0,0.21125000000000002,0.6540247678018576,0.0013439144323434586,13.179298467940978,19.907499499999997,-6.728201032059019,0.0,6.728201032059019,6.728201032059019
Ref-01B-B-0p10mps,1.9260000000000002,-0.04965,0.1,0.0,0.21115,0.6537151702786378,0.0013432782598311068,13.173059746772722,19.907499499999997,-6.734439753227274,0.0,6.734439753227274,6.734439753227274
Ref-01B-B-0p10mps,1.927,-0.04955000000000001,0.1,0.0,0.21105000000000002,0.653405572755418,0.0013426420873187549,13.166821025604467,19.907499499999997,-6.74067847439553,0.0,6.74067847439553,6.74067847439553
Ref-01B-B-0p10mps,1.9280000000000002,-0.049449999999999994,0.1,0.0,0.21095,0.6530959752321981,0.0013420059148064028,13.16058230443621,19.907499499999997,-6.746917195563787,0.0,6.746917195563787,6.746917195563787
Ref-01B-B-0p10mps,1.929,-0.049350000000000005,0.1,0.0,0.21085,0.6527863777089783,0.001341369742294051,13.154343583267954,19.907499499999997,-6.753155916732043,0.0,6.753155916732043,6.753155916732043
Ref-01B-B-0p10mps,1.93,-0.049250000000000016,0.1,0.0,0.21075000000000002,0.6524767801857586,0.001340733569781699,13.148104862099698,19.907499499999997,-6.759394637900298,0.0,6.759394637900298,6.759394637900298
Ref-01B-B-0p10mps,1.931,-0.04915,0.1,0.0,0.21065,0.6521671826625387,0.001340097397269347,13.141866140931441,19.907499499999997,-6.765633359068556,0.0,6.765633359068556,6.765633359068556
Ref-01B-B-0p10mps,1.932,-0.04905000000000001,0.1,0.0,0.21055000000000001,0.6518575851393189,0.001339461224756995,13.135627419763185,19.907499499999997,-6.771872080236811,0.0,6.771872080236811,6.771872080236811
Ref-01B-B-0p10mps,1.9330000000000003,-0.048949999999999994,0.1,0.0,0.21045,0.651547987616099,0.0013388250522446432,13.12938869859493,19.907499499999997,-6.778110801405067,0.0,6.778110801405067,6.778110801405067
Ref-01B-B-0p10mps,1.9340000000000002,-0.048850000000000005,0.1,0.0,0.21035,0.6512383900928793,0.0013381888797322913,13.123149977426674,19.907499499999997,-6.784349522573322,0.0,6.784349522573322,6.784349522573322
Ref-01B-B-0p10mps,1.935,-0.048750000000000016,0.1,0.0,0.21025000000000002,0.6509287925696595,0.0013375527072199394,13.116911256258419,19.907499499999997,-6.790588243741578,0.0,6.790588243741578,6.790588243741578
Ref-01B-B-0p10mps,1.9360000000000002,-0.04865,0.1,0.0,0.21015,0.6506191950464396,0.0013369165347075873,13.11067253509016,19.907499499999997,-6.796826964909837,0.0,6.796826964909837,6.796826964909837
Ref-01B-B-0p10mps,1.937,-0.04855000000000001,0.1,0.0,0.21005000000000001,0.6503095975232198,0.0013362803621952354,13.104433813921904,19.907499499999997,-6.803065686078092,0.0,6.803065686078092,6.803065686078092
Ref-01B-B-0p10mps,1.9380000000000002,-0.04844999999999999,0.1,0.0,0.20995,0.65,0.0013356441896828835,13.098195092753649,19.907499499999997,-6.809304407246348,0.0,6.809304407246348,6.809304407246348
Ref-01B-B-0p10mps,1.939,-0.048350000000000004,0.1,0.0,0.20985,0.6496904024767802,0.0013350080171705316,13.091956371585393,19.907499499999997,-6.815543128414603,0.0,6.815543128414603,6.815543128414603
Ref-01B-B-0p10mps,1.94,-0.048250000000000015,0.1,0.0,0.20975000000000002,0.6493808049535604,0.0013343718446581798,13.085717650417138,19.907499499999997,-6.821781849582859,0.0,6.821781849582859,6.821781849582859
Ref-01B-B-0p10mps,1.941,-0.04815,0.1,0.0,0.20965,0.6490712074303405,0.0013337356721458277,13.07947892924888,19.907499499999997,-6.828020570751116,0.0,6.828020570751116,6.828020570751116
Ref-01B-B-0p10mps,1.942,-0.04805000000000001,0.1,0.0,0.20955000000000001,0.6487616099071207,0.0013330994996334758,13.073240208080625,19.907499499999997,-6.834259291919372,0.0,6.834259291919372,6.834259291919372
Ref-01B-B-0p10mps,1.9430000000000003,-0.04794999999999999,0.1,0.0,0.20945,0.6484520123839009,0.0013324633271211237,13.067001486912368,19.907499499999997,-6.840498013087629,0.0,6.840498013087629,6.840498013087629
Ref-01B-B-0p10mps,1.9440000000000002,-0.047850000000000004,0.1,0.0,0.20935,0.6481424148606811,0.0013318271546087718,13.060762765744112,19.907499499999997,-6.8467367342558845,0.0,6.8467367342558845,6.8467367342558845
Ref-01B-B-0p10mps,1.945,-0.047750000000000015,0.1,0.0,0.20925000000000002,0.6478328173374613,0.0013311909820964201,13.054524044575858,19.907499499999997,-6.852975455424138,0.0,6.852975455424138,6.852975455424138
Ref-01B-B-0p10mps,1.9460000000000002,-0.04765,0.1,0.0,0.20915,0.6475232198142414,0.001330554809584068,13.048285323407601,19.907499499999997,-6.8592141765923955,0.0,6.8592141765923955,6.8592141765923955
Ref-01B-B-0p10mps,1.947,-0.04755000000000001,0.1,0.0,0.20905,0.6472136222910218,0.0013299186370717162,13.042046602239346,19.907499499999997,-6.865452897760651,0.0,6.865452897760651,6.865452897760651
Ref-01B-B-0p10mps,1.9480000000000002,-0.04744999999999999,0.1,0.0,0.20895,0.6469040247678018,0.001329282464559364,13.035807881071086,19.907499499999997,-6.87169161892891,0.0,6.87169161892891,6.87169161892891
Ref-01B-B-0p10mps,1.949,-0.04735,0.1,0.0,0.20885,0.646594427244582,0.0013286462920470122,13.029569159902831,19.907499499999997,-6.877930340097166,0.0,6.877930340097166,6.877930340097166
Ref-01B-B-0p10mps,1.95,-0.047250000000000014,0.1,0.0,0.20875000000000002,0.6462848297213623,0.0013280101195346603,13.023330438734575,19.907499499999997,-6.884169061265421,0.0,6.884169061265421,6.884169061265421
Ref-01B-B-0p10mps,1.951,-0.04715,0.1,0.0,0.20865,0.6459752321981425,0.0013273739470223084,13.01709171756632,19.907499499999997,-6.890407782433677,0.0,6.890407782433677,6.890407782433677
Ref-01B-B-0p10mps,1.952,-0.04705000000000001,0.1,0.0,0.20855,0.6456656346749227,0.0013267377745099565,13.010852996398064,19.907499499999997,-6.896646503601932,0.0,6.896646503601932,6.896646503601932
Ref-01B-B-0p10mps,1.9530000000000003,-0.04694999999999999,0.1,0.0,0.20845,0.6453560371517028,0.0013261016019976044,13.004614275229807,19.907499499999997,-6.9028852247701895,0.0,6.9028852247701895,6.9028852247701895
Ref-01B-B-0p10mps,1.9540000000000002,-0.04685,0.1,0.0,0.20835,0.645046439628483,0.0013254654294852525,12.998375554061552,19.907499499999997,-6.909123945938445,0.0,6.909123945938445,6.909123945938445
Ref-01B-B-0p10mps,1.955,-0.046750000000000014,0.1,0.0,0.20825000000000002,0.6447368421052632,0.0013248292569729007,12.992136832893296,19.907499499999997,-6.915362667106701,0.0,6.915362667106701,6.915362667106701
Ref-01B-B-0p10mps,1.9560000000000002,-0.04665,0.1,0.0,0.20815,0.6444272445820434,0.0013241930844605486,12.985898111725039,19.907499499999997,-6.921601388274958,0.0,6.921601388274958,6.921601388274958
Ref-01B-B-0p10mps,1.957,-0.04655000000000001,0.1,0.0,0.20805,0.6441176470588236,0.001323556911948197,12.979659390556785,19.907499499999997,-6.927840109443212,0.0,6.927840109443212,6.927840109443212
Ref-01B-B-0p10mps,1.958,-0.04645000000000002,0.1,0.0,0.20795000000000002,0.6438080495356038,0.001322920739435845,12.97342066938853,19.907499499999997,-6.934078830611467,0.0,6.934078830611467,6.934078830611467
Ref-01B-B-0p10mps,1.959,-0.04635,0.1,0.0,0.20785,0.6434984520123839,0.001322284566923493,12.967181948220272,19.907499499999997,-6.940317551779724,0.0,6.940317551779724,6.940317551779724
Ref-01B-B-0p10mps,1.96,-0.04625000000000001,0.1,0.0,0.20775000000000002,0.6431888544891641,0.001321648394411141,12.960943227052017,19.907499499999997,-6.94655627294798,0.0,6.94655627294798,6.94655627294798
Ref-01B-B-0p10mps,1.961,-0.04615,0.1,0.0,0.20765,0.6428792569659443,0.001321012221898789,12.954704505883758,19.907499499999997,-6.952794994116239,0.0,6.952794994116239,6.952794994116239
Ref-01B-B-0p10mps,1.962,-0.04605000000000001,0.1,0.0,0.20755,0.6425696594427245,0.001320376049386437,12.948465784715502,19.907499499999997,-6.9590337152844945,0.0,6.9590337152844945,6.9590337152844945
Ref-01B-B-0p10mps,1.9629999999999999,-0.04595000000000002,0.1,0.0,0.20745000000000002,0.6422600619195047,0.0013197398768740852,12.942227063547247,19.907499499999997,-6.96527243645275,0.0,6.96527243645275,6.96527243645275
Ref-01B-B-0p10mps,1.9640000000000002,-0.04585,0.1,0.0,0.20735,0.6419504643962848,0.0013191037043617333,12.935988342378991,19.907499499999997,-6.971511157621006,0.0,6.971511157621006,6.971511157621006
Ref-01B-B-0p10mps,1.965,-0.04575000000000001,0.1,0.0,0.20725000000000002,0.6416408668730651,0.0013184675318493814,12.929749621210735,19.907499499999997,-6.977749878789261,0.0,6.977749878789261,6.977749878789261
Ref-01B-B-0p10mps,1.9660000000000002,-0.045649999999999996,0.1,0.0,0.20715,0.6413312693498452,0.0013178313593370293,12.923510900042478,19.907499499999997,-6.983988599957518,0.0,6.983988599957518,6.983988599957518
Ref-01B-B-0p10mps,1.967,-0.04555000000000001,0.1,0.0,0.20705,0.6410216718266254,0.0013171951868246774,12.917272178874223,19.907499499999997,-6.990227321125774,0.0,6.990227321125774,6.990227321125774
Ref-01B-B-0p10mps,1.968,-0.04545000000000002,0.1,0.0,0.20695000000000002,0.6407120743034056,0.0013165590143123255,12.911033457705967,19.907499499999997,-6.9964660422940295,0.0,6.9964660422940295,6.9964660422940295
Ref-01B-B-0p10mps,1.969,-0.04535,0.1,0.0,0.20685,0.6404024767801858,0.0013159228417999737,12.904794736537712,19.907499499999997,-7.002704763462285,0.0,7.002704763462285,7.002704763462285
Ref-01B-B-0p10mps,1.97,-0.04525000000000001,0.1,0.0,0.20675000000000002,0.640092879256966,0.0013152866692876218,12.898556015369456,19.907499499999997,-7.0089434846305405,0.0,7.0089434846305405,7.0089434846305405
Ref-01B-B-0p10mps,1.971,-0.045149999999999996,0.1,0.0,0.20665,0.6397832817337461,0.0013146504967752697,12.892317294201199,19.907499499999997,-7.015182205798798,0.0,7.015182205798798,7.015182205798798
Ref-01B-B-0p10mps,1.972,-0.04505000000000001,0.1,0.0,0.20655,0.6394736842105263,0.0013140143242629178,12.886078573032943,19.907499499999997,-7.021420926967053,0.0,7.021420926967053,7.021420926967053
Ref-01B-B-0p10mps,1.9729999999999999,-0.04495000000000002,0.1,0.0,0.20645000000000002,0.6391640866873065,0.001313378151750566,12.879839851864686,19.907499499999997,-7.027659648135311,0.0,7.027659648135311,7.027659648135311
Ref-01B-B-0p10mps,1.9740000000000002,-0.04485,0.1,0.0,0.20635,0.6388544891640867,0.0013127419792382138,12.873601130696429,19.907499499999997,-7.033898369303568,0.0,7.033898369303568,7.033898369303568
Ref-01B-B-0p10mps,1.975,-0.04475000000000001,0.1,0.0,0.20625000000000002,0.6385448916408669,0.001312105806725862,12.867362409528173,19.907499499999997,-7.0401370904718235,0.0,7.0401370904718235,7.0401370904718235
Ref-01B-B-0p10mps,1.9760000000000002,-0.044649999999999995,0.1,0.0,0.20615,0.638235294117647,0.00131146963421351,12.861123688359918,19.907499499999997,-7.046375811640079,0.0,7.046375811640079,7.046375811640079
Ref-01B-B-0p10mps,1.977,-0.044550000000000006,0.1,0.0,0.20605,0.6379256965944272,0.0013108334617011582,12.854884967191662,19.907499499999997,-7.0526145328083345,0.0,7.0526145328083345,7.0526145328083345
Ref-01B-B-0p10mps,1.978,-0.04445000000000002,0.1,0.0,0.20595000000000002,0.6376160990712075,0.0013101972891888063,12.848646246023407,19.907499499999997,-7.05885325397659,0.0,7.05885325397659,7.05885325397659
Ref-01B-B-0p10mps,1.979,-0.04435,0.1,0.0,0.20585,0.6373065015479876,0.0013095611166764542,12.84240752485515,19.907499499999997,-7.065091975144847,0.0,7.065091975144847,7.065091975144847
Ref-01B-B-0p10mps,1.98,-0.04425000000000001,0.1,0.0,0.20575000000000002,0.6369969040247678,0.0013089249441641023,12.836168803686894,19.907499499999997,-7.071330696313103,0.0,7.071330696313103,7.071330696313103
Ref-01B-B-0p10mps,1.981,-0.044149999999999995,0.1,0.0,0.20565,0.6366873065015479,0.0013082887716517504,12.829930082518638,19.907499499999997,-7.077569417481358,0.0,7.077569417481358,7.077569417481358
Ref-01B-B-0p10mps,1.982,-0.044050000000000006,0.1,0.0,0.20555,0.6363777089783282,0.0013076525991393985,12.823691361350383,19.907499499999997,-7.083808138649614,0.0,7.083808138649614,7.083808138649614
Ref-01B-B-0p10mps,1.9829999999999999,-0.04395000000000002,0.1,0.0,0.20545000000000002,0.6360681114551084,0.0013070164266270467,12.817452640182127,19.907499499999997,-7.090046859817869,0.0,7.090046859817869,7.090046859817869
Ref-01B-B-0p10mps,1.9840000000000002,-0.04385,0.1,0.0,0.20535,0.6357585139318885,0.0013063802541146946,12.811213919013868,19.907499499999997,-7.0962855809861285,0.0,7.0962855809861285,7.0962855809861285
Ref-01B-B-0p10mps,1.985,-0.04375000000000001,0.1,0.0,0.20525000000000002,0.6354489164086687,0.0013057440816023427,12.804975197845613,19.907499499999997,-7.102524302154384,0.0,7.102524302154384,7.102524302154384
Ref-01B-B-0p10mps,1.9860000000000002,-0.043649999999999994,0.1,0.0,0.20515,0.635139318885449,0.0013051079090899906,12.798736476677355,19.907499499999997,-7.108763023322641,0.0,7.108763023322641,7.108763023322641
Ref-01B-B-0p10mps,1.987,-0.043550000000000005,0.1,0.0,0.20505,0.6348297213622291,0.0013044717365776387,12.7924977555091,19.907499499999997,-7.115001744490897,0.0,7.115001744490897,7.115001744490897
Ref-01B-B-0p10mps,1.988,-0.043450000000000016,0.1,0.0,0.20495000000000002,0.6345201238390094,0.001303835564065287,12.786259034340846,19.907499499999997,-7.121240465659151,0.0,7.121240465659151,7.121240465659151
Ref-01B-B-0p10mps,1.989,-0.04335,0.1,0.0,0.20485,0.6342105263157894,0.001303199391552935,12.780020313172589,19.907499499999997,-7.127479186827408,0.0,7.127479186827408,7.127479186827408
Ref-01B-B-0p10mps,1.99,-0.04325000000000001,0.1,0.0,0.20475000000000002,0.6339009287925697,0.001302563219040583,12.773781592004333,19.907499499999997,-7.133717907995663,0.0,7.133717907995663,7.133717907995663
Ref-01B-B-0p10mps,1.991,-0.043149999999999994,0.1,0.0,0.20465,0.6335913312693499,0.001301927046528231,12.767542870836076,19.907499499999997,-7.139956629163921,0.0,7.139956629163921,7.139956629163921
Ref-01B-B-0p10mps,1.992,-0.043050000000000005,0.1,0.0,0.20455,0.6332817337461301,0.001301290874015879,12.76130414966782,19.907499499999997,-7.146195350332176,0.0,7.146195350332176,7.146195350332176
Ref-01B-B-0p10mps,1.9929999999999999,-0.042950000000000016,0.1,0.0,0.20445000000000002,0.6329721362229103,0.0013006547015035272,12.755065428499565,19.907499499999997,-7.152434071500432,0.0,7.152434071500432,7.152434071500432
Ref-01B-B-0p10mps,1.9940000000000002,-0.04285,0.1,0.0,0.20435,0.6326625386996904,0.0013000185289911753,12.74882670733131,19.907499499999997,-7.158672792668687,0.0,7.158672792668687,7.158672792668687
Ref-01B-B-0p10mps,1.995,-0.04275000000000001,0.1,0.0,0.20425000000000001,0.6323529411764706,0.0012993823564788234,12.742587986163054,19.907499499999997,-7.164911513836943,0.0,7.164911513836943,7.164911513836943
Ref-01B-B-0p10mps,1.9960000000000002,-0.042649999999999993,0.1,0.0,0.20415,0.6320433436532508,0.0012987461839664713,12.736349264994795,19.907499499999997,-7.171150235005202,0.0,7.171150235005202,7.171150235005202
Ref-01B-B-0p10mps,1.997,-0.042550000000000004,0.1,0.0,0.20405,0.631733746130031,0.0012981100114541194,12.73011054382654,19.907499499999997,-7.177388956173457,0.0,7.177388956173457,7.177388956173457
Ref-01B-B-0p10mps,1.998,-0.042450000000000015,0.1,0.0,0.20395000000000002,0.6314241486068112,0.0012974738389417676,12.723871822658284,19.907499499999997,-7.183627677341713,0.0,7.183627677341713,7.183627677341713
Ref-01B-B-0p10mps,1.999,-0.04235,0.1,0.0,0.20385,0.6311145510835913,0.0012968376664294155,12.717633101490026,19.907499499999997,-7.18986639850997,0.0,7.18986639850997,7.18986639850997
Ref-01B-B-0p10mps,2.0,-0.04225000000000001,0.1,0.0,0.20375000000000001,0.6308049535603716,0.0012962014939170638,12.711394380321773,19.907499499999997,-7.196105119678224,0.0,7.196105119678224,7.196105119678224
Ref-01B-B-0p10mps,2.0010000000000003,-0.04214999999999999,0.1,0.0,0.20365,0.6304953560371517,0.0012955653214047117,12.705155659153515,19.907499499999997,-7.202343840846481,0.0,7.202343840846481,7.202343840846481
Ref-01B-B-0p10mps,2.0020000000000002,-0.042050000000000004,0.1,0.0,0.20355,0.6301857585139319,0.0012949291488923598,12.69891693798526,19.907499499999997,-7.208582562014737,0.0,7.208582562014737,7.208582562014737
Ref-01B-B-0p10mps,2.003,-0.041950000000000015,0.1,0.0,0.20345000000000002,0.6298761609907121,0.001294292976380008,12.692678216817004,19.907499499999997,-7.214821283182992,0.0,7.214821283182992,7.214821283182992
Ref-01B-B-0p10mps,2.004,-0.04185,0.1,0.0,0.20335,0.6295665634674923,0.0012936568038676558,12.686439495648747,19.907499499999997,-7.22106000435125,0.0,7.22106000435125,7.22106000435125
Ref-01B-B-0p10mps,2.005,-0.04175000000000001,0.1,0.0,0.20325000000000001,0.6292569659442725,0.001293020631355304,12.680200774480491,19.907499499999997,-7.227298725519505,0.0,7.227298725519505,7.227298725519505
Ref-01B-B-0p10mps,2.0060000000000002,-0.04164999999999999,0.1,0.0,0.20315,0.6289473684210526,0.001292384458842952,12.673962053312236,19.907499499999997,-7.233537446687761,0.0,7.233537446687761,7.233537446687761
Ref-01B-B-0p10mps,2.007,-0.041550000000000004,0.1,0.0,0.20305,0.6286377708978328,0.0012917482863306002,12.66772333214398,19.907499499999997,-7.239776167856016,0.0,7.239776167856016,7.239776167856016
Ref-01B-B-0p10mps,2.008,-0.041450000000000015,0.1,0.0,0.20295000000000002,0.628328173374613,0.0012911121138182483,12.661484610975725,19.907499499999997,-7.246014889024272,0.0,7.246014889024272,7.246014889024272
Ref-01B-B-0p10mps,2.009,-0.04135,0.1,0.0,0.20285,0.6280185758513932,0.0012904759413058962,12.655245889807466,19.907499499999997,-7.252253610192531,0.0,7.252253610192531,7.252253610192531
Ref-01B-B-0p10mps,2.01,-0.04125000000000001,0.1,0.0,0.20275,0.6277089783281734,0.0012898397687935443,12.64900716863921,19.907499499999997,-7.258492331360786,0.0,7.258492331360786,7.258492331360786
Ref-01B-B-0p10mps,2.011,-0.04114999999999999,0.1,0.0,0.20265,0.6273993808049535,0.0012892035962811922,12.642768447470953,19.907499499999997,-7.264731052529044,0.0,7.264731052529044,7.264731052529044
Ref-01B-B-0p10mps,2.012,-0.04105,0.1,0.0,0.20255,0.6270897832817337,0.0012885674237688406,12.6365297263027,19.907499499999997,-7.270969773697297,0.0,7.270969773697297,7.270969773697297
Ref-01B-B-0p10mps,2.013,-0.040950000000000014,0.1,0.0,0.20245000000000002,0.626780185758514,0.0012879312512564887,12.630291005134444,19.907499499999997,-7.277208494865553,0.0,7.277208494865553,7.277208494865553
Ref-01B-B-0p10mps,2.0140000000000002,-0.04085,0.1,0.0,0.20235,0.6264705882352941,0.0012872950787441366,12.624052283966186,19.907499499999997,-7.28344721603381,0.0,7.28344721603381,7.28344721603381
Ref-01B-B-0p10mps,2.015,-0.04075000000000001,0.1,0.0,0.20225,0.6261609907120743,0.0012866589062317847,12.61781356279793,19.907499499999997,-7.289685937202066,0.0,7.289685937202066,7.289685937202066
Ref-01B-B-0p10mps,2.016,-0.04064999999999999,0.1,0.0,0.20215,0.6258513931888544,0.0012860227337194326,12.611574841629674,19.907499499999997,-7.295924658370323,0.0,7.295924658370323,7.295924658370323
Ref-01B-B-0p10mps,2.017,-0.04055,0.1,0.0,0.20205,0.6255417956656347,0.0012853865612070807,12.605336120461418,19.907499499999997,-7.3021633795385785,0.0,7.3021633795385785,7.3021633795385785
Ref-01B-B-0p10mps,2.018,-0.040450000000000014,0.1,0.0,0.20195000000000002,0.6252321981424149,0.0012847503886947288,12.599097399293163,19.907499499999997,-7.308402100706834,0.0,7.308402100706834,7.308402100706834
Ref-01B-B-0p10mps,2.0189999999999997,-0.040350000000000025,0.1,0.0,0.20185000000000003,0.6249226006191951,0.001284114216182377,12.592858678124907,19.907499499999997,-7.31464082187509,0.0,7.31464082187509,7.31464082187509
Ref-01B-B-0p10mps,2.02,-0.04025000000000001,0.1,0.0,0.20175,0.6246130030959752,0.001283478043670025,12.586619956956651,19.907499499999997,-7.320879543043345,0.0,7.320879543043345,7.320879543043345
Ref-01B-B-0p10mps,2.0210000000000004,-0.04014999999999999,0.1,0.0,0.20165,0.6243034055727554,0.001282841871157673,12.580381235788392,19.907499499999997,-7.327118264211604,0.0,7.327118264211604,7.327118264211604
Ref-01B-B-0p10mps,2.0220000000000002,-0.04005,0.1,0.0,0.20155,0.6239938080495356,0.001282205698645321,12.574142514620137,19.907499499999997,-7.33335698537986,0.0,7.33335698537986,7.33335698537986
Ref-01B-B-0p10mps,2.023,-0.03995000000000001,0.1,0.0,0.20145000000000002,0.6236842105263158,0.0012815695261329692,12.567903793451881,19.907499499999997,-7.339595706548115,0.0,7.339595706548115,7.339595706548115
Ref-01B-B-0p10mps,2.024,-0.039850000000000024,0.1,0.0,0.20135000000000003,0.623374613003096,0.0012809333536206173,12.561665072283626,19.907499499999997,-7.345834427716371,0.0,7.345834427716371,7.345834427716371
Ref-01B-B-0p10mps,2.025,-0.03975000000000001,0.1,0.0,0.20125,0.6230650154798761,0.0012802971811082654,12.55542635111537,19.907499499999997,-7.352073148884626,0.0,7.352073148884626,7.352073148884626
Ref-01B-B-0p10mps,2.0260000000000002,-0.03964999999999999,0.1,0.0,0.20115,0.6227554179566563,0.0012796610085959133,12.549187629947113,19.907499499999997,-7.358311870052884,0.0,7.358311870052884,7.358311870052884
Ref-01B-B-0p10mps,2.027,-0.03955,0.1,0.0,0.20105,0.6224458204334365,0.0012790248360835615,12.542948908778857,19.907499499999997,-7.364550591221139,0.0,7.364550591221139,7.364550591221139
Ref-01B-B-0p10mps,2.028,-0.03945000000000001,0.1,0.0,0.20095000000000002,0.6221362229102168,0.0012783886635712096,12.536710187610602,19.907499499999997,-7.370789312389395,0.0,7.370789312389395,7.370789312389395
Ref-01B-B-0p10mps,2.029,-0.039350000000000024,0.1,0.0,0.20085000000000003,0.621826625386997,0.0012777524910588577,12.530471466442346,19.907499499999997,-7.37702803355765,0.0,7.37702803355765,7.37702803355765
Ref-01B-B-0p10mps,2.03,-0.03925000000000001,0.1,0.0,0.20075,0.6215170278637772,0.0012771163185465056,12.52423274527409,19.907499499999997,-7.383266754725907,0.0,7.383266754725907,7.383266754725907
Ref-01B-B-0p10mps,2.031,-0.03914999999999999,0.1,0.0,0.20065,0.6212074303405573,0.0012764801460341537,12.517994024105834,19.907499499999997,-7.389505475894163,0.0,7.389505475894163,7.389505475894163
Ref-01B-B-0p10mps,2.032,-0.03905,0.1,0.0,0.20055,0.6208978328173375,0.0012758439735218018,12.511755302937578,19.907499499999997,-7.3957441970624185,0.0,7.3957441970624185,7.3957441970624185
Ref-01B-B-0p10mps,2.033,-0.03895000000000001,0.1,0.0,0.20045000000000002,0.6205882352941177,0.00127520780100945,12.505516581769323,19.907499499999997,-7.401982918230674,0.0,7.401982918230674,7.401982918230674
Ref-01B-B-0p10mps,2.034,-0.03885000000000002,0.1,0.0,0.20035000000000003,0.6202786377708979,0.001274571628497098,12.499277860601067,19.907499499999997,-7.4082216393989295,0.0,7.4082216393989295,7.4082216393989295
Ref-01B-B-0p10mps,2.035,-0.03875000000000001,0.1,0.0,0.20025,0.6199690402476781,0.001273935455984746,12.493039139432808,19.907499499999997,-7.414460360567189,0.0,7.414460360567189,7.414460360567189
Ref-01B-B-0p10mps,2.036,-0.03864999999999999,0.1,0.0,0.20015,0.6196594427244582,0.0012732992834723939,12.48680041826455,19.907499499999997,-7.420699081735446,0.0,7.420699081735446,7.420699081735446
Ref-01B-B-0p10mps,2.037,-0.03855,0.1,0.0,0.20005,0.6193498452012384,0.0012726631109600422,12.480561697096297,19.907499499999997,-7.4269378029037,0.0,7.4269378029037,7.4269378029037
Ref-01B-B-0p10mps,2.038,-0.03845000000000001,0.1,0.0,0.19995000000000002,0.6190402476780186,0.0012720269384476903,12.474322975928041,19.907499499999997,-7.433176524071955,0.0,7.433176524071955,7.433176524071955
Ref-01B-B-0p10mps,2.0389999999999997,-0.03835000000000002,0.1,0.0,0.19985000000000003,0.6187306501547988,0.0012713907659353384,12.468084254759786,19.907499499999997,-7.439415245240211,0.0,7.439415245240211,7.439415245240211
Ref-01B-B-0p10mps,2.04,-0.038250000000000006,0.1,0.0,0.19975,0.618421052631579,0.0012707545934229863,12.461845533591529,19.907499499999997,-7.445653966408468,0.0,7.445653966408468,7.445653966408468
Ref-01B-B-0p10mps,2.0410000000000004,-0.03814999999999999,0.1,0.0,0.19965,0.6181114551083591,0.0012701184209106342,12.455606812423271,19.907499499999997,-7.451892687576725,0.0,7.451892687576725,7.451892687576725
Ref-01B-B-0p10mps,2.0420000000000003,-0.03805,0.1,0.0,0.19955,0.6178018575851393,0.0012694822483982824,12.449368091255016,19.907499499999997,-7.458131408744981,0.0,7.458131408744981,7.458131408744981
Ref-01B-B-0p10mps,2.043,-0.03795000000000001,0.1,0.0,0.19945000000000002,0.6174922600619195,0.0012688460758859305,12.44312937008676,19.907499499999997,-7.464370129913236,0.0,7.464370129913236,7.464370129913236
Ref-01B-B-0p10mps,2.044,-0.03785000000000002,0.1,0.0,0.19935000000000003,0.6171826625386998,0.0012682099033735788,12.436890648918506,19.907499499999997,-7.47060885108149,0.0,7.47060885108149,7.47060885108149
Ref-01B-B-0p10mps,2.045,-0.037750000000000006,0.1,0.0,0.19925,0.6168730650154799,0.0012675737308612267,12.43065192775025,19.907499499999997,-7.476847572249747,0.0,7.476847572249747,7.476847572249747
Ref-01B-B-0p10mps,2.0460000000000003,-0.03764999999999999,0.1,0.0,0.19915,0.61656346749226,0.0012669375583488746,12.42441320658199,19.907499499999997,-7.4830862934180065,0.0,7.4830862934180065,7.4830862934180065
Ref-01B-B-0p10mps,2.047,-0.03755,0.1,0.0,0.19905,0.6162538699690402,0.0012663013858365227,12.418174485413735,19.907499499999997,-7.489325014586262,0.0,7.489325014586262,7.489325014586262
Ref-01B-B-0p10mps,2.048,-0.03745000000000001,0.1,0.0,0.19895000000000002,0.6159442724458205,0.0012656652133241708,12.411935764245479,19.907499499999997,-7.4955637357545175,0.0,7.4955637357545175,7.4955637357545175
Ref-01B-B-0p10mps,2.049,-0.03735000000000002,0.1,0.0,0.19885000000000003,0.6156346749226007,0.001265029040811819,12.405697043077224,19.907499499999997,-7.501802456922773,0.0,7.501802456922773,7.501802456922773
Ref-01B-B-0p10mps,2.05,-0.037250000000000005,0.1,0.0,0.19875,0.6153250773993808,0.001264392868299467,12.399458321908968,19.907499499999997,-7.5080411780910286,0.0,7.5080411780910286,7.5080411780910286
Ref-01B-B-0p10mps,2.051,-0.03714999999999999,0.1,0.0,0.19865,0.6150154798761609,0.001263756695787115,12.39321960074071,19.907499499999997,-7.514279899259286,0.0,7.514279899259286,7.514279899259286
Ref-01B-B-0p10mps,2.052,-0.03705,0.1,0.0,0.19855,0.6147058823529412,0.001263120523274763,12.386980879572455,19.907499499999997,-7.520518620427541,0.0,7.520518620427541,7.520518620427541
Ref-01B-B-0p10mps,2.053,-0.03695000000000001,0.1,0.0,0.19845000000000002,0.6143962848297214,0.0012624843507624112,12.3807421584042,19.907499499999997,-7.526757341595797,0.0,7.526757341595797,7.526757341595797
Ref-01B-B-0p10mps,2.054,-0.03685000000000002,0.1,0.0,0.19835000000000003,0.6140866873065016,0.0012618481782500593,12.374503437235944,19.907499499999997,-7.532996062764052,0.0,7.532996062764052,7.532996062764052
Ref-01B-B-0p10mps,2.055,-0.036750000000000005,0.1,0.0,0.19825,0.6137770897832817,0.0012612120057377072,12.368264716067687,19.907499499999997,-7.53923478393231,0.0,7.53923478393231,7.53923478393231
Ref-01B-B-0p10mps,2.056,-0.03664999999999999,0.1,0.0,0.19815,0.6134674922600619,0.0012605758332253554,12.362025994899431,19.907499499999997,-7.545473505100565,0.0,7.545473505100565,7.545473505100565
Ref-01B-B-0p10mps,2.057,-0.03655,0.1,0.0,0.19805,0.6131578947368421,0.0012599396607130035,12.355787273731176,19.907499499999997,-7.551712226268821,0.0,7.551712226268821,7.551712226268821
Ref-01B-B-0p10mps,2.058,-0.03645000000000001,0.1,0.0,0.19795000000000001,0.6128482972136223,0.0012593034882006516,12.34954855256292,19.907499499999997,-7.557950947437076,0.0,7.557950947437076,7.557950947437076
Ref-01B-B-0p10mps,2.0589999999999997,-0.03635000000000002,0.1,0.0,0.19785000000000003,0.6125386996904025,0.0012586673156882997,12.343309831394665,19.907499499999997,-7.564189668605332,0.0,7.564189668605332,7.564189668605332
Ref-01B-B-0p10mps,2.06,-0.036250000000000004,0.1,0.0,0.19775,0.6122291021671826,0.0012580311431759476,12.337071110226406,19.907499499999997,-7.570428389773591,0.0,7.570428389773591,7.570428389773591
Ref-01B-B-0p10mps,2.0610000000000004,-0.03614999999999999,0.1,0.0,0.19765,0.6119195046439628,0.0012573949706635957,12.33083238905815,19.907499499999997,-7.576667110941846,0.0,7.576667110941846,7.576667110941846
Ref-01B-B-0p10mps,2.0620000000000003,-0.03605,0.1,0.0,0.19755,0.611609907120743,0.0012567587981512438,12.324593667889895,19.907499499999997,-7.582905832110102,0.0,7.582905832110102,7.582905832110102
Ref-01B-B-0p10mps,2.063,-0.03595000000000001,0.1,0.0,0.19745000000000001,0.6113003095975232,0.001256122625638892,12.318354946721639,19.907499499999997,-7.5891445532783575,0.0,7.5891445532783575,7.5891445532783575
Ref-01B-B-0p10mps,2.064,-0.03585000000000002,0.1,0.0,0.19735000000000003,0.6109907120743034,0.00125548645312654,12.312116225553384,19.907499499999997,-7.595383274446613,0.0,7.595383274446613,7.595383274446613
Ref-01B-B-0p10mps,2.065,-0.035750000000000004,0.1,0.0,0.19725,0.6106811145510836,0.001254850280614188,12.305877504385126,19.907499499999997,-7.60162199561487,0.0,7.60162199561487,7.60162199561487
Ref-01B-B-0p10mps,2.0660000000000003,-0.03564999999999999,0.1,0.0,0.19715,0.6103715170278637,0.0012542141081018359,12.299638783216869,19.907499499999997,-7.607860716783128,0.0,7.607860716783128,7.607860716783128
Ref-01B-B-0p10mps,2.067,-0.03555,0.1,0.0,0.19705,0.610061919504644,0.001253577935589484,12.293400062048613,19.907499499999997,-7.614099437951383,0.0,7.614099437951383,7.614099437951383
Ref-01B-B-0p10mps,2.068,-0.03545000000000001,0.1,0.0,0.19695000000000001,0.6097523219814242,0.0012529417630771323,12.28716134088036,19.907499499999997,-7.620338159119637,0.0,7.620338159119637,7.620338159119637
Ref-01B-B-0p10mps,2.069,-0.03535000000000002,0.1,0.0,0.19685000000000002,0.6094427244582044,0.0012523055905647805,12.280922619712104,19.907499499999997,-7.626576880287892,0.0,7.626576880287892,7.626576880287892
Ref-01B-B-0p10mps,2.07,-0.035250000000000004,0.1,0.0,0.19675,0.6091331269349846,0.0012516694180524284,12.274683898543847,19.907499499999997,-7.63281560145615,0.0,7.63281560145615,7.63281560145615
Ref-01B-B-0p10mps,2.071,-0.03514999999999999,0.1,0.0,0.19665,0.6088235294117647,0.0012510332455400763,12.268445177375588,19.907499499999997,-7.639054322624409,0.0,7.639054322624409,7.639054322624409
Ref-01B-B-0p10mps,2.072,-0.03505,0.1,0.0,0.19655,0.6085139318885449,0.0012503970730277244,12.262206456207332,19.907499499999997,-7.645293043792664,0.0,7.645293043792664,7.645293043792664
Ref-01B-B-0p10mps,2.073,-0.03495000000000001,0.1,0.0,0.19645,0.6082043343653251,0.0012497609005153725,12.255967735039077,19.907499499999997,-7.65153176496092,0.0,7.65153176496092,7.65153176496092
Ref-01B-B-0p10mps,2.074,-0.03485000000000002,0.1,0.0,0.19635000000000002,0.6078947368421054,0.0012491247280030206,12.249729013870821,19.907499499999997,-7.657770486129175,0.0,7.657770486129175,7.657770486129175
Ref-01B-B-0p10mps,2.075,-0.03475,0.1,0.0,0.19625,0.6075851393188855,0.0012484885554906687,12.243490292702566,19.907499499999997,-7.664009207297431,0.0,7.664009207297431,7.664009207297431
Ref-01B-B-0p10mps,2.076,-0.034649999999999986,0.1,0.0,0.19615,0.6072755417956656,0.0012478523829783166,12.237251571534308,19.907499499999997,-7.670247928465688,0.0,7.670247928465688,7.670247928465688
Ref-01B-B-0p10mps,2.077,-0.03455,0.1,0.0,0.19605,0.6069659442724458,0.0012472162104659647,12.231012850366053,19.907499499999997,-7.676486649633944,0.0,7.676486649633944,7.676486649633944
Ref-01B-B-0p10mps,2.078,-0.03445000000000001,0.1,0.0,0.19595,0.6066563467492261,0.0012465800379536129,12.224774129197797,19.907499499999997,-7.682725370802199,0.0,7.682725370802199,7.682725370802199
Ref-01B-B-0p10mps,2.0789999999999997,-0.03435000000000002,0.1,0.0,0.19585000000000002,0.6063467492260063,0.001245943865441261,12.218535408029542,19.907499499999997,-7.688964091970455,0.0,7.688964091970455,7.688964091970455
Ref-01B-B-0p10mps,2.08,-0.03425,0.1,0.0,0.19575,0.6060371517027864,0.001245307692928909,12.212296686861286,19.907499499999997,-7.69520281313871,0.0,7.69520281313871,7.69520281313871
Ref-01B-B-0p10mps,2.0810000000000004,-0.034149999999999986,0.1,0.0,0.19565,0.6057275541795665,0.001244671520416557,12.206057965693029,19.907499499999997,-7.7014415343069675,0.0,7.7014415343069675,7.7014415343069675
Ref-01B-B-0p10mps,2.0820000000000003,-0.03405,0.1,0.0,0.19555,0.6054179566563468,0.0012440353479042051,12.199819244524774,19.907499499999997,-7.707680255475223,0.0,7.707680255475223,7.707680255475223
Ref-01B-B-0p10mps,2.083,-0.03395000000000001,0.1,0.0,0.19545,0.605108359133127,0.0012433991753918532,12.193580523356516,19.907499499999997,-7.71391897664348,0.0,7.71391897664348,7.71391897664348
Ref-01B-B-0p10mps,2.084,-0.03385000000000002,0.1,0.0,0.19535000000000002,0.6047987616099072,0.0012427630028795014,12.18734180218826,19.907499499999997,-7.720157697811736,0.0,7.720157697811736,7.720157697811736
Ref-01B-B-0p10mps,2.085,-0.03375000000000003,0.1,0.0,0.19525000000000003,0.6044891640866874,0.0012421268303671495,12.181103081020005,19.907499499999997,-7.726396418979991,0.0,7.726396418979991,7.726396418979991
Ref-01B-B-0p10mps,2.0860000000000003,-0.033649999999999985,0.1,0.0,0.19515,0.6041795665634675,0.0012414906578547974,12.174864359851748,19.907499499999997,-7.732635140148249,0.0,7.732635140148249,7.732635140148249
Ref-01B-B-0p10mps,2.087,-0.033549999999999996,0.1,0.0,0.19505,0.6038699690402477,0.0012408544853424455,12.168625638683492,19.907499499999997,-7.738873861316504,0.0,7.738873861316504,7.738873861316504
Ref-01B-B-0p10mps,2.088,-0.03345000000000001,0.1,0.0,0.19495,0.6035603715170279,0.0012402183128300936,12.162386917515237,19.907499499999997,-7.74511258248476,0.0,7.74511258248476,7.74511258248476
Ref-01B-B-0p10mps,2.089,-0.03335000000000002,0.1,0.0,0.19485000000000002,0.6032507739938081,0.0012395821403177417,12.156148196346981,19.907499499999997,-7.751351303653015,0.0,7.751351303653015,7.751351303653015
Ref-01B-B-0p10mps,2.09,-0.03325000000000003,0.1,0.0,0.19475000000000003,0.6029411764705883,0.0012389459678053898,12.149909475178726,19.907499499999997,-7.757590024821271,0.0,7.757590024821271,7.757590024821271
Ref-01B-B-0p10mps,2.091,-0.033149999999999985,0.1,0.0,0.19465,0.6026315789473684,0.0012383097952930375,12.143670754010467,19.907499499999997,-7.76382874598953,0.0,7.76382874598953,7.76382874598953
Ref-01B-B-0p10mps,2.092,-0.033049999999999996,0.1,0.0,0.19455,0.6023219814241486,0.0012376736227806859,12.137432032842213,19.907499499999997,-7.770067467157784,0.0,7.770067467157784,7.770067467157784
Ref-01B-B-0p10mps,2.093,-0.03295000000000001,0.1,0.0,0.19445,0.6020123839009288,0.001237037450268334,12.131193311673957,19.907499499999997,-7.776306188326039,0.0,7.776306188326039,7.776306188326039
Ref-01B-B-0p10mps,2.094,-0.03285000000000002,0.1,0.0,0.19435000000000002,0.601702786377709,0.001236401277755982,12.124954590505702,19.907499499999997,-7.782544909494295,0.0,7.782544909494295,7.782544909494295
Ref-01B-B-0p10mps,2.0949999999999998,-0.03275000000000003,0.1,0.0,0.19425000000000003,0.6013931888544892,0.0012357651052436302,12.118715869337446,19.907499499999997,-7.78878363066255,0.0,7.78878363066255,7.78878363066255
Ref-01B-B-0p10mps,2.096,-0.032649999999999985,0.1,0.0,0.19415,0.6010835913312693,0.001235128932731278,12.112477148169186,19.907499499999997,-7.795022351830811,0.0,7.795022351830811,7.795022351830811
Ref-01B-B-0p10mps,2.097,-0.032549999999999996,0.1,0.0,0.19405,0.6007739938080495,0.001234492760218926,12.10623842700093,19.907499499999997,-7.801261072999067,0.0,7.801261072999067,7.801261072999067
Ref-01B-B-0p10mps,2.098,-0.03245000000000001,0.1,0.0,0.19395,0.6004643962848297,0.0012338565877065741,12.099999705832674,19.907499499999997,-7.807499794167322,0.0,7.807499794167322,7.807499794167322
Ref-01B-B-0p10mps,2.0989999999999998,-0.03235000000000002,0.1,0.0,0.19385000000000002,0.6001547987616099,0.0012332204151942225,12.09376098466442,19.907499499999997,-7.813738515335576,0.0,7.813738515335576,7.813738515335576
Ref-01B-B-0p10mps,2.0999999999999996,-0.03225000000000003,0.1,0.0,0.19375000000000003,0.5998452012383901,0.0012325842426818706,12.087522263496165,19.907499499999997,-7.819977236503831,0.0,7.819977236503831,7.819977236503831
Ref-01B-B-0p10mps,2.1010000000000004,-0.032149999999999984,0.1,0.0,0.19365,0.5995356037151702,0.0012319480701695183,12.081283542327906,19.907499499999997,-7.82621595767209,0.0,7.82621595767209,7.82621595767209
Ref-01B-B-0p10mps,2.1020000000000003,-0.032049999999999995,0.1,0.0,0.19355,0.5992260061919504,0.0012313118976571664,12.07504482115965,19.907499499999997,-7.832454678840346,0.0,7.832454678840346,7.832454678840346
Ref-01B-B-0p10mps,2.103,-0.031950000000000006,0.1,0.0,0.19345,0.5989164086687306,0.0012306757251448145,12.068806099991395,19.907499499999997,-7.8386934000086015,0.0,7.8386934000086015,7.8386934000086015
Ref-01B-B-0p10mps,2.104,-0.03185000000000002,0.1,0.0,0.19335000000000002,0.5986068111455108,0.0012300395526324626,12.06256737882314,19.907499499999997,-7.844932121176857,0.0,7.844932121176857,7.844932121176857
Ref-01B-B-0p10mps,2.105,-0.03175000000000003,0.1,0.0,0.19325000000000003,0.5982972136222912,0.0012294033801201107,12.056328657654884,19.907499499999997,-7.8511708423451125,0.0,7.8511708423451125,7.8511708423451125
Ref-01B-B-0p10mps,2.1060000000000003,-0.031649999999999984,0.1,0.0,0.19315,0.5979876160990711,0.0012287672076077586,12.050089936486625,19.907499499999997,-7.857409563513372,0.0,7.857409563513372,7.857409563513372
Ref-01B-B-0p10mps,2.107,-0.031549999999999995,0.1,0.0,0.19305,0.5976780185758513,0.0012281310350954068,12.04385121531837,19.907499499999997,-7.863648284681627,0.0,7.863648284681627,7.863648284681627
Ref-01B-B-0p10mps,2.108,-0.031450000000000006,0.1,0.0,0.19295,0.5973684210526315,0.0012274948625830549,12.037612494150114,19.907499499999997,-7.869887005849883,0.0,7.869887005849883,7.869887005849883
Ref-01B-B-0p10mps,2.109,-0.03135000000000002,0.1,0.0,0.19285000000000002,0.5970588235294119,0.001226858690070703,12.031373772981858,19.907499499999997,-7.876125727018138,0.0,7.876125727018138,7.876125727018138
Ref-01B-B-0p10mps,2.11,-0.03125000000000003,0.1,0.0,0.19275000000000003,0.5967492260061921,0.0012262225175583511,12.025135051813603,19.907499499999997,-7.882364448186394,0.0,7.882364448186394,7.882364448186394
Ref-01B-B-0p10mps,2.111,-0.031149999999999983,0.1,0.0,0.19265,0.596439628482972,0.001225586345045999,12.018896330645346,19.907499499999997,-7.888603169354651,0.0,7.888603169354651,7.888603169354651
Ref-01B-B-0p10mps,2.112,-0.031049999999999994,0.1,0.0,0.19255,0.5961300309597523,0.0012249501725336471,12.01265760947709,19.907499499999997,-7.8948418905229065,0.0,7.8948418905229065,7.8948418905229065
Ref-01B-B-0p10mps,2.113,-0.030950000000000005,0.1,0.0,0.19245,0.5958204334365326,0.0012243140000212952,12.006418888308835,19.907499499999997,-7.901080611691162,0.0,7.901080611691162,7.901080611691162
Ref-01B-B-0p10mps,2.114,-0.030850000000000016,0.1,0.0,0.19235000000000002,0.5955108359133128,0.0012236778275089434,12.000180167140579,19.907499499999997,-7.907319332859418,0.0,7.907319332859418,7.907319332859418
Ref-01B-B-0p10mps,2.1149999999999998,-0.030750000000000027,0.1,0.0,0.19225000000000003,0.595201238390093,0.0012230416549965915,11.993941445972323,19.907499499999997,-7.913558054027673,0.0,7.913558054027673,7.913558054027673
Ref-01B-B-0p10mps,2.116,-0.030649999999999983,0.1,0.0,0.19215,0.594891640866873,0.0012224054824842394,11.987702724804066,19.907499499999997,-7.91979677519593,0.0,7.91979677519593,7.91979677519593
Ref-01B-B-0p10mps,2.117,-0.030549999999999994,0.1,0.0,0.19205,0.5945820433436533,0.0012217693099718875,11.98146400363581,19.907499499999997,-7.926035496364186,0.0,7.926035496364186,7.926035496364186
Ref-01B-B-0p10mps,2.118,-0.030450000000000005,0.1,0.0,0.19195,0.5942724458204335,0.0012211331374595356,11.975225282467555,19.907499499999997,-7.932274217532441,0.0,7.932274217532441,7.932274217532441
Ref-01B-B-0p10mps,2.1189999999999998,-0.030350000000000016,0.1,0.0,0.19185000000000002,0.5939628482972137,0.0012204969649471837,11.9689865612993,19.907499499999997,-7.938512938700697,0.0,7.938512938700697,7.938512938700697
Ref-01B-B-0p10mps,2.1199999999999997,-0.030250000000000027,0.1,0.0,0.19175000000000003,0.5936532507739939,0.0012198607924348319,11.962747840131044,19.907499499999997,-7.9447516598689525,0.0,7.9447516598689525,7.9447516598689525
Ref-01B-B-0p10mps,2.1210000000000004,-0.030149999999999982,0.1,0.0,0.19165,0.593343653250774,0.0012192246199224795,11.956509118962783,19.907499499999997,-7.950990381037213,0.0,7.950990381037213,7.950990381037213
Ref-01B-B-0p10mps,2.1220000000000003,-0.030049999999999993,0.1,0.0,0.19155,0.5930340557275542,0.0012185884474101277,11.950270397794528,19.907499499999997,-7.957229102205469,0.0,7.957229102205469,7.957229102205469
Ref-01B-B-0p10mps,2.123,-0.029950000000000004,0.1,0.0,0.19145,0.5927244582043344,0.001217952274897776,11.944031676626274,19.907499499999997,-7.963467823373723,0.0,7.963467823373723,7.963467823373723
Ref-01B-B-0p10mps,2.124,-0.029850000000000015,0.1,0.0,0.19135000000000002,0.5924148606811146,0.0012173161023854241,11.937792955458018,19.907499499999997,-7.969706544541978,0.0,7.969706544541978,7.969706544541978
Ref-01B-B-0p10mps,2.125,-0.029750000000000026,0.1,0.0,0.19125000000000003,0.5921052631578948,0.0012166799298730722,11.931554234289763,19.907499499999997,-7.975945265710234,0.0,7.975945265710234,7.975945265710234
Ref-01B-B-0p10mps,2.1260000000000003,-0.029649999999999982,0.1,0.0,0.19115,0.5917956656346749,0.00121604375736072,11.925315513121504,19.907499499999997,-7.982183986878493,0.0,7.982183986878493,7.982183986878493
Ref-01B-B-0p10mps,2.1270000000000002,-0.029549999999999993,0.1,0.0,0.19105,0.5914860681114551,0.001215407584848368,11.919076791953248,19.907499499999997,-7.988422708046748,0.0,7.988422708046748,7.988422708046748
Ref-01B-B-0p10mps,2.128,-0.029450000000000004,0.1,0.0,0.19095,0.5911764705882353,0.0012147714123360161,11.912838070784993,19.907499499999997,-7.994661429215004,0.0,7.994661429215004,7.994661429215004
Ref-01B-B-0p10mps,2.129,-0.029350000000000015,0.1,0.0,0.19085000000000002,0.5908668730650155,0.0012141352398236643,11.906599349616737,19.907499499999997,-8.00090015038326,0.0,8.00090015038326,8.00090015038326
Ref-01B-B-0p10mps,2.13,-0.029250000000000026,0.1,0.0,0.19075000000000003,0.5905572755417957,0.0012134990673113126,11.900360628448484,19.907499499999997,-8.007138871551513,0.0,8.007138871551513,8.007138871551513
Ref-01B-B-0p10mps,2.1310000000000002,-0.02914999999999998,0.1,0.0,0.19065,0.5902476780185758,0.0012128628947989603,11.894121907280223,19.907499499999997,-8.013377592719774,0.0,8.013377592719774,8.013377592719774
Ref-01B-B-0p10mps,2.132,-0.029049999999999992,0.1,0.0,0.19055,0.589938080495356,0.0012122267222866084,11.887883186111967,19.907499499999997,-8.01961631388803,0.0,8.01961631388803,8.01961631388803
Ref-01B-B-0p10mps,2.133,-0.028950000000000004,0.1,0.0,0.19045,0.5896284829721362,0.0012115905497742565,11.881644464943712,19.907499499999997,-8.025855035056285,0.0,8.025855035056285,8.025855035056285
Ref-01B-B-0p10mps,2.134,-0.028850000000000015,0.1,0.0,0.19035000000000002,0.5893188854489164,0.0012109543772619046,11.875405743775456,19.907499499999997,-8.03209375622454,0.0,8.03209375622454,8.03209375622454
Ref-01B-B-0p10mps,2.135,-0.028750000000000026,0.1,0.0,0.19025000000000003,0.5890092879256966,0.0012103182047495528,11.8691670226072,19.907499499999997,-8.038332477392796,0.0,8.038332477392796,8.038332477392796
Ref-01B-B-0p10mps,2.136,-0.02864999999999998,0.1,0.0,0.19014999999999999,0.5886996904024767,0.0012096820322372007,11.862928301438943,19.907499499999997,-8.044571198561053,0.0,8.044571198561053,8.044571198561053
Ref-01B-B-0p10mps,2.137,-0.028549999999999992,0.1,0.0,0.19005,0.5883900928792569,0.0012090458597248488,11.856689580270688,19.907499499999997,-8.050809919729309,0.0,8.050809919729309,8.050809919729309
Ref-01B-B-0p10mps,2.138,-0.028450000000000003,0.1,0.0,0.18995,0.5880804953560371,0.001208409687212497,11.850450859102432,19.907499499999997,-8.057048640897564,0.0,8.057048640897564,8.057048640897564
Ref-01B-B-0p10mps,2.139,-0.028350000000000014,0.1,0.0,0.18985000000000002,0.5877708978328173,0.001207773514700145,11.844212137934177,19.907499499999997,-8.06328736206582,0.0,8.06328736206582,8.06328736206582
Ref-01B-B-0p10mps,2.1399999999999997,-0.028250000000000025,0.1,0.0,0.18975000000000003,0.5874613003095976,0.0012071373421877931,11.837973416765921,19.907499499999997,-8.069526083234075,0.0,8.069526083234075,8.069526083234075
Ref-01B-B-0p10mps,2.1410000000000005,-0.02814999999999998,0.1,0.0,0.18964999999999999,0.5871517027863776,0.001206501169675441,11.831734695597664,19.907499499999997,-8.075764804402333,0.0,8.075764804402333,8.075764804402333
Ref-01B-B-0p10mps,2.1420000000000003,-0.02804999999999999,0.1,0.0,0.18955,0.5868421052631578,0.0012058649971630891,11.825495974429408,19.907499499999997,-8.082003525570588,0.0,8.082003525570588,8.082003525570588
Ref-01B-B-0p10mps,2.1430000000000002,-0.027950000000000003,0.1,0.0,0.18945,0.586532507739938,0.0012052288246507373,11.819257253261153,19.907499499999997,-8.088242246738844,0.0,8.088242246738844,8.088242246738844
Ref-01B-B-0p10mps,2.144,-0.027850000000000014,0.1,0.0,0.18935000000000002,0.5862229102167184,0.0012045926521383854,11.813018532092897,19.907499499999997,-8.0944809679071,0.0,8.0944809679071,8.0944809679071
Ref-01B-B-0p10mps,2.145,-0.027750000000000025,0.1,0.0,0.18925000000000003,0.5859133126934986,0.0012039564796260335,11.806779810924642,19.907499499999997,-8.100719689075355,0.0,8.100719689075355,8.100719689075355
Ref-01B-B-0p10mps,2.1460000000000004,-0.02764999999999998,0.1,0.0,0.18914999999999998,0.5856037151702785,0.0012033203071136812,11.800541089756381,19.907499499999997,-8.106958410243616,0.0,8.106958410243616,8.106958410243616
Ref-01B-B-0p10mps,2.1470000000000002,-0.02754999999999999,0.1,0.0,0.18905,0.5852941176470587,0.0012026841346013295,11.794302368588127,19.907499499999997,-8.11319713141187,0.0,8.11319713141187,8.11319713141187
Ref-01B-B-0p10mps,2.148,-0.027450000000000002,0.1,0.0,0.18895,0.5849845201238391,0.0012020479620889776,11.788063647419872,19.907499499999997,-8.119435852580125,0.0,8.119435852580125,8.119435852580125
Ref-01B-B-0p10mps,2.149,-0.027350000000000013,0.1,0.0,0.18885000000000002,0.5846749226006193,0.0012014117895766258,11.781824926251616,19.907499499999997,-8.12567457374838,0.0,8.12567457374838,8.12567457374838
Ref-01B-B-0p10mps,2.15,-0.027250000000000024,0.1,0.0,0.18875000000000003,0.5843653250773995,0.0012007756170642739,11.77558620508336,19.907499499999997,-8.131913294916636,0.0,8.131913294916636,8.131913294916636
Ref-01B-B-0p10mps,2.151,-0.027150000000000007,0.1,0.0,0.18865,0.5840557275541796,0.0012001394445519218,11.769347483915103,19.907499499999997,-8.138152016084893,0.0,8.138152016084893,8.138152016084893
Ref-01B-B-0p10mps,2.152,-0.02704999999999999,0.1,0.0,0.18855,0.5837461300309598,0.0011995032720395697,11.763108762746846,19.907499499999997,-8.14439073725315,0.0,8.14439073725315,8.14439073725315
Ref-01B-B-0p10mps,2.153,-0.02695,0.1,0.0,0.18845,0.58343653250774,0.0011988670995272178,11.75687004157859,19.907499499999997,-8.150629458421406,0.0,8.150629458421406,8.150629458421406
Ref-01B-B-0p10mps,2.154,-0.026850000000000013,0.1,0.0,0.18835000000000002,0.5831269349845202,0.0011982309270148661,11.750631320410337,19.907499499999997,-8.15686817958966,0.0,8.15686817958966,8.15686817958966
Ref-01B-B-0p10mps,2.155,-0.026750000000000024,0.1,0.0,0.18825000000000003,0.5828173374613004,0.0011975947545025142,11.744392599242081,19.907499499999997,-8.163106900757915,0.0,8.163106900757915,8.163106900757915
Ref-01B-B-0p10mps,2.156,-0.026650000000000007,0.1,0.0,0.18815,0.5825077399380805,0.0011969585819901621,11.738153878073824,19.907499499999997,-8.169345621926173,0.0,8.169345621926173,8.169345621926173
Ref-01B-B-0p10mps,2.157,-0.02654999999999999,0.1,0.0,0.18805,0.5821981424148607,0.00119632240947781,11.731915156905565,19.907499499999997,-8.175584343094432,0.0,8.175584343094432,8.175584343094432
Ref-01B-B-0p10mps,2.158,-0.02645,0.1,0.0,0.18795,0.5818885448916409,0.0011956862369654582,11.72567643573731,19.907499499999997,-8.181823064262687,0.0,8.181823064262687,8.181823064262687
Ref-01B-B-0p10mps,2.159,-0.026350000000000012,0.1,0.0,0.18785000000000002,0.5815789473684211,0.0011950500644531063,11.719437714569054,19.907499499999997,-8.188061785430943,0.0,8.188061785430943,8.188061785430943
Ref-01B-B-0p10mps,2.1599999999999997,-0.026250000000000023,0.1,0.0,0.18775000000000003,0.5812693498452013,0.0011944138919407544,11.713198993400798,19.907499499999997,-8.194300506599198,0.0,8.194300506599198,8.194300506599198
Ref-01B-B-0p10mps,2.161,-0.026150000000000007,0.1,0.0,0.18765,0.5809597523219815,0.0011937777194284025,11.706960272232543,19.907499499999997,-8.200539227767454,0.0,8.200539227767454,8.200539227767454
Ref-01B-B-0p10mps,2.1620000000000004,-0.02604999999999999,0.1,0.0,0.18755,0.5806501547987616,0.0011931415469160504,11.700721551064285,19.907499499999997,-8.206777948935711,0.0,8.206777948935711,8.206777948935711
Ref-01B-B-0p10mps,2.1630000000000003,-0.02595,0.1,0.0,0.18745,0.5803405572755418,0.0011925053744036985,11.69448282989603,19.907499499999997,-8.213016670103967,0.0,8.213016670103967,8.213016670103967
Ref-01B-B-0p10mps,2.164,-0.025850000000000012,0.1,0.0,0.18735000000000002,0.580030959752322,0.0011918692018913467,11.688244108727774,19.907499499999997,-8.219255391272222,0.0,8.219255391272222,8.219255391272222
Ref-01B-B-0p10mps,2.165,-0.025750000000000023,0.1,0.0,0.18725000000000003,0.5797213622291022,0.0011912330293789948,11.682005387559519,19.907499499999997,-8.225494112440478,0.0,8.225494112440478,8.225494112440478
Ref-01B-B-0p10mps,2.166,-0.025650000000000006,0.1,0.0,0.18715,0.5794117647058824,0.0011905968568666427,11.675766666391262,19.907499499999997,-8.231732833608735,0.0,8.231732833608735,8.231732833608735
Ref-01B-B-0p10mps,2.1670000000000003,-0.02554999999999999,0.1,0.0,0.18705,0.5791021671826625,0.0011899606843542908,11.669527945223006,19.907499499999997,-8.23797155477699,0.0,8.23797155477699,8.23797155477699
Ref-01B-B-0p10mps,2.168,-0.02545,0.1,0.0,0.18695,0.5787925696594427,0.001189324511841939,11.66328922405475,19.907499499999997,-8.244210275945246,0.0,8.244210275945246,8.244210275945246
Ref-01B-B-0p10mps,2.169,-0.02535000000000001,0.1,0.0,0.18685000000000002,0.5784829721362229,0.001188688339329587,11.657050502886495,19.907499499999997,-8.250448997113502,0.0,8.250448997113502,8.250448997113502
Ref-01B-B-0p10mps,2.17,-0.025250000000000022,0.1,0.0,0.18675000000000003,0.5781733746130031,0.0011880521668172351,11.650811781718238,19.907499499999997,-8.256687718281759,0.0,8.256687718281759,8.256687718281759
Ref-01B-B-0p10mps,2.171,-0.025150000000000006,0.1,0.0,0.18665,0.5778637770897833,0.001187415994304883,11.64457306054998,19.907499499999997,-8.262926439450016,0.0,8.262926439450016,8.262926439450016
Ref-01B-B-0p10mps,2.172,-0.02504999999999999,0.1,0.0,0.18655,0.5775541795665634,0.0011867798217925312,11.638334339381725,19.907499499999997,-8.269165160618272,0.0,8.269165160618272,8.269165160618272
Ref-01B-B-0p10mps,2.173,-0.02495,0.1,0.0,0.18645,0.5772445820433436,0.0011861436492801793,11.63209561821347,19.907499499999997,-8.275403881786527,0.0,8.275403881786527,8.275403881786527
Ref-01B-B-0p10mps,2.174,-0.02485000000000001,0.1,0.0,0.18635000000000002,0.5769349845201238,0.0011855074767678274,11.625856897045214,19.907499499999997,-8.281642602954783,0.0,8.281642602954783,8.281642602954783
Ref-01B-B-0p10mps,2.175,-0.024750000000000022,0.1,0.0,0.18625000000000003,0.5766253869969041,0.0011848713042554755,11.619618175876958,19.907499499999997,-8.287881324123038,0.0,8.287881324123038,8.287881324123038
Ref-01B-B-0p10mps,2.176,-0.024650000000000005,0.1,0.0,0.18615,0.5763157894736842,0.0011842351317431234,11.613379454708701,19.907499499999997,-8.294120045291296,0.0,8.294120045291296,8.294120045291296
Ref-01B-B-0p10mps,2.177,-0.02454999999999999,0.1,0.0,0.18605,0.5760061919504643,0.0011835989592307713,11.607140733540444,19.907499499999997,-8.300358766459553,0.0,8.300358766459553,8.300358766459553
Ref-01B-B-0p10mps,2.178,-0.02445,0.1,0.0,0.18595,0.5756965944272445,0.0011829627867184194,11.600902012372188,19.907499499999997,-8.306597487627808,0.0,8.306597487627808,8.306597487627808
Ref-01B-B-0p10mps,2.179,-0.02435000000000001,0.1,0.0,0.18585000000000002,0.5753869969040248,0.0011823266142060678,11.594663291203934,19.907499499999997,-8.312836208796062,0.0,8.312836208796062,8.312836208796062
Ref-01B-B-0p10mps,2.1799999999999997,-0.02425000000000002,0.1,0.0,0.18575000000000003,0.575077399380805,0.0011816904416937159,11.588424570035679,19.907499499999997,-8.319074929964318,0.0,8.319074929964318,8.319074929964318
Ref-01B-B-0p10mps,2.181,-0.024150000000000005,0.1,0.0,0.18565,0.5747678018575851,0.0011810542691813638,11.582185848867422,19.907499499999997,-8.325313651132575,0.0,8.325313651132575,8.325313651132575
Ref-01B-B-0p10mps,2.1820000000000004,-0.024049999999999988,0.1,0.0,0.18555,0.5744582043343653,0.0011804180966690117,11.575947127699163,19.907499499999997,-8.331552372300834,0.0,8.331552372300834,8.331552372300834
Ref-01B-B-0p10mps,2.1830000000000003,-0.02395,0.1,0.0,0.18545,0.5741486068111455,0.0011797819241566598,11.569708406530907,19.907499499999997,-8.33779109346909,0.0,8.33779109346909,8.33779109346909
Ref-01B-B-0p10mps,2.184,-0.02385000000000001,0.1,0.0,0.18535000000000001,0.5738390092879257,0.001179145751644308,11.563469685362652,19.907499499999997,-8.344029814637345,0.0,8.344029814637345,8.344029814637345
Ref-01B-B-0p10mps,2.185,-0.02375000000000002,0.1,0.0,0.18525000000000003,0.573529411764706,0.001178509579131956,11.557230964194396,19.907499499999997,-8.3502685358056,0.0,8.3502685358056,8.3502685358056
Ref-01B-B-0p10mps,2.186,-0.023650000000000004,0.1,0.0,0.18515,0.573219814241486,0.0011778734066196042,11.55099224302614,19.907499499999997,-8.356507256973856,0.0,8.356507256973856,8.356507256973856
Ref-01B-B-0p10mps,2.1870000000000003,-0.023549999999999988,0.1,0.0,0.18505,0.5729102167182663,0.001177237234107252,11.544753521857883,19.907499499999997,-8.362745978142113,0.0,8.362745978142113,8.362745978142113
Ref-01B-B-0p10mps,2.188,-0.02345,0.1,0.0,0.18495,0.5726006191950465,0.0011766010615949002,11.538514800689628,19.907499499999997,-8.368984699310369,0.0,8.368984699310369,8.368984699310369
Ref-01B-B-0p10mps,2.189,-0.02335000000000001,0.1,0.0,0.18485000000000001,0.5722910216718267,0.0011759648890825483,11.532276079521372,19.907499499999997,-8.375223420478624,0.0,8.375223420478624,8.375223420478624
Ref-01B-B-0p10mps,2.19,-0.02325000000000002,0.1,0.0,0.18475000000000003,0.5719814241486069,0.0011753287165701964,11.526037358353117,19.907499499999997,-8.38146214164688,0.0,8.38146214164688,8.38146214164688
Ref-01B-B-0p10mps,2.191,-0.023150000000000004,0.1,0.0,0.18465,0.571671826625387,0.0011746925440578445,11.519798637184861,19.907499499999997,-8.387700862815135,0.0,8.387700862815135,8.387700862815135
Ref-01B-B-0p10mps,2.192,-0.023049999999999987,0.1,0.0,0.18455,0.5713622291021672,0.0011740563715454924,11.513559916016604,19.907499499999997,-8.393939583983393,0.0,8.393939583983393,8.393939583983393
Ref-01B-B-0p10mps,2.193,-0.022949999999999998,0.1,0.0,0.18445,0.5710526315789474,0.0011734201990331406,11.507321194848346,19.907499499999997,-8.40017830515165,0.0,8.40017830515165,8.40017830515165
Ref-01B-B-0p10mps,2.194,-0.02285000000000001,0.1,0.0,0.18435,0.5707430340557276,0.0011727840265207887,11.501082473680091,19.907499499999997,-8.406417026319906,0.0,8.406417026319906,8.406417026319906
Ref-01B-B-0p10mps,2.195,-0.02275000000000002,0.1,0.0,0.18425000000000002,0.5704334365325078,0.0011721478540084368,11.494843752511835,19.907499499999997,-8.412655747488161,0.0,8.412655747488161,8.412655747488161
Ref-01B-B-0p10mps,2.196,-0.022650000000000003,0.1,0.0,0.18415,0.570123839009288,0.0011715116814960847,11.488605031343578,19.907499499999997,-8.418894468656418,0.0,8.418894468656418,8.418894468656418
Ref-01B-B-0p10mps,2.197,-0.022549999999999987,0.1,0.0,0.18405,0.5698142414860681,0.0011708755089837328,11.482366310175323,19.907499499999997,-8.425133189824674,0.0,8.425133189824674,8.425133189824674
Ref-01B-B-0p10mps,2.198,-0.022449999999999998,0.1,0.0,0.18395,0.5695046439628483,0.001170239336471381,11.476127589007067,19.907499499999997,-8.43137191099293,0.0,8.43137191099293,8.43137191099293
Ref-01B-B-0p10mps,2.199,-0.02235000000000001,0.1,0.0,0.18385,0.5691950464396285,0.001169603163959029,11.469888867838812,19.907499499999997,-8.437610632161185,0.0,8.437610632161185,8.437610632161185
Ref-01B-B-0p10mps,2.1999999999999997,-0.02225000000000002,0.1,0.0,0.18375000000000002,0.5688854489164087,0.0011689669914466772,11.463650146670556,19.907499499999997,-8.44384935332944,0.0,8.44384935332944,8.44384935332944
Ref-01B-B-0p10mps,2.201,-0.022150000000000003,0.1,0.0,0.18365,0.5685758513931889,0.001168330818934325,11.457411425502299,19.907499499999997,-8.450088074497698,0.0,8.450088074497698,8.450088074497698
Ref-01B-B-0p10mps,2.2020000000000004,-0.022049999999999986,0.1,0.0,0.18355,0.568266253869969,0.001167694646421973,11.451172704334041,19.907499499999997,-8.456326795665955,0.0,8.456326795665955,8.456326795665955
Ref-01B-B-0p10mps,2.2030000000000003,-0.021949999999999997,0.1,0.0,0.18345,0.5679566563467492,0.0011670584739096213,11.444933983165788,19.907499499999997,-8.462565516834209,0.0,8.462565516834209,8.462565516834209
Ref-01B-B-0p10mps,2.204,-0.02185000000000001,0.1,0.0,0.18335,0.5676470588235294,0.0011664223013972694,11.438695261997532,19.907499499999997,-8.468804238002464,0.0,8.468804238002464,8.468804238002464
Ref-01B-B-0p10mps,2.205,-0.02175000000000002,0.1,0.0,0.18325000000000002,0.5673374613003097,0.0011657861288849175,11.432456540829277,19.907499499999997,-8.47504295917072,0.0,8.47504295917072,8.47504295917072
Ref-01B-B-0p10mps,2.206,-0.021650000000000003,0.1,0.0,0.18315,0.5670278637770898,0.0011651499563725654,11.426217819661018,19.907499499999997,-8.481281680338979,0.0,8.481281680338979,8.481281680338979
Ref-01B-B-0p10mps,2.2070000000000003,-0.021549999999999986,0.1,0.0,0.18305,0.5667182662538699,0.0011645137838602133,11.41997909849276,19.907499499999997,-8.487520401507236,0.0,8.487520401507236,8.487520401507236
Ref-01B-B-0p10mps,2.208,-0.021449999999999997,0.1,0.0,0.18295,0.5664086687306501,0.0011638776113478615,11.413740377324505,19.907499499999997,-8.493759122675492,0.0,8.493759122675492,8.493759122675492
Ref-01B-B-0p10mps,2.209,-0.021350000000000008,0.1,0.0,0.18285,0.5660990712074304,0.0011632414388355096,11.40750165615625,19.907499499999997,-8.499997843843747,0.0,8.499997843843747,8.499997843843747
Ref-01B-B-0p10mps,2.21,-0.02125000000000002,0.1,0.0,0.18275000000000002,0.5657894736842106,0.001162605266323158,11.401262934987995,19.907499499999997,-8.506236565012001,0.0,8.506236565012001,8.506236565012001
Ref-01B-B-0p10mps,2.211,-0.021150000000000002,0.1,0.0,0.18265,0.5654798761609907,0.0011619690938108058,11.395024213819738,19.907499499999997,-8.512475286180258,0.0,8.512475286180258,8.512475286180258
Ref-01B-B-0p10mps,2.212,-0.021049999999999985,0.1,0.0,0.18255,0.5651702786377708,0.0011613329212984537,11.38878549265148,19.907499499999997,-8.518714007348516,0.0,8.518714007348516,8.518714007348516
Ref-01B-B-0p10mps,2.213,-0.020949999999999996,0.1,0.0,0.18245,0.5648606811145511,0.0011606967487861018,11.382546771483225,19.907499499999997,-8.524952728516771,0.0,8.524952728516771,8.524952728516771
Ref-01B-B-0p10mps,2.214,-0.020850000000000007,0.1,0.0,0.18235,0.5645510835913313,0.00116006057627375,11.37630805031497,19.907499499999997,-8.531191449685027,0.0,8.531191449685027,8.531191449685027
Ref-01B-B-0p10mps,2.215,-0.02075000000000002,0.1,0.0,0.18225000000000002,0.5642414860681115,0.001159424403761398,11.370069329146714,19.907499499999997,-8.537430170853282,0.0,8.537430170853282,8.537430170853282
Ref-01B-B-0p10mps,2.216,-0.02065,0.1,0.0,0.18215,0.5639318885448916,0.0011587882312490462,11.363830607978459,19.907499499999997,-8.543668892021538,0.0,8.543668892021538,8.543668892021538
Ref-01B-B-0p10mps,2.217,-0.020550000000000013,0.1,0.0,0.18205000000000002,0.5636222910216718,0.0011581520587366943,11.357591886810203,19.907499499999997,-8.549907613189793,0.0,8.549907613189793,8.549907613189793
Ref-01B-B-0p10mps,2.218,-0.020449999999999996,0.1,0.0,0.18195,0.563312693498452,0.0011575158862243422,11.351353165641944,19.907499499999997,-8.556146334358052,0.0,8.556146334358052,8.556146334358052
Ref-01B-B-0p10mps,2.219,-0.020350000000000007,0.1,0.0,0.18185,0.5630030959752322,0.0011568797137119903,11.345114444473689,19.907499499999997,-8.562385055526308,0.0,8.562385055526308,8.562385055526308
Ref-01B-B-0p10mps,2.2199999999999998,-0.020250000000000018,0.1,0.0,0.18175000000000002,0.5626934984520124,0.0011562435411996384,11.338875723305433,19.907499499999997,-8.568623776694563,0.0,8.568623776694563,8.568623776694563
Ref-01B-B-0p10mps,2.221,-0.02015,0.1,0.0,0.18165,0.5623839009287925,0.0011556073686872863,11.332637002137176,19.907499499999997,-8.57486249786282,0.0,8.57486249786282,8.57486249786282
Ref-01B-B-0p10mps,2.222,-0.020050000000000012,0.1,0.0,0.18155000000000002,0.5620743034055727,0.0011549711961749347,11.326398280968922,19.907499499999997,-8.581101219031074,0.0,8.581101219031074,8.581101219031074
Ref-01B-B-0p10mps,2.2230000000000003,-0.019949999999999996,0.1,0.0,0.18145,0.5617647058823529,0.0011543350236625826,11.320159559800665,19.907499499999997,-8.587339940199332,0.0,8.587339940199332,8.587339940199332
Ref-01B-B-0p10mps,2.224,-0.019850000000000007,0.1,0.0,0.18135,0.5614551083591331,0.0011536988511502307,11.31392083863241,19.907499499999997,-8.593578661367587,0.0,8.593578661367587,8.593578661367587
Ref-01B-B-0p10mps,2.225,-0.019750000000000018,0.1,0.0,0.18125000000000002,0.5611455108359134,0.0011530626786378788,11.307682117464154,19.907499499999997,-8.599817382535843,0.0,8.599817382535843,8.599817382535843
Ref-01B-B-0p10mps,2.226,-0.01965,0.1,0.0,0.18115,0.5608359133126934,0.0011524265061255267,11.301443396295896,19.907499499999997,-8.6060561037041,0.0,8.6060561037041,8.6060561037041
Ref-01B-B-0p10mps,2.227,-0.019550000000000012,0.1,0.0,0.18105000000000002,0.5605263157894738,0.0011517903336131748,11.295204675127641,19.907499499999997,-8.612294824872356,0.0,8.612294824872356,8.612294824872356
Ref-01B-B-0p10mps,2.228,-0.019449999999999995,0.1,0.0,0.18095,0.5602167182662539,0.001151154161100823,11.288965953959385,19.907499499999997,-8.618533546040611,0.0,8.618533546040611,8.618533546040611
Ref-01B-B-0p10mps,2.229,-0.019350000000000006,0.1,0.0,0.18085,0.5599071207430341,0.001150517988588471,11.28272723279113,19.907499499999997,-8.624772267208867,0.0,8.624772267208867,8.624772267208867
Ref-01B-B-0p10mps,2.23,-0.019250000000000017,0.1,0.0,0.18075000000000002,0.5595975232198143,0.0011498818160761192,11.276488511622874,19.907499499999997,-8.631010988377122,0.0,8.631010988377122,8.631010988377122
Ref-01B-B-0p10mps,2.231,-0.01915,0.1,0.0,0.18065,0.5592879256965945,0.001149245643563767,11.270249790454615,19.907499499999997,-8.637249709545381,0.0,8.637249709545381,8.637249709545381
Ref-01B-B-0p10mps,2.2319999999999998,-0.01905000000000001,0.1,0.0,0.18055000000000002,0.5589783281733747,0.0011486094710514152,11.26401106928636,19.907499499999997,-8.643488430713637,0.0,8.643488430713637,8.643488430713637
Ref-01B-B-0p10mps,2.233,-0.018949999999999995,0.1,0.0,0.18045,0.5586687306501548,0.001147973298539063,11.257772348118102,19.907499499999997,-8.649727151881894,0.0,8.649727151881894,8.649727151881894
Ref-01B-B-0p10mps,2.234,-0.018850000000000006,0.1,0.0,0.18035,0.558359133126935,0.0011473371260267114,11.251533626949849,19.907499499999997,-8.655965873050148,0.0,8.655965873050148,8.655965873050148
Ref-01B-B-0p10mps,2.235,-0.018750000000000017,0.1,0.0,0.18025000000000002,0.5580495356037152,0.0011467009535143595,11.245294905781593,19.907499499999997,-8.662204594218403,0.0,8.662204594218403,8.662204594218403
Ref-01B-B-0p10mps,2.236,-0.01865,0.1,0.0,0.18015,0.5577399380804954,0.0011460647810020074,11.239056184613336,19.907499499999997,-8.66844331538666,0.0,8.66844331538666,8.66844331538666
Ref-01B-B-0p10mps,2.237,-0.01855000000000001,0.1,0.0,0.18005000000000002,0.5574303405572756,0.0011454286084896556,11.23281746344508,19.907499499999997,-8.674682036554916,0.0,8.674682036554916,8.674682036554916
Ref-01B-B-0p10mps,2.238,-0.018449999999999994,0.1,0.0,0.17995,0.5571207430340557,0.0011447924359773035,11.226578742276823,19.907499499999997,-8.680920757723174,0.0,8.680920757723174,8.680920757723174
Ref-01B-B-0p10mps,2.239,-0.018350000000000005,0.1,0.0,0.17985,0.5568111455108359,0.0011441562634649516,11.220340021108568,19.907499499999997,-8.687159478891429,0.0,8.687159478891429,8.687159478891429
Ref-01B-B-0p10mps,2.2399999999999998,-0.018250000000000016,0.1,0.0,0.17975000000000002,0.5565015479876162,0.0011435200909525997,11.214101299940312,19.907499499999997,-8.693398200059685,0.0,8.693398200059685,8.693398200059685
Ref-01B-B-0p10mps,2.241,-0.01815,0.1,0.0,0.17965,0.5561919504643963,0.0011428839184402478,11.207862578772056,19.907499499999997,-8.69963692122794,0.0,8.69963692122794,8.69963692122794
Ref-01B-B-0p10mps,2.242,-0.01805000000000001,0.1,0.0,0.17955000000000002,0.5558823529411765,0.001142247745927896,11.201623857603801,19.907499499999997,-8.705875642396196,0.0,8.705875642396196,8.705875642396196
Ref-01B-B-0p10mps,2.2430000000000003,-0.017949999999999994,0.1,0.0,0.17945,0.5555727554179566,0.0011416115734155438,11.195385136435542,19.907499499999997,-8.712114363564455,0.0,8.712114363564455,8.712114363564455
Ref-01B-B-0p10mps,2.244,-0.017850000000000005,0.1,0.0,0.17935,0.5552631578947369,0.001140975400903192,11.189146415267286,19.907499499999997,-8.71835308473271,0.0,8.71835308473271,8.71835308473271
Ref-01B-B-0p10mps,2.245,-0.017750000000000016,0.1,0.0,0.17925000000000002,0.5549535603715171,0.00114033922839084,11.18290769409903,19.907499499999997,-8.724591805900966,0.0,8.724591805900966,8.724591805900966
Ref-01B-B-0p10mps,2.246,-0.01765,0.1,0.0,0.17915,0.5546439628482972,0.0011397030558784882,11.176668972930775,19.907499499999997,-8.730830527069221,0.0,8.730830527069221,8.730830527069221
Ref-01B-B-0p10mps,2.247,-0.01755000000000001,0.1,0.0,0.17905000000000001,0.5543343653250774,0.0011390668833661363,11.17043025176252,19.907499499999997,-8.737069248237477,0.0,8.737069248237477,8.737069248237477
Ref-01B-B-0p10mps,2.248,-0.017449999999999993,0.1,0.0,0.17895,0.5540247678018576,0.0011384307108537842,11.164191530594263,19.907499499999997,-8.743307969405734,0.0,8.743307969405734,8.743307969405734
Ref-01B-B-0p10mps,2.249,-0.017350000000000004,0.1,0.0,0.17885,0.5537151702786378,0.0011377945383414323,11.157952809426007,19.907499499999997,-8.74954669057399,0.0,8.74954669057399,8.74954669057399
Ref-01B-B-0p10mps,2.25,-0.017250000000000015,0.1,0.0,0.17875000000000002,0.553405572755418,0.0011371583658290804,11.151714088257751,19.907499499999997,-8.755785411742245,0.0,8.755785411742245,8.755785411742245
Ref-01B-B-0p10mps,2.251,-0.01715,0.1,0.0,0.17865,0.5530959752321981,0.0011365221933167283,11.145475367089494,19.907499499999997,-8.762024132910502,0.0,8.762024132910502,8.762024132910502
Ref-01B-B-0p10mps,2.252,-0.01705000000000001,0.1,0.0,0.17855000000000001,0.5527863777089783,0.0011358860208043765,11.139236645921239,19.907499499999997,-8.768262854078758,0.0,8.768262854078758,8.768262854078758
Ref-01B-B-0p10mps,2.253,-0.016949999999999993,0.1,0.0,0.17845,0.5524767801857585,0.0011352498482920246,11.132997924752983,19.907499499999997,-8.774501575247013,0.0,8.774501575247013,8.774501575247013
Ref-01B-B-0p10mps,2.254,-0.016850000000000004,0.1,0.0,0.17835,0.5521671826625387,0.0011346136757796727,11.126759203584728,19.907499499999997,-8.780740296415269,0.0,8.780740296415269,8.780740296415269
Ref-01B-B-0p10mps,2.255,-0.016750000000000015,0.1,0.0,0.17825000000000002,0.5518575851393189,0.0011339775032673208,11.120520482416472,19.907499499999997,-8.786979017583525,0.0,8.786979017583525,8.786979017583525
Ref-01B-B-0p10mps,2.2560000000000002,-0.016649999999999998,0.1,0.0,0.17815,0.551547987616099,0.0011333413307549687,11.114281761248213,19.907499499999997,-8.793217738751784,0.0,8.793217738751784,8.793217738751784
Ref-01B-B-0p10mps,2.257,-0.01655000000000001,0.1,0.0,0.17805,0.5512383900928793,0.0011327051582426168,11.108043040079957,19.907499499999997,-8.799456459920039,0.0,8.799456459920039,8.799456459920039
Ref-01B-B-0p10mps,2.258,-0.016449999999999992,0.1,0.0,0.17795,0.5509287925696594,0.001132068985730265,11.101804318911702,19.907499499999997,-8.805695181088295,0.0,8.805695181088295,8.805695181088295
Ref-01B-B-0p10mps,2.259,-0.016350000000000003,0.1,0.0,0.17785,0.5506191950464396,0.001131432813217913,11.095565597743446,19.907499499999997,-8.81193390225655,0.0,8.81193390225655,8.81193390225655
Ref-01B-B-0p10mps,2.26,-0.016250000000000014,0.1,0.0,0.17775000000000002,0.5503095975232198,0.0011307966407055612,11.089326876575191,19.907499499999997,-8.818172623424806,0.0,8.818172623424806,8.818172623424806
Ref-01B-B-0p10mps,2.261,-0.016149999999999998,0.1,0.0,0.17765,0.55,0.001130160468193209,11.083088155406934,19.907499499999997,-8.824411344593063,0.0,8.824411344593063,8.824411344593063
Ref-01B-B-0p10mps,2.262,-0.01605000000000001,0.1,0.0,0.17755,0.5496904024767802,0.0011295242956808572,11.076849434238678,19.907499499999997,-8.830650065761319,0.0,8.830650065761319,8.830650065761319
Ref-01B-B-0p10mps,2.2630000000000003,-0.015949999999999992,0.1,0.0,0.17745,0.5493808049535603,0.0011288881231685051,11.07061071307042,19.907499499999997,-8.836888786929576,0.0,8.836888786929576,8.836888786929576
Ref-01B-B-0p10mps,2.2640000000000002,-0.015850000000000003,0.1,0.0,0.17735,0.5490712074303405,0.0011282519506561532,11.064371991902165,19.907499499999997,-8.843127508097831,0.0,8.843127508097831,8.843127508097831
Ref-01B-B-0p10mps,2.265,-0.015750000000000014,0.1,0.0,0.17725000000000002,0.5487616099071208,0.0011276157781438016,11.058133270733912,19.907499499999997,-8.849366229266085,0.0,8.849366229266085,8.849366229266085
Ref-01B-B-0p10mps,2.266,-0.015649999999999997,0.1,0.0,0.17715,0.548452012383901,0.0011269796056314495,11.051894549565654,19.907499499999997,-8.855604950434342,0.0,8.855604950434342,8.855604950434342
Ref-01B-B-0p10mps,2.267,-0.015550000000000008,0.1,0.0,0.17705,0.5481424148606812,0.0011263434331190976,11.045655828397399,19.907499499999997,-8.861843671602598,0.0,8.861843671602598,8.861843671602598
Ref-01B-B-0p10mps,2.2680000000000002,-0.015449999999999992,0.1,0.0,0.17695,0.5478328173374613,0.0011257072606067455,11.03941710722914,19.907499499999997,-8.868082392770857,0.0,8.868082392770857,8.868082392770857
Ref-01B-B-0p10mps,2.269,-0.015350000000000003,0.1,0.0,0.17685,0.5475232198142415,0.0011250710880943936,11.033178386060884,19.907499499999997,-8.874321113939112,0.0,8.874321113939112,8.874321113939112
Ref-01B-B-0p10mps,2.27,-0.015250000000000014,0.1,0.0,0.17675000000000002,0.5472136222910217,0.0011244349155820417,11.026939664892629,19.907499499999997,-8.880559835107368,0.0,8.880559835107368,8.880559835107368
Ref-01B-B-0p10mps,2.271,-0.015149999999999997,0.1,0.0,0.17665,0.5469040247678019,0.0011237987430696898,11.020700943724373,19.907499499999997,-8.886798556275624,0.0,8.886798556275624,8.886798556275624
Ref-01B-B-0p10mps,2.272,-0.015050000000000008,0.1,0.0,0.17655,0.5465944272445821,0.001123162570557338,11.014462222556118,19.907499499999997,-8.893037277443879,0.0,8.893037277443879,8.893037277443879
Ref-01B-B-0p10mps,2.273,-0.014949999999999991,0.1,0.0,0.17645,0.5462848297213622,0.0011225263980449859,11.00822350138786,19.907499499999997,-8.899275998612136,0.0,8.899275998612136,8.899275998612136
Ref-01B-B-0p10mps,2.274,-0.014850000000000002,0.1,0.0,0.17635,0.5459752321981424,0.001121890225532634,11.001984780219605,19.907499499999997,-8.905514719780392,0.0,8.905514719780392,8.905514719780392
Ref-01B-B-0p10mps,2.275,-0.014750000000000013,0.1,0.0,0.17625000000000002,0.5456656346749227,0.001121254053020282,10.99574605905135,19.907499499999997,-8.911753440948647,0.0,8.911753440948647,8.911753440948647
Ref-01B-B-0p10mps,2.2760000000000002,-0.014649999999999996,0.1,0.0,0.17615,0.5453560371517028,0.00112061788050793,10.989507337883092,19.907499499999997,-8.917992162116905,0.0,8.917992162116905,8.917992162116905
Ref-01B-B-0p10mps,2.277,-0.014550000000000007,0.1,0.0,0.17605,0.545046439628483,0.0011199817079955783,10.983268616714838,19.907499499999997,-8.924230883285158,0.0,8.924230883285158,8.924230883285158
Ref-01B-B-0p10mps,2.278,-0.014450000000000018,0.1,0.0,0.17595000000000002,0.5447368421052632,0.0011193455354832264,10.977029895546583,19.907499499999997,-8.930469604453414,0.0,8.930469604453414,8.930469604453414
Ref-01B-B-0p10mps,2.279,-0.014350000000000002,0.1,0.0,0.17585,0.5444272445820434,0.0011187093629708743,10.970791174378325,19.907499499999997,-8.936708325621671,0.0,8.936708325621671,8.936708325621671
Ref-01B-B-0p10mps,2.28,-0.014250000000000013,0.1,0.0,0.17575000000000002,0.5441176470588236,0.0011180731904585225,10.96455245321007,19.907499499999997,-8.942947046789927,0.0,8.942947046789927,8.942947046789927
Ref-01B-B-0p10mps,2.281,-0.014149999999999996,0.1,0.0,0.17565,0.5438080495356037,0.0011174370179461704,10.95831373204181,19.907499499999997,-8.949185767958186,0.0,8.949185767958186,8.949185767958186
Ref-01B-B-0p10mps,2.282,-0.014050000000000007,0.1,0.0,0.17555,0.5434984520123839,0.0011168008454338185,10.952075010873555,19.907499499999997,-8.955424489126441,0.0,8.955424489126441,8.955424489126441
Ref-01B-B-0p10mps,2.283,-0.013950000000000018,0.1,0.0,0.17545000000000002,0.5431888544891641,0.0011161646729214666,10.9458362897053,19.907499499999997,-8.961663210294697,0.0,8.961663210294697,8.961663210294697
Ref-01B-B-0p10mps,2.2840000000000003,-0.013850000000000001,0.1,0.0,0.17535,0.5428792569659443,0.0011155285004091147,10.939597568537044,19.907499499999997,-8.967901931462952,0.0,8.967901931462952,8.967901931462952
Ref-01B-B-0p10mps,2.285,-0.013750000000000012,0.1,0.0,0.17525000000000002,0.5425696594427245,0.0011148923278967628,10.933358847368789,19.907499499999997,-8.974140652631208,0.0,8.974140652631208,8.974140652631208
Ref-01B-B-0p10mps,2.286,-0.013649999999999995,0.1,0.0,0.17515,0.5422600619195046,0.0011142561553844107,10.927120126200531,19.907499499999997,-8.980379373799465,0.0,8.980379373799465,8.980379373799465
Ref-01B-B-0p10mps,2.287,-0.013550000000000006,0.1,0.0,0.17505,0.5419504643962848,0.0011136199828720589,10.920881405032276,19.907499499999997,-8.98661809496772,0.0,8.98661809496772,8.98661809496772
Ref-01B-B-0p10mps,2.288,-0.013450000000000017,0.1,0.0,0.17495000000000002,0.5416408668730651,0.001112983810359707,10.91464268386402,19.907499499999997,-8.992856816135976,0.0,8.992856816135976,8.992856816135976
Ref-01B-B-0p10mps,2.289,-0.01335,0.1,0.0,0.17485,0.5413312693498452,0.001112347637847355,10.908403962695765,19.907499499999997,-8.999095537304232,0.0,8.999095537304232,8.999095537304232
Ref-01B-B-0p10mps,2.29,-0.013250000000000012,0.1,0.0,0.17475000000000002,0.5410216718266254,0.0011117114653350032,10.90216524152751,19.907499499999997,-9.005334258472487,0.0,9.005334258472487,9.005334258472487
Ref-01B-B-0p10mps,2.291,-0.013149999999999995,0.1,0.0,0.17465,0.5407120743034055,0.001111075292822651,10.895926520359252,19.907499499999997,-9.011572979640745,0.0,9.011572979640745,9.011572979640745
Ref-01B-B-0p10mps,2.292,-0.013050000000000006,0.1,0.0,0.17455,0.5404024767801858,0.0011104391203102992,10.889687799190995,19.907499499999997,-9.017811700809002,0.0,9.017811700809002,9.017811700809002
Ref-01B-B-0p10mps,2.2929999999999997,-0.012950000000000017,0.1,0.0,0.17445000000000002,0.540092879256966,0.0011098029477979473,10.883449078022739,19.907499499999997,-9.024050421977257,0.0,9.024050421977257,9.024050421977257
Ref-01B-B-0p10mps,2.294,-0.01285,0.1,0.0,0.17435,0.5397832817337461,0.0011091667752855952,10.877210356854482,19.907499499999997,-9.030289143145515,0.0,9.030289143145515,9.030289143145515
Ref-01B-B-0p10mps,2.295,-0.012750000000000011,0.1,0.0,0.17425000000000002,0.5394736842105263,0.0011085306027732434,10.870971635686226,19.907499499999997,-9.03652786431377,0.0,9.03652786431377,9.03652786431377
Ref-01B-B-0p10mps,2.2960000000000003,-0.012649999999999995,0.1,0.0,0.17415,0.5391640866873065,0.0011078944302608915,10.86473291451797,19.907499499999997,-9.042766585482026,0.0,9.042766585482026,9.042766585482026
Ref-01B-B-0p10mps,2.297,-0.012550000000000006,0.1,0.0,0.17405,0.5388544891640867,0.0011072582577485396,10.858494193349715,19.907499499999997,-9.049005306650281,0.0,9.049005306650281,9.049005306650281
Ref-01B-B-0p10mps,2.298,-0.012450000000000017,0.1,0.0,0.17395000000000002,0.5385448916408669,0.0011066220852361877,10.85225547218146,19.907499499999997,-9.055244027818537,0.0,9.055244027818537,9.055244027818537
Ref-01B-B-0p10mps,2.299,-0.01235,0.1,0.0,0.17385,0.538235294117647,0.0011059859127238356,10.846016751013202,19.907499499999997,-9.061482748986794,0.0,9.061482748986794,9.061482748986794
Ref-01B-B-0p10mps,2.3,-0.012250000000000011,0.1,0.0,0.17375000000000002,0.5379256965944272,0.0011053497402114837,10.839778029844947,19.907499499999997,-9.06772147015505,0.0,9.06772147015505,9.06772147015505
Ref-01B-B-0p10mps,2.301,-0.012149999999999994,0.1,0.0,0.17365,0.5376160990712074,0.0011047135676991319,10.833539308676691,19.907499499999997,-9.073960191323305,0.0,9.073960191323305,9.073960191323305
Ref-01B-B-0p10mps,2.302,-0.012050000000000005,0.1,0.0,0.17355,0.5373065015479876,0.00110407739518678,10.827300587508436,19.907499499999997,-9.08019891249156,0.0,9.08019891249156,9.08019891249156
Ref-01B-B-0p10mps,2.303,-0.011950000000000016,0.1,0.0,0.17345000000000002,0.5369969040247679,0.001103441222674428,10.82106186634018,19.907499499999997,-9.086437633659816,0.0,9.086437633659816,9.086437633659816
Ref-01B-B-0p10mps,2.3040000000000003,-0.01185,0.1,0.0,0.17335,0.536687306501548,0.001102805050162076,10.814823145171921,19.907499499999997,-9.092676354828075,0.0,9.092676354828075,9.092676354828075
Ref-01B-B-0p10mps,2.305,-0.01175000000000001,0.1,0.0,0.17325000000000002,0.5363777089783281,0.001102168877649724,10.808584424003666,19.907499499999997,-9.09891507599633,0.0,9.09891507599633,9.09891507599633
Ref-01B-B-0p10mps,2.306,-0.011649999999999994,0.1,0.0,0.17315,0.5360681114551084,0.001101532705137372,10.802345702835408,19.907499499999997,-9.105153797164588,0.0,9.105153797164588,9.105153797164588
Ref-01B-B-0p10mps,2.307,-0.011550000000000005,0.1,0.0,0.17305,0.5357585139318886,0.0011008965326250201,10.796106981667153,19.907499499999997,-9.111392518332844,0.0,9.111392518332844,9.111392518332844
Ref-01B-B-0p10mps,2.308,-0.011450000000000016,0.1,0.0,0.17295000000000002,0.5354489164086688,0.0011002603601126682,10.789868260498897,19.907499499999997,-9.1176312395011,0.0,9.1176312395011,9.1176312395011
Ref-01B-B-0p10mps,2.309,-0.011349999999999999,0.1,0.0,0.17285,0.535139318885449,0.0010996241876003164,10.783629539330642,19.907499499999997,-9.123869960669355,0.0,9.123869960669355,9.123869960669355
Ref-01B-B-0p10mps,2.31,-0.01125000000000001,0.1,0.0,0.17275000000000001,0.5348297213622292,0.0010989880150879645,10.777390818162386,19.907499499999997,-9.13010868183761,0.0,9.13010868183761,9.13010868183761
Ref-01B-B-0p10mps,2.311,-0.011149999999999993,0.1,0.0,0.17265,0.5345201238390093,0.0010983518425756124,10.771152096994129,19.907499499999997,-9.136347403005868,0.0,9.136347403005868,9.136347403005868
Ref-01B-B-0p10mps,2.312,-0.011050000000000004,0.1,0.0,0.17255,0.5342105263157895,0.0010977156700632605,10.764913375825873,19.907499499999997,-9.142586124174123,0.0,9.142586124174123,9.142586124174123
Ref-01B-B-0p10mps,2.3129999999999997,-0.010950000000000015,0.1,0.0,0.17245000000000002,0.5339009287925697,0.0010970794975509086,10.758674654657618,19.907499499999997,-9.148824845342379,0.0,9.148824845342379,9.148824845342379
Ref-01B-B-0p10mps,2.314,-0.010849999999999999,0.1,0.0,0.17235,0.5335913312693499,0.0010964433250385567,10.752435933489362,19.907499499999997,-9.155063566510634,0.0,9.155063566510634,9.155063566510634
Ref-01B-B-0p10mps,2.315,-0.01075000000000001,0.1,0.0,0.17225000000000001,0.5332817337461301,0.0010958071525262048,10.746197212321107,19.907499499999997,-9.16130228767889,0.0,9.16130228767889,9.16130228767889
Ref-01B-B-0p10mps,2.3160000000000003,-0.010649999999999993,0.1,0.0,0.17215,0.5329721362229102,0.0010951709800138527,10.739958491152848,19.907499499999997,-9.167541008847149,0.0,9.167541008847149,9.167541008847149
Ref-01B-B-0p10mps,2.317,-0.010550000000000004,0.1,0.0,0.17205,0.5326625386996904,0.0010945348075015009,10.733719769984592,19.907499499999997,-9.173779730015404,0.0,9.173779730015404,9.173779730015404
Ref-01B-B-0p10mps,2.318,-0.010450000000000015,0.1,0.0,0.17195000000000002,0.5323529411764706,0.001093898634989149,10.727481048816337,19.907499499999997,-9.18001845118366,0.0,9.18001845118366,9.18001845118366
Ref-01B-B-0p10mps,2.319,-0.010349999999999998,0.1,0.0,0.17185,0.5320433436532508,0.0010932624624767969,10.72124232764808,19.907499499999997,-9.186257172351917,0.0,9.186257172351917,9.186257172351917
Ref-01B-B-0p10mps,2.32,-0.010250000000000009,0.1,0.0,0.17175,0.531733746130031,0.001092626289964445,10.715003606479824,19.907499499999997,-9.192495893520173,0.0,9.192495893520173,9.192495893520173
Ref-01B-B-0p10mps,2.321,-0.010149999999999992,0.1,0.0,0.17165,0.5314241486068111,0.0010919901174520931,10.708764885311568,19.907499499999997,-9.198734614688428,0.0,9.198734614688428,9.198734614688428
Ref-01B-B-0p10mps,2.322,-0.010050000000000003,0.1,0.0,0.17155,0.5311145510835913,0.0010913539449397412,10.702526164143313,19.907499499999997,-9.204973335856684,0.0,9.204973335856684,9.204973335856684
Ref-01B-B-0p10mps,2.323,-0.009950000000000014,0.1,0.0,0.17145000000000002,0.5308049535603716,0.0010907177724273894,10.696287442975057,19.907499499999997,-9.21121205702494,0.0,9.21121205702494,9.21121205702494
Ref-01B-B-0p10mps,2.3240000000000003,-0.009849999999999998,0.1,0.0,0.17135,0.5304953560371517,0.0010900815999150373,10.6900487218068,19.907499499999997,-9.217450778193196,0.0,9.217450778193196,9.217450778193196
Ref-01B-B-0p10mps,2.325,-0.009750000000000009,0.1,0.0,0.17125,0.5301857585139319,0.0010894454274026854,10.683810000638545,19.907499499999997,-9.223689499361452,0.0,9.223689499361452,9.223689499361452
Ref-01B-B-0p10mps,2.326,-0.009649999999999992,0.1,0.0,0.17115,0.529876160990712,0.0010888092548903335,10.677571279470289,19.907499499999997,-9.229928220529708,0.0,9.229928220529708,9.229928220529708
Ref-01B-B-0p10mps,2.327,-0.009550000000000003,0.1,0.0,0.17105,0.5295665634674923,0.0010881730823779816,10.671332558302034,19.907499499999997,-9.236166941697963,0.0,9.236166941697963,9.236166941697963
Ref-01B-B-0p10mps,2.328,-0.009450000000000014,0.1,0.0,0.17095000000000002,0.5292569659442725,0.0010875369098656297,10.665093837133778,19.907499499999997,-9.242405662866219,0.0,9.242405662866219,9.242405662866219
Ref-01B-B-0p10mps,2.329,-0.009349999999999997,0.1,0.0,0.17085,0.5289473684210526,0.0010869007373532776,10.658855115965519,19.907499499999997,-9.248644384034478,0.0,9.248644384034478,9.248644384034478
Ref-01B-B-0p10mps,2.33,-0.009250000000000008,0.1,0.0,0.17075,0.5286377708978328,0.0010862645648409257,10.652616394797263,19.907499499999997,-9.254883105202733,0.0,9.254883105202733,9.254883105202733
Ref-01B-B-0p10mps,2.331,-0.009149999999999991,0.1,0.0,0.17065,0.528328173374613,0.0010856283923285736,10.646377673629006,19.907499499999997,-9.26112182637099,0.0,9.26112182637099,9.26112182637099
Ref-01B-B-0p10mps,2.332,-0.009050000000000002,0.1,0.0,0.17055,0.5280185758513932,0.0010849922198162218,10.64013895246075,19.907499499999997,-9.267360547539246,0.0,9.267360547539246,9.267360547539246
Ref-01B-B-0p10mps,2.3329999999999997,-0.008950000000000014,0.1,0.0,0.17045000000000002,0.5277089783281734,0.00108435604730387,10.633900231292497,19.907499499999997,-9.2735992687075,0.0,9.2735992687075,9.2735992687075
Ref-01B-B-0p10mps,2.334,-0.008849999999999997,0.1,0.0,0.17035,0.5273993808049535,0.001083719874791518,10.62766151012424,19.907499499999997,-9.279837989875757,0.0,9.279837989875757,9.279837989875757
Ref-01B-B-0p10mps,2.335,-0.008750000000000008,0.1,0.0,0.17025,0.5270897832817337,0.0010830837022791661,10.621422788955984,19.907499499999997,-9.286076711044013,0.0,9.286076711044013,9.286076711044013
Ref-01B-B-0p10mps,2.3360000000000003,-0.008649999999999991,0.1,0.0,0.17015,0.5267801857585139,0.001082447529766814,10.615184067787727,19.907499499999997,-9.29231543221227,0.0,9.29231543221227,9.29231543221227
Ref-01B-B-0p10mps,2.337,-0.008550000000000002,0.1,0.0,0.17005,0.5264705882352941,0.0010818113572544621,10.608945346619471,19.907499499999997,-9.298554153380525,0.0,9.298554153380525,9.298554153380525
Ref-01B-B-0p10mps,2.338,-0.008450000000000013,0.1,0.0,0.16995000000000002,0.5261609907120743,0.0010811751847421103,10.602706625451216,19.907499499999997,-9.304792874548781,0.0,9.304792874548781,9.304792874548781
Ref-01B-B-0p10mps,2.339,-0.008350000000000024,0.1,0.0,0.16985000000000003,0.5258513931888545,0.0010805390122297584,10.59646790428296,19.907499499999997,-9.311031595717036,0.0,9.311031595717036,9.311031595717036
Ref-01B-B-0p10mps,2.34,-0.008250000000000007,0.1,0.0,0.16975,0.5255417956656347,0.0010799028397174065,10.590229183114705,19.907499499999997,-9.317270316885292,0.0,9.317270316885292,9.317270316885292
Ref-01B-B-0p10mps,2.341,-0.00814999999999999,0.1,0.0,0.16965,0.5252321981424148,0.0010792666672050544,10.583990461946446,19.907499499999997,-9.323509038053551,0.0,9.323509038053551,9.323509038053551
Ref-01B-B-0p10mps,2.342,-0.008050000000000002,0.1,0.0,0.16955,0.524922600619195,0.0010786304946927025,10.57775174077819,19.907499499999997,-9.329747759221807,0.0,9.329747759221807,9.329747759221807
Ref-01B-B-0p10mps,2.343,-0.007950000000000013,0.1,0.0,0.16945000000000002,0.5246130030959752,0.0010779943221803506,10.571513019609935,19.907499499999997,-9.335986480390062,0.0,9.335986480390062,9.335986480390062
Ref-01B-B-0p10mps,2.344,-0.007850000000000024,0.1,0.0,0.16935000000000003,0.5243034055727555,0.0010773581496679987,10.565274298441679,19.907499499999997,-9.342225201558318,0.0,9.342225201558318,9.342225201558318
Ref-01B-B-0p10mps,2.345,-0.007750000000000007,0.1,0.0,0.16925,0.5239938080495357,0.0010767219771556469,10.559035577273423,19.907499499999997,-9.348463922726573,0.0,9.348463922726573,9.348463922726573
Ref-01B-B-0p10mps,2.346,-0.00764999999999999,0.1,0.0,0.16915,0.5236842105263158,0.0010760858046432948,10.552796856105166,19.907499499999997,-9.35470264389483,0.0,9.35470264389483,9.35470264389483
Ref-01B-B-0p10mps,2.347,-0.007550000000000001,0.1,0.0,0.16905,0.523374613003096,0.0010754496321309429,10.54655813493691,19.907499499999997,-9.360941365063086,0.0,9.360941365063086,9.360941365063086
Ref-01B-B-0p10mps,2.348,-0.007450000000000012,0.1,0.0,0.16895000000000002,0.5230650154798762,0.001074813459618591,10.540319413768655,19.907499499999997,-9.367180086231341,0.0,9.367180086231341,9.367180086231341
Ref-01B-B-0p10mps,2.3489999999999998,-0.007350000000000023,0.1,0.0,0.16885000000000003,0.5227554179566564,0.0010741772871062391,10.5340806926004,19.907499499999997,-9.373418807399597,0.0,9.373418807399597,9.373418807399597
Ref-01B-B-0p10mps,2.35,-0.0072500000000000064,0.1,0.0,0.16875,0.5224458204334366,0.001073541114593887,10.527841971432142,19.907499499999997,-9.379657528567854,0.0,9.379657528567854,9.379657528567854
Ref-01B-B-0p10mps,2.351,-0.00714999999999999,0.1,0.0,0.16865,0.5221362229102167,0.0010729049420815351,10.521603250263887,19.907499499999997,-9.38589624973611,0.0,9.38589624973611,9.38589624973611
Ref-01B-B-0p10mps,2.352,-0.007050000000000001,0.1,0.0,0.16855,0.5218266253869969,0.0010722687695691833,10.515364529095631,19.907499499999997,-9.392134970904365,0.0,9.392134970904365,9.392134970904365
Ref-01B-B-0p10mps,2.3529999999999998,-0.006950000000000012,0.1,0.0,0.16845000000000002,0.5215170278637771,0.0010716325970568314,10.509125807927376,19.907499499999997,-9.39837369207262,0.0,9.39837369207262,9.39837369207262
Ref-01B-B-0p10mps,2.3539999999999996,-0.006850000000000023,0.1,0.0,0.16835000000000003,0.5212074303405574,0.0010709964245444795,10.50288708675912,19.907499499999997,-9.404612413240876,0.0,9.404612413240876,9.404612413240876
Ref-01B-B-0p10mps,2.355,-0.006750000000000006,0.1,0.0,0.16825,0.5208978328173375,0.0010703602520321274,10.496648365590861,19.907499499999997,-9.410851134409135,0.0,9.410851134409135,9.410851134409135
Ref-01B-B-0p10mps,2.3560000000000003,-0.006649999999999989,0.1,0.0,0.16815,0.5205882352941176,0.0010697240795197753,10.490409644422604,19.907499499999997,-9.417089855577393,0.0,9.417089855577393,9.417089855577393
Ref-01B-B-0p10mps,2.357,-0.00655,0.1,0.0,0.16805,0.5202786377708978,0.0010690879070074236,10.48417092325435,19.907499499999997,-9.423328576745647,0.0,9.423328576745647,9.423328576745647
Ref-01B-B-0p10mps,2.358,-0.006450000000000011,0.1,0.0,0.16795000000000002,0.5199690402476781,0.0010684517344950717,10.477932202086095,19.907499499999997,-9.429567297913902,0.0,9.429567297913902,9.429567297913902
Ref-01B-B-0p10mps,2.359,-0.006350000000000022,0.1,0.0,0.16785000000000003,0.5196594427244583,0.0010678155619827199,10.471693480917839,19.907499499999997,-9.435806019082158,0.0,9.435806019082158,9.435806019082158
Ref-01B-B-0p10mps,2.36,-0.0062500000000000056,0.1,0.0,0.16775,0.5193498452012384,0.0010671793894703678,10.465454759749582,19.907499499999997,-9.442044740250415,0.0,9.442044740250415,9.442044740250415
Ref-01B-B-0p10mps,2.361,-0.006149999999999989,0.1,0.0,0.16765,0.5190402476780186,0.0010665432169580157,10.459216038581324,19.907499499999997,-9.448283461418672,0.0,9.448283461418672,9.448283461418672
Ref-01B-B-0p10mps,2.362,-0.00605,0.1,0.0,0.16755,0.5187306501547988,0.0010659070444456638,10.452977317413069,19.907499499999997,-9.454522182586928,0.0,9.454522182586928,9.454522182586928
Ref-01B-B-0p10mps,2.363,-0.005950000000000011,0.1,0.0,0.16745000000000002,0.518421052631579,0.001065270871933312,10.446738596244813,19.907499499999997,-9.460760903755183,0.0,9.460760903755183,9.460760903755183
Ref-01B-B-0p10mps,2.364,-0.005850000000000022,0.1,0.0,0.16735000000000003,0.5181114551083592,0.0010646346994209602,10.44049987507656,19.907499499999997,-9.466999624923437,0.0,9.466999624923437,9.466999624923437
Ref-01B-B-0p10mps,2.365,-0.005750000000000005,0.1,0.0,0.16725,0.5178018575851393,0.0010639985269086081,10.434261153908302,19.907499499999997,-9.473238346091694,0.0,9.473238346091694,9.473238346091694
Ref-01B-B-0p10mps,2.366,-0.005649999999999988,0.1,0.0,0.16715,0.5174922600619195,0.001063362354396256,10.428022432740043,19.907499499999997,-9.479477067259953,0.0,9.479477067259953,9.479477067259953
Ref-01B-B-0p10mps,2.367,-0.005549999999999999,0.1,0.0,0.16705,0.5171826625386997,0.0010627261818839042,10.421783711571788,19.907499499999997,-9.485715788428209,0.0,9.485715788428209,9.485715788428209
Ref-01B-B-0p10mps,2.368,-0.00545000000000001,0.1,0.0,0.16695000000000002,0.5168730650154799,0.0010620900093715523,10.415544990403532,19.907499499999997,-9.491954509596464,0.0,9.491954509596464,9.491954509596464
Ref-01B-B-0p10mps,2.3689999999999998,-0.005350000000000021,0.1,0.0,0.16685000000000003,0.5165634674922601,0.0010614538368592004,10.409306269235277,19.907499499999997,-9.49819323076472,0.0,9.49819323076472,9.49819323076472
Ref-01B-B-0p10mps,2.37,-0.005250000000000005,0.1,0.0,0.16675,0.5162538699690402,0.0010608176643468485,10.403067548067021,19.907499499999997,-9.504431951932975,0.0,9.504431951932975,9.504431951932975
Ref-01B-B-0p10mps,2.371,-0.005149999999999988,0.1,0.0,0.16665,0.5159442724458204,0.0010601814918344964,10.396828826898764,19.907499499999997,-9.510670673101233,0.0,9.510670673101233,9.510670673101233
Ref-01B-B-0p10mps,2.372,-0.005049999999999999,0.1,0.0,0.16655,0.5156346749226006,0.0010595453193221445,10.390590105730508,19.907499499999997,-9.516909394269488,0.0,9.516909394269488,9.516909394269488
Ref-01B-B-0p10mps,2.3729999999999998,-0.00495000000000001,0.1,0.0,0.16645000000000001,0.5153250773993808,0.0010589091468097926,10.384351384562253,19.907499499999997,-9.523148115437744,0.0,9.523148115437744,9.523148115437744
Ref-01B-B-0p10mps,2.3739999999999997,-0.004850000000000021,0.1,0.0,0.16635000000000003,0.515015479876161,0.0010582729742974408,10.378112663393997,19.907499499999997,-9.529386836606,0.0,9.529386836606,9.529386836606
Ref-01B-B-0p10mps,2.375,-0.004750000000000004,0.1,0.0,0.16625,0.5147058823529412,0.0010576368017850887,10.37187394222574,19.907499499999997,-9.535625557774257,0.0,9.535625557774257,9.535625557774257
Ref-01B-B-0p10mps,2.3760000000000003,-0.0046499999999999875,0.1,0.0,0.16615,0.5143962848297213,0.0010570006292727368,10.365635221057484,19.907499499999997,-9.541864278942512,0.0,9.541864278942512,9.541864278942512
Ref-01B-B-0p10mps,2.3770000000000002,-0.0045499999999999985,0.1,0.0,0.16605,0.5140866873065015,0.001056364456760385,10.359396499889229,19.907499499999997,-9.548103000110768,0.0,9.548103000110768,9.548103000110768
Ref-01B-B-0p10mps,2.378,-0.0044500000000000095,0.1,0.0,0.16595000000000001,0.5137770897832817,0.001055728284248033,10.353157778720973,19.907499499999997,-9.554341721279023,0.0,9.554341721279023,9.554341721279023
Ref-01B-B-0p10mps,2.379,-0.0043500000000000205,0.1,0.0,0.16585000000000003,0.5134674922600619,0.0010550921117356811,10.346919057552716,19.907499499999997,-9.56058044244728,0.0,9.56058044244728,9.56058044244728
Ref-01B-B-0p10mps,2.38,-0.004250000000000004,0.1,0.0,0.16575,0.5131578947368421,0.001054455939223329,10.340680336384459,19.907499499999997,-9.566819163615538,0.0,9.566819163615538,9.566819163615538
Ref-01B-B-0p10mps,2.3810000000000002,-0.004149999999999987,0.1,0.0,0.16565,0.5128482972136222,0.0010538197667109772,10.334441615216203,19.907499499999997,-9.573057884783793,0.0,9.573057884783793,9.573057884783793
Ref-01B-B-0p10mps,2.382,-0.004049999999999998,0.1,0.0,0.16555,0.5125386996904024,0.0010531835941986253,10.328202894047948,19.907499499999997,-9.579296605952049,0.0,9.579296605952049,9.579296605952049
Ref-01B-B-0p10mps,2.383,-0.003950000000000009,0.1,0.0,0.16545,0.5122291021671826,0.0010525474216862734,10.321964172879692,19.907499499999997,-9.585535327120304,0.0,9.585535327120304,9.585535327120304
Ref-01B-B-0p10mps,2.384,-0.00385000000000002,0.1,0.0,0.16535000000000002,0.511919504643963,0.0010519112491739215,10.315725451711437,19.907499499999997,-9.59177404828856,0.0,9.59177404828856,9.59177404828856
Ref-01B-B-0p10mps,2.3850000000000002,-0.0037500000000000033,0.1,0.0,0.16525,0.5116099071207431,0.0010512750766615694,10.30948673054318,19.907499499999997,-9.598012769456817,0.0,9.598012769456817,9.598012769456817
Ref-01B-B-0p10mps,2.386,-0.0036499999999999866,0.1,0.0,0.16515,0.5113003095975232,0.0010506389041492173,10.303248009374922,19.907499499999997,-9.604251490625074,0.0,9.604251490625074,9.604251490625074
Ref-01B-B-0p10mps,2.387,-0.0035499999999999976,0.1,0.0,0.16505,0.5109907120743034,0.0010500027316368654,10.297009288206667,19.907499499999997,-9.61049021179333,0.0,9.61049021179333,9.61049021179333
Ref-01B-B-0p10mps,2.388,-0.0034500000000000086,0.1,0.0,0.16495,0.5106811145510837,0.0010493665591245138,10.290770567038413,19.907499499999997,-9.616728932961584,0.0,9.616728932961584,9.616728932961584
Ref-01B-B-0p10mps,2.389,-0.0033500000000000196,0.1,0.0,0.16485000000000002,0.5103715170278639,0.0010487303866121619,10.284531845870157,19.907499499999997,-9.62296765412984,0.0,9.62296765412984,9.62296765412984
Ref-01B-B-0p10mps,2.39,-0.003250000000000003,0.1,0.0,0.16475,0.510061919504644,0.0010480942140998098,10.2782931247019,19.907499499999997,-9.629206375298097,0.0,9.629206375298097,9.629206375298097
Ref-01B-B-0p10mps,2.391,-0.003149999999999986,0.1,0.0,0.16465,0.5097523219814241,0.0010474580415874577,10.272054403533641,19.907499499999997,-9.635445096466356,0.0,9.635445096466356,9.635445096466356
Ref-01B-B-0p10mps,2.392,-0.003049999999999997,0.1,0.0,0.16455,0.5094427244582044,0.0010468218690751058,10.265815682365385,19.907499499999997,-9.641683817634611,0.0,9.641683817634611,9.641683817634611
Ref-01B-B-0p10mps,2.393,-0.002950000000000008,0.1,0.0,0.16445,0.5091331269349846,0.001046185696562754,10.25957696119713,19.907499499999997,-9.647922538802867,0.0,9.647922538802867,9.647922538802867
Ref-01B-B-0p10mps,2.3939999999999997,-0.002850000000000019,0.1,0.0,0.16435000000000002,0.5088235294117648,0.001045549524050402,10.253338240028874,19.907499499999997,-9.654161259971122,0.0,9.654161259971122,9.654161259971122
Ref-01B-B-0p10mps,2.395,-0.0027500000000000024,0.1,0.0,0.16425,0.5085139318885449,0.0010449133515380502,10.247099518860619,19.907499499999997,-9.660399981139378,0.0,9.660399981139378,9.660399981139378
Ref-01B-B-0p10mps,2.3960000000000004,-0.0026499999999999857,0.1,0.0,0.16415,0.5082043343653251,0.001044277179025698,10.240860797692362,19.907499499999997,-9.666638702307635,0.0,9.666638702307635,9.666638702307635
Ref-01B-B-0p10mps,2.3970000000000002,-0.0025499999999999967,0.1,0.0,0.16405,0.5078947368421053,0.0010436410065133462,10.234622076524106,19.907499499999997,-9.67287742347589,0.0,9.67287742347589,9.67287742347589
Ref-01B-B-0p10mps,2.398,-0.0024500000000000077,0.1,0.0,0.16395,0.5075851393188855,0.0010430048340009943,10.22838335535585,19.907499499999997,-9.679116144644146,0.0,9.679116144644146,9.679116144644146
Ref-01B-B-0p10mps,2.399,-0.0023500000000000187,0.1,0.0,0.16385000000000002,0.5072755417956657,0.0010423686614886424,10.222144634187595,19.907499499999997,-9.685354865812402,0.0,9.685354865812402,9.685354865812402
Ref-01B-B-0p10mps,2.4,-0.0022500000000000298,0.1,0.0,0.16375000000000003,0.5069659442724459,0.0010417324889762905,10.21590591301934,19.907499499999997,-9.691593586980657,0.0,9.691593586980657,9.691593586980657
Ref-01B-B-0p10mps,2.4010000000000002,-0.0021499999999999853,0.1,0.0,0.16365,0.506656346749226,0.0010410963164639384,10.209667191851082,19.907499499999997,-9.697832308148914,0.0,9.697832308148914,9.697832308148914
Ref-01B-B-0p10mps,2.402,-0.0020499999999999963,0.1,0.0,0.16355,0.5063467492260062,0.0010404601439515865,10.203428470682827,19.907499499999997,-9.70407102931717,0.0,9.70407102931717,9.70407102931717
Ref-01B-B-0p10mps,2.403,-0.0019500000000000073,0.1,0.0,0.16345,0.5060371517027864,0.0010398239714392347,10.19718974951457,19.907499499999997,-9.710309750485427,0.0,9.710309750485427,9.710309750485427
Ref-01B-B-0p10mps,2.404,-0.0018500000000000183,0.1,0.0,0.16335000000000002,0.5057275541795666,0.0010391877989268828,10.190951028346314,19.907499499999997,-9.716548471653683,0.0,9.716548471653683,9.716548471653683
Ref-01B-B-0p10mps,2.405,-0.0017500000000000293,0.1,0.0,0.16325000000000003,0.5054179566563468,0.001038551626414531,10.184712307178058,19.907499499999997,-9.722787192821938,0.0,9.722787192821938,9.722787192821938
Ref-01B-B-0p10mps,2.406,-0.0016499999999999848,0.1,0.0,0.16315,0.5051083591331269,0.0010379154539021788,10.178473586009801,19.907499499999997,-9.729025913990196,0.0,9.729025913990196,9.729025913990196
Ref-01B-B-0p10mps,2.407,-0.0015499999999999958,0.1,0.0,0.16305,0.5047987616099071,0.001037279281389827,10.172234864841545,19.907499499999997,-9.735264635158451,0.0,9.735264635158451,9.735264635158451
Ref-01B-B-0p10mps,2.408,-0.0014500000000000068,0.1,0.0,0.16295,0.5044891640866873,0.001036643108877475,10.16599614367329,19.907499499999997,-9.741503356326707,0.0,9.741503356326707,9.741503356326707
Ref-01B-B-0p10mps,2.409,-0.0013500000000000179,0.1,0.0,0.16285000000000002,0.5041795665634675,0.0010360069363651231,10.159757422505034,19.907499499999997,-9.747742077494962,0.0,9.747742077494962,9.747742077494962
Ref-01B-B-0p10mps,2.4099999999999997,-0.0012500000000000289,0.1,0.0,0.16275000000000003,0.5038699690402477,0.0010353707638527713,10.153518701336779,19.907499499999997,-9.753980798663218,0.0,9.753980798663218,9.753980798663218
Ref-01B-B-0p10mps,2.411,-0.0011499999999999844,0.1,0.0,0.16265,0.5035603715170278,0.001034734591340419,10.14727998016852,19.907499499999997,-9.760219519831477,0.0,9.760219519831477,9.760219519831477
Ref-01B-B-0p10mps,2.412,-0.0010499999999999954,0.1,0.0,0.16255,0.503250773993808,0.0010340984188280673,10.141041259000266,19.907499499999997,-9.76645824099973,0.0,9.76645824099973,9.76645824099973
Ref-01B-B-0p10mps,2.413,-0.0009500000000000064,0.1,0.0,0.16245,0.5029411764705882,0.0010334622463157154,10.13480253783201,19.907499499999997,-9.772696962167986,0.0,9.772696962167986,9.772696962167986
Ref-01B-B-0p10mps,2.4139999999999997,-0.0008500000000000174,0.1,0.0,0.16235000000000002,0.5026315789473684,0.0010328260738033635,10.128563816663755,19.907499499999997,-9.778935683336242,0.0,9.778935683336242,9.778935683336242
Ref-01B-B-0p10mps,2.4149999999999996,-0.0007500000000000284,0.1,0.0,0.16225000000000003,0.5023219814241487,0.0010321899012910116,10.1223250954955,19.907499499999997,-9.785174404504497,0.0,9.785174404504497,9.785174404504497
Ref-01B-B-0p10mps,2.4160000000000004,-0.0006499999999999839,0.1,0.0,0.16215,0.5020123839009287,0.0010315537287786593,10.116086374327239,19.907499499999997,-9.791413125672758,0.0,9.791413125672758,9.791413125672758
Ref-01B-B-0p10mps,2.4170000000000003,-0.0005499999999999949,0.1,0.0,0.16205,0.5017027863777089,0.0010309175562663074,10.109847653158983,19.907499499999997,-9.797651846841013,0.0,9.797651846841013,9.797651846841013
Ref-01B-B-0p10mps,2.418,-0.00045000000000000595,0.1,0.0,0.16195,0.5013931888544891,0.0010302813837539556,10.103608931990728,19.907499499999997,-9.803890568009269,0.0,9.803890568009269,9.803890568009269
Ref-01B-B-0p10mps,2.419,-0.00035000000000001696,0.1,0.0,0.16185000000000002,0.5010835913312695,0.001029645211241604,10.097370210822474,19.907499499999997,-9.810129289177523,0.0,9.810129289177523,9.810129289177523
Ref-01B-B-0p10mps,2.42,-0.000250000000000028,0.1,0.0,0.16175000000000003,0.5007739938080497,0.001029009038729252,10.091131489654218,19.907499499999997,-9.816368010345778,0.0,9.816368010345778,9.816368010345778
Ref-01B-B-0p10mps,2.4210000000000003,-0.00014999999999998348,0.1,0.0,0.16165,0.5004643962848296,0.0010283728662168997,10.08489276848596,19.907499499999997,-9.822606731514037,0.0,9.822606731514037,9.822606731514037
Ref-01B-B-0p10mps,2.422,-4.999999999999449e-05,0.1,0.0,0.16155,0.5001547987616098,0.0010277366937045478,10.078654047317704,19.907499499999997,-9.828845452682293,0.0,9.828845452682293,9.828845452682293
Ref-01B-B-0p10mps,2.423,4.999999999999449e-05,0.1,0.0,0.16145,0.4998452012383901,0.001027100521192196,10.072415326149448,19.907499499999997,-9.835084173850548,0.0,9.835084173850548,9.835084173850548
Ref-01B-B-0p10mps,2.424,0.00014999999999998348,0.1,0.0,0.16135000000000002,0.4995356037151703,0.001026464348679844,10.066176604981193,19.907499499999997,-9.841322895018804,0.0,9.841322895018804,9.841322895018804
Ref-01B-B-0p10mps,2.425,0.00024999999999997247,0.1,0.0,0.16125000000000003,0.49922600619195057,0.0010258281761674922,10.059937883812937,19.907499499999997,-9.84756161618706,0.0,9.84756161618706,9.84756161618706
Ref-01B-B-0p10mps,2.426,0.00035000000000001696,0.1,0.0,0.16115,0.4989164086687306,0.00102519200365514,10.053699162644678,19.907499499999997,-9.853800337355318,0.0,9.853800337355318,9.853800337355318
Ref-01B-B-0p10mps,2.427,0.00045000000000000595,0.1,0.0,0.16105,0.4986068111455108,0.0010245558311427882,10.047460441476423,19.907499499999997,-9.860039058523574,0.0,9.860039058523574,9.860039058523574
Ref-01B-B-0p10mps,2.428,0.0005499999999999949,0.1,0.0,0.16095,0.498297213622291,0.0010239196586304363,10.041221720308167,19.907499499999997,-9.86627777969183,0.0,9.86627777969183,9.86627777969183
Ref-01B-B-0p10mps,2.429,0.0006499999999999839,0.1,0.0,0.16085000000000002,0.4979876160990713,0.0010232834861180844,10.034982999139912,19.907499499999997,-9.872516500860085,0.0,9.872516500860085,9.872516500860085
Ref-01B-B-0p10mps,2.4299999999999997,0.0007499999999999729,0.1,0.0,0.16075000000000003,0.4976780185758515,0.0010226473136057325,10.028744277971656,19.907499499999997,-9.87875522202834,0.0,9.87875522202834,9.87875522202834
Ref-01B-B-0p10mps,2.431,0.0008500000000000174,0.1,0.0,0.16065,0.4973684210526315,0.0010220111410933804,10.022505556803399,19.907499499999997,-9.884993943196598,0.0,9.884993943196598,9.884993943196598
Ref-01B-B-0p10mps,2.432,0.0009500000000000064,0.1,0.0,0.16055,0.4970588235294117,0.0010213749685810286,10.016266835635143,19.907499499999997,-9.891232664364853,0.0,9.891232664364853,9.891232664364853
Ref-01B-B-0p10mps,2.433,0.0010499999999999954,0.1,0.0,0.16045,0.496749226006192,0.0010207387960686767,10.010028114466888,19.907499499999997,-9.897471385533109,0.0,9.897471385533109,9.897471385533109
Ref-01B-B-0p10mps,2.4339999999999997,0.0011499999999999844,0.1,0.0,0.16035000000000002,0.4964396284829722,0.0010201026235563248,10.003789393298632,19.907499499999997,-9.903710106701364,0.0,9.903710106701364,9.903710106701364
Ref-01B-B-0p10mps,2.4349999999999996,0.0012499999999999734,0.1,0.0,0.16025000000000003,0.4961300309597524,0.001019466451043973,9.997550672130377,19.907499499999997,-9.90994882786962,0.0,9.90994882786962,9.90994882786962
Ref-01B-B-0p10mps,2.4360000000000004,0.0013500000000000179,0.1,0.0,0.16015,0.4958204334365324,0.0010188302785316208,9.99131195096212,19.907499499999997,-9.916187549037877,0.0,9.916187549037877,9.916187549037877
Ref-01B-B-0p10mps,2.4370000000000003,0.0014500000000000068,0.1,0.0,0.16005,0.4955108359133127,0.001018194106019269,9.985073229793864,19.907499499999997,-9.922426270206133,0.0,9.922426270206133,9.922426270206133
Ref-01B-B-0p10mps,2.438,0.0015499999999999958,0.1,0.0,0.15995,0.4952012383900929,0.001017557933506917,9.978834508625608,19.907499499999997,-9.928664991374388,0.0,9.928664991374388,9.928664991374388
Ref-01B-B-0p10mps,2.439,0.0016499999999999848,0.1,0.0,0.15985000000000002,0.4948916408668731,0.0010169217609945652,9.972595787457353,19.907499499999997,-9.934903712542644,0.0,9.934903712542644,9.934903712542644
Ref-01B-B-0p10mps,2.44,0.0017499999999999738,0.1,0.0,0.15975000000000003,0.49458204334365335,0.0010162855884822133,9.966357066289097,19.907499499999997,-9.9411424337109,0.0,9.9411424337109,9.9411424337109
Ref-01B-B-0p10mps,2.4410000000000003,0.0018500000000000183,0.1,0.0,0.15965,0.4942724458204334,0.001015649415969861,9.960118345120836,19.907499499999997,-9.94738115487916,0.0,9.94738115487916,9.94738115487916
Ref-01B-B-0p10mps,2.442,0.0019500000000000073,0.1,0.0,0.15955,0.4939628482972136,0.001015013243457509,9.95387962395258,19.907499499999997,-9.953619876047416,0.0,9.953619876047416,9.953619876047416
Ref-01B-B-0p10mps,2.443,0.0020499999999999963,0.1,0.0,0.15945,0.4936532507739938,0.0010143770709451572,9.947640902784325,19.907499499999997,-9.959858597215671,0.0,9.959858597215671,9.959858597215671
Ref-01B-B-0p10mps,2.444,0.0021499999999999853,0.1,0.0,0.15935000000000002,0.49334365325077406,0.0010137408984328055,9.941402181616072,19.907499499999997,-9.966097318383925,0.0,9.966097318383925,9.966097318383925
Ref-01B-B-0p10mps,2.445,0.0022499999999999742,0.1,0.0,0.15925000000000003,0.49303405572755427,0.0010131047259204537,9.935163460447816,19.907499499999997,-9.97233603955218,0.0,9.97233603955218,9.97233603955218
Ref-01B-B-0p10mps,2.446,0.0023500000000000187,0.1,0.0,0.15914999999999999,0.4927244582043343,0.0010124685534081013,9.928924739279557,19.907499499999997,-9.97857476072044,0.0,9.97857476072044,9.97857476072044
Ref-01B-B-0p10mps,2.447,0.0024500000000000077,0.1,0.0,0.15905,0.4924148606811145,0.0010118323808957495,9.922686018111301,19.907499499999997,-9.984813481888695,0.0,9.984813481888695,9.984813481888695
Ref-01B-B-0p10mps,2.448,0.0025499999999999967,0.1,0.0,0.15895,0.49210526315789477,0.0010111962083833976,9.916447296943046,19.907499499999997,-9.99105220305695,0.0,9.99105220305695,9.99105220305695
Ref-01B-B-0p10mps,2.449,0.0026499999999999857,0.1,0.0,0.15885000000000002,0.49179566563467497,0.0010105600358710457,9.91020857577479,19.907499499999997,-9.997290924225206,0.0,9.997290924225206,9.997290924225206
Ref-01B-B-0p10mps,2.4499999999999997,0.0027499999999999747,0.1,0.0,0.15875000000000003,0.4914860681114552,0.0010099238633586938,9.903969854606535,19.907499499999997,-10.003529645393462,0.0,10.003529645393462,10.003529645393462
Ref-01B-B-0p10mps,2.451,0.002850000000000019,0.1,0.0,0.15864999999999999,0.4911764705882352,0.0010092876908463417,9.897731133438276,19.907499499999997,-10.00976836656172,0.0,10.00976836656172,10.00976836656172
Ref-01B-B-0p10mps,2.452,0.002950000000000008,0.1,0.0,0.15855,0.4908668730650155,0.0010086515183339898,9.89149241227002,19.907499499999997,-10.016007087729976,0.0,10.016007087729976,10.016007087729976
Ref-01B-B-0p10mps,2.453,0.003049999999999997,0.1,0.0,0.15845,0.4905572755417957,0.001008015345821638,9.885253691101765,19.907499499999997,-10.022245808898232,0.0,10.022245808898232,10.022245808898232
Ref-01B-B-0p10mps,2.4539999999999997,0.003149999999999986,0.1,0.0,0.15835000000000002,0.4902476780185759,0.001007379173309286,9.87901496993351,19.907499499999997,-10.028484530066487,0.0,10.028484530066487,10.028484530066487
Ref-01B-B-0p10mps,2.4549999999999996,0.003249999999999975,0.1,0.0,0.15825000000000003,0.4899380804953561,0.0010067430007969342,9.872776248765254,19.907499499999997,-10.034723251234743,0.0,10.034723251234743,10.034723251234743
Ref-01B-B-0p10mps,2.4560000000000004,0.0033500000000000196,0.1,0.0,0.15814999999999999,0.4896284829721362,0.001006106828284582,9.866537527596996,19.907499499999997,-10.040961972403,0.0,10.040961972403,10.040961972403
Ref-01B-B-0p10mps,2.4570000000000003,0.0034500000000000086,0.1,0.0,0.15805,0.4893188854489164,0.0010054706557722302,9.860298806428741,19.907499499999997,-10.047200693571256,0.0,10.047200693571256,10.047200693571256
Ref-01B-B-0p10mps,2.458,0.0035499999999999976,0.1,0.0,0.15795,0.4890092879256966,0.0010048344832598783,9.854060085260485,19.907499499999997,-10.053439414739511,0.0,10.053439414739511,10.053439414739511
Ref-01B-B-0p10mps,2.459,0.0036499999999999866,0.1,0.0,0.15785000000000002,0.48869969040247685,0.0010041983107475264,9.84782136409223,19.907499499999997,-10.059678135907767,0.0,10.059678135907767,10.059678135907767
Ref-01B-B-0p10mps,2.46,0.0037499999999999756,0.1,0.0,0.15775000000000003,0.48839009287925705,0.0010035621382351746,9.841582642923974,19.907499499999997,-10.065916857076022,0.0,10.065916857076022,10.065916857076022
Ref-01B-B-0p10mps,2.4610000000000003,0.00385000000000002,0.1,0.0,0.15764999999999998,0.4880804953560371,0.0010029259657228225,9.835343921755717,19.907499499999997,-10.07215557824428,0.0,10.07215557824428,10.07215557824428
Ref-01B-B-0p10mps,2.462,0.003950000000000009,0.1,0.0,0.15755,0.4877708978328173,0.0010022897932104706,9.829105200587462,19.907499499999997,-10.078394299412535,0.0,10.078394299412535,10.078394299412535
Ref-01B-B-0p10mps,2.463,0.004049999999999998,0.1,0.0,0.15745,0.48746130030959756,0.0010016536206981187,9.822866479419206,19.907499499999997,-10.08463302058079,0.0,10.08463302058079,10.08463302058079
Ref-01B-B-0p10mps,2.464,0.004149999999999987,0.1,0.0,0.15735000000000002,0.48715170278637776,0.0010010174481857668,9.81662775825095,19.907499499999997,-10.090871741749046,0.0,10.090871741749046,10.090871741749046
Ref-01B-B-0p10mps,2.465,0.004249999999999976,0.1,0.0,0.15725000000000003,0.48684210526315796,0.001000381275673415,9.810389037082695,19.907499499999997,-10.097110462917302,0.0,10.097110462917302,10.097110462917302
Ref-01B-B-0p10mps,2.466,0.0043500000000000205,0.1,0.0,0.15714999999999998,0.486532507739938,0.0009997451031610626,9.804150315914434,19.907499499999997,-10.103349184085562,0.0,10.103349184085562,10.103349184085562
Ref-01B-B-0p10mps,2.467,0.0044500000000000095,0.1,0.0,0.15705,0.48622291021671826,0.0009991089306487107,9.797911594746179,19.907499499999997,-10.109587905253818,0.0,10.109587905253818,10.109587905253818
Ref-01B-B-0p10mps,2.468,0.0045499999999999985,0.1,0.0,0.15695,0.48591331269349847,0.000998472758136359,9.791672873577925,19.907499499999997,-10.115826626422072,0.0,10.115826626422072,10.115826626422072
Ref-01B-B-0p10mps,2.469,0.0046499999999999875,0.1,0.0,0.15685000000000002,0.48560371517027867,0.0009978365856240072,9.78543415240967,19.907499499999997,-10.122065347590327,0.0,10.122065347590327,10.122065347590327
Ref-01B-B-0p10mps,2.4699999999999998,0.0047499999999999765,0.1,0.0,0.15675000000000003,0.4852941176470589,0.0009972004131116553,9.779195431241414,19.907499499999997,-10.128304068758583,0.0,10.128304068758583,10.128304068758583
Ref-01B-B-0p10mps,2.471,0.004849999999999993,0.1,0.0,0.15665,0.484984520123839,0.0009965642405993032,9.772956710073156,19.907499499999997,-10.13454278992684,0.0,10.13454278992684,10.13454278992684
Ref-01B-B-0p10mps,2.472,0.00495000000000001,0.1,0.0,0.15655,0.4846749226006192,0.000995928068086951,9.7667179889049,19.907499499999997,-10.140781511095097,0.0,10.140781511095097,10.140781511095097
Ref-01B-B-0p10mps,2.473,0.005049999999999999,0.1,0.0,0.15645,0.4843653250773994,0.0009952918955745992,9.760479267736644,19.907499499999997,-10.147020232263353,0.0,10.147020232263353,10.147020232263353
Ref-01B-B-0p10mps,2.4739999999999998,0.005149999999999988,0.1,0.0,0.15635000000000002,0.4840557275541796,0.0009946557230622473,9.754240546568388,19.907499499999997,-10.153258953431608,0.0,10.153258953431608,10.153258953431608
Ref-01B-B-0p10mps,2.4749999999999996,0.005249999999999977,0.1,0.0,0.15625000000000003,0.48374613003095984,0.0009940195505498957,9.748001825400134,19.907499499999997,-10.159497674599862,0.0,10.159497674599862,10.159497674599862
Ref-01B-B-0p10mps,2.476,0.005349999999999994,0.1,0.0,0.15615,0.48343653250773994,0.0009933833780375436,9.741763104231877,19.907499499999997,-10.16573639576812,0.0,10.16573639576812,10.16573639576812
Ref-01B-B-0p10mps,2.4770000000000003,0.00545000000000001,0.1,0.0,0.15605,0.4831269349845201,0.0009927472055251915,9.735524383063618,19.907499499999997,-10.171975116936379,0.0,10.171975116936379,10.171975116936379
Ref-01B-B-0p10mps,2.478,0.005549999999999999,0.1,0.0,0.15595,0.4828173374613003,0.0009921110330128396,9.729285661895362,19.907499499999997,-10.178213838104634,0.0,10.178213838104634,10.178213838104634
Ref-01B-B-0p10mps,2.479,0.005649999999999988,0.1,0.0,0.15585000000000002,0.48250773993808055,0.0009914748605004877,9.723046940727107,19.907499499999997,-10.18445255927289,0.0,10.18445255927289,10.18445255927289
Ref-01B-B-0p10mps,2.48,0.005749999999999977,0.1,0.0,0.15575000000000003,0.48219814241486075,0.0009908386879881358,9.716808219558851,19.907499499999997,-10.190691280441145,0.0,10.190691280441145,10.190691280441145
Ref-01B-B-0p10mps,2.481,0.005849999999999994,0.1,0.0,0.15565,0.4818885448916409,0.000990202515475784,9.710569498390596,19.907499499999997,-10.1969300016094,0.0,10.1969300016094,10.1969300016094
Ref-01B-B-0p10mps,2.482,0.005950000000000011,0.1,0.0,0.15555,0.481578947368421,0.0009895663429634318,9.704330777222339,19.907499499999997,-10.203168722777658,0.0,10.203168722777658,10.203168722777658
Ref-01B-B-0p10mps,2.483,0.00605,0.1,0.0,0.15545,0.48126934984520126,0.00098893017045108,9.698092056054083,19.907499499999997,-10.209407443945913,0.0,10.209407443945913,10.209407443945913
Ref-01B-B-0p10mps,2.484,0.006149999999999989,0.1,0.0,0.15535000000000002,0.48095975232198146,0.000988293997938728,9.691853334885828,19.907499499999997,-10.215646165114169,0.0,10.215646165114169,10.215646165114169
Ref-01B-B-0p10mps,2.485,0.006249999999999978,0.1,0.0,0.15525000000000003,0.48065015479876166,0.0009876578254263762,9.685614613717572,19.907499499999997,-10.221884886282425,0.0,10.221884886282425,10.221884886282425
Ref-01B-B-0p10mps,2.486,0.0063499999999999945,0.1,0.0,0.15515,0.4803405572755418,0.000987021652914024,9.679375892549315,19.907499499999997,-10.228123607450682,0.0,10.228123607450682,10.228123607450682
Ref-01B-B-0p10mps,2.487,0.006450000000000011,0.1,0.0,0.15505,0.48003095975232196,0.0009863854804016722,9.67313717138106,19.907499499999997,-10.234362328618937,0.0,10.234362328618937,10.234362328618937
Ref-01B-B-0p10mps,2.488,0.00655,0.1,0.0,0.15495,0.47972136222910217,0.0009857493078893203,9.666898450212804,19.907499499999997,-10.240601049787193,0.0,10.240601049787193,10.240601049787193
Ref-01B-B-0p10mps,2.489,0.006649999999999989,0.1,0.0,0.15485000000000002,0.47941176470588237,0.0009851131353769685,9.660659729044548,19.907499499999997,-10.246839770955448,0.0,10.246839770955448,10.246839770955448
Ref-01B-B-0p10mps,2.4899999999999998,0.006749999999999978,0.1,0.0,0.15475000000000003,0.47910216718266263,0.0009844769628646166,9.65442100787629,19.907499499999997,-10.253078492123706,0.0,10.253078492123706,10.253078492123706
Ref-01B-B-0p10mps,2.491,0.006849999999999995,0.1,0.0,0.15465,0.4787925696594427,0.0009838407903522645,9.648182286708034,19.907499499999997,-10.259317213291963,0.0,10.259317213291963,10.259317213291963
Ref-01B-B-0p10mps,2.492,0.006950000000000012,0.1,0.0,0.15455,0.4784829721362229,0.0009832046178399126,9.641943565539778,19.907499499999997,-10.265555934460219,0.0,10.265555934460219,10.265555934460219
Ref-01B-B-0p10mps,2.493,0.007050000000000001,0.1,0.0,0.15445,0.4781733746130031,0.0009825684453275607,9.635704844371523,19.907499499999997,-10.271794655628474,0.0,10.271794655628474,10.271794655628474
Ref-01B-B-0p10mps,2.4939999999999998,0.00714999999999999,0.1,0.0,0.15435000000000001,0.47786377708978334,0.0009819322728152088,9.629466123203267,19.907499499999997,-10.27803337679673,0.0,10.27803337679673,10.27803337679673
Ref-01B-B-0p10mps,2.4949999999999997,0.007249999999999979,0.1,0.0,0.15425000000000003,0.47755417956656354,0.000981296100302857,9.623227402035011,19.907499499999997,-10.284272097964985,0.0,10.284272097964985,10.284272097964985
Ref-01B-B-0p10mps,2.496,0.007349999999999995,0.1,0.0,0.15415,0.4772445820433437,0.0009806599277905048,9.616988680866754,19.907499499999997,-10.290510819133242,0.0,10.290510819133242,10.290510819133242
Ref-01B-B-0p10mps,2.4970000000000003,0.007450000000000012,0.1,0.0,0.15405,0.4769349845201238,0.0009800237552781527,9.610749959698497,19.907499499999997,-10.2967495403015,0.0,10.2967495403015,10.2967495403015
Ref-01B-B-0p10mps,2.498,0.007550000000000001,0.1,0.0,0.15395,0.47662538699690404,0.0009793875827658009,9.604511238530241,19.907499499999997,-10.302988261469755,0.0,10.302988261469755,10.302988261469755
Ref-01B-B-0p10mps,2.499,0.00764999999999999,0.1,0.0,0.15385000000000001,0.47631578947368425,0.0009787514102534492,9.598272517361988,19.907499499999997,-10.309226982638009,0.0,10.309226982638009,10.309226982638009
Ref-01B-B-0p10mps,2.5,0.007749999999999979,0.1,0.0,0.15375000000000003,0.47600619195046445,0.0009781152377410973,9.592033796193732,19.907499499999997,-10.315465703806264,0.0,10.315465703806264,10.315465703806264
Ref-01B-B-0p10mps,2.5010000000000003,0.007850000000000024,0.1,0.0,0.15364999999999998,0.4756965944272445,0.000977479065228745,9.585795075025471,19.907499499999997,-10.321704424974525,0.0,10.321704424974525,10.321704424974525
Ref-01B-B-0p10mps,2.5020000000000002,0.007950000000000013,0.1,0.0,0.15355,0.47538699690402475,0.0009768428927163931,9.579556353857216,19.907499499999997,-10.32794314614278,0.0,10.32794314614278,10.32794314614278
Ref-01B-B-0p10mps,2.503,0.008050000000000002,0.1,0.0,0.15345,0.47507739938080495,0.0009762067202040413,9.573317632688962,19.907499499999997,-10.334181867311035,0.0,10.334181867311035,10.334181867311035
Ref-01B-B-0p10mps,2.504,0.00814999999999999,0.1,0.0,0.15335000000000001,0.47476780185758516,0.0009755705476916895,9.567078911520706,19.907499499999997,-10.34042058847929,0.0,10.34042058847929,10.34042058847929
Ref-01B-B-0p10mps,2.505,0.00824999999999998,0.1,0.0,0.15325000000000003,0.47445820433436536,0.0009749343751793376,9.560840190352451,19.907499499999997,-10.346659309647546,0.0,10.346659309647546,10.346659309647546
Ref-01B-B-0p10mps,2.5060000000000002,0.008350000000000024,0.1,0.0,0.15314999999999998,0.47414860681114546,0.0009742982026669854,9.554601469184192,19.907499499999997,-10.352898030815805,0.0,10.352898030815805,10.352898030815805
Ref-01B-B-0p10mps,2.507,0.008450000000000013,0.1,0.0,0.15305,0.47383900928792566,0.0009736620301546335,9.548362748015936,19.907499499999997,-10.35913675198406,0.0,10.35913675198406,10.35913675198406
Ref-01B-B-0p10mps,2.508,0.008550000000000002,0.1,0.0,0.15295,0.47352941176470587,0.0009730258576422816,9.54212402684768,19.907499499999997,-10.365375473152316,0.0,10.365375473152316,10.365375473152316
Ref-01B-B-0p10mps,2.509,0.008649999999999991,0.1,0.0,0.15285,0.47321981424148607,0.0009723896851299297,9.535885305679425,19.907499499999997,-10.371614194320571,0.0,10.371614194320571,10.371614194320571
Ref-01B-B-0p10mps,2.51,0.00874999999999998,0.1,0.0,0.15275000000000002,0.47291021671826633,0.000971753512617578,9.52964658451117,19.907499499999997,-10.377852915488827,0.0,10.377852915488827,10.377852915488827
Ref-01B-B-0p10mps,2.511,0.008850000000000025,0.1,0.0,0.15264999999999998,0.47260061919504637,0.0009711173401052256,9.52340786334291,19.907499499999997,-10.384091636657086,0.0,10.384091636657086,10.384091636657086
Ref-01B-B-0p10mps,2.512,0.008950000000000014,0.1,0.0,0.15255,0.47229102167182657,0.0009704811675928739,9.517169142174657,19.907499499999997,-10.39033035782534,0.0,10.39033035782534,10.39033035782534
Ref-01B-B-0p10mps,2.513,0.009050000000000002,0.1,0.0,0.15245,0.47198142414860683,0.000969844995080522,9.5109304210064,19.907499499999997,-10.396569078993597,0.0,10.396569078993597,10.396569078993597
Ref-01B-B-0p10mps,2.514,0.009149999999999991,0.1,0.0,0.15235,0.47167182662538704,0.0009692088225681701,9.504691699838144,19.907499499999997,-10.402807800161852,0.0,10.402807800161852,10.402807800161852
Ref-01B-B-0p10mps,2.5149999999999997,0.00924999999999998,0.1,0.0,0.15225000000000002,0.47136222910216724,0.0009685726500558182,9.498452978669889,19.907499499999997,-10.409046521330108,0.0,10.409046521330108,10.409046521330108
Ref-01B-B-0p10mps,2.5160000000000005,0.009350000000000025,0.1,0.0,0.15214999999999998,0.4710526315789473,0.000967936477543466,9.492214257501631,19.907499499999997,-10.415285242498365,0.0,10.415285242498365,10.415285242498365
Ref-01B-B-0p10mps,2.5170000000000003,0.009450000000000014,0.1,0.0,0.15205,0.47074303405572754,0.0009673003050311141,9.485975536333376,19.907499499999997,-10.42152396366662,0.0,10.42152396366662,10.42152396366662
Ref-01B-B-0p10mps,2.5180000000000002,0.009550000000000003,0.1,0.0,0.15195,0.47043343653250774,0.0009666641325187622,9.47973681516512,19.907499499999997,-10.427762684834876,0.0,10.427762684834876,10.427762684834876
Ref-01B-B-0p10mps,2.519,0.009649999999999992,0.1,0.0,0.15185,0.47012383900928795,0.0009660279600064105,9.473498093996865,19.907499499999997,-10.434001406003132,0.0,10.434001406003132,10.434001406003132
Ref-01B-B-0p10mps,2.52,0.009749999999999981,0.1,0.0,0.15175000000000002,0.46981424148606815,0.0009653917874940586,9.46725937282861,19.907499499999997,-10.440240127171387,0.0,10.440240127171387,10.440240127171387
Ref-01B-B-0p10mps,2.5210000000000004,0.009850000000000025,0.1,0.0,0.15164999999999998,0.46950464396284824,0.0009647556149817064,9.46102065166035,19.907499499999997,-10.446478848339646,0.0,10.446478848339646,10.446478848339646
Ref-01B-B-0p10mps,2.5220000000000002,0.009950000000000014,0.1,0.0,0.15155,0.46919504643962845,0.0009641194424693545,9.454781930492095,19.907499499999997,-10.452717569507902,0.0,10.452717569507902,10.452717569507902
Ref-01B-B-0p10mps,2.523,0.010050000000000003,0.1,0.0,0.15145,0.46888544891640865,0.0009634832699570026,9.448543209323839,19.907499499999997,-10.458956290676158,0.0,10.458956290676158,10.458956290676158
Ref-01B-B-0p10mps,2.524,0.010149999999999992,0.1,0.0,0.15135,0.46857585139318886,0.0009628470974446507,9.442304488155584,19.907499499999997,-10.465195011844413,0.0,10.465195011844413,10.465195011844413
Ref-01B-B-0p10mps,2.525,0.010249999999999981,0.1,0.0,0.15125000000000002,0.4682662538699691,0.0009622109249322988,9.436065766987328,19.907499499999997,-10.471433733012669,0.0,10.471433733012669,10.471433733012669
Ref-01B-B-0p10mps,2.5260000000000002,0.010350000000000026,0.1,0.0,0.15114999999999998,0.46795665634674916,0.0009615747524199466,9.429827045819069,19.907499499999997,-10.477672454180928,0.0,10.477672454180928,10.477672454180928
Ref-01B-B-0p10mps,2.527,0.010450000000000015,0.1,0.0,0.15105,0.46764705882352936,0.0009609385799075949,9.423588324650815,19.907499499999997,-10.483911175349181,0.0,10.483911175349181,10.483911175349181
Ref-01B-B-0p10mps,2.528,0.010550000000000004,0.1,0.0,0.15095,0.46733746130030956,0.000960302407395243,9.41734960348256,19.907499499999997,-10.490149896517437,0.0,10.490149896517437,10.490149896517437
Ref-01B-B-0p10mps,2.529,0.010649999999999993,0.1,0.0,0.15085,0.4670278637770898,0.0009596662348828911,9.411110882314304,19.907499499999997,-10.496388617685692,0.0,10.496388617685692,10.496388617685692
Ref-01B-B-0p10mps,2.53,0.010749999999999982,0.1,0.0,0.15075000000000002,0.46671826625387003,0.0009590300623705392,9.404872161146049,19.907499499999997,-10.502627338853948,0.0,10.502627338853948,10.502627338853948
Ref-01B-B-0p10mps,2.531,0.010850000000000026,0.1,0.0,0.15064999999999998,0.46640866873065007,0.000958393889858187,9.39863343997779,19.907499499999997,-10.508866060022207,0.0,10.508866060022207,10.508866060022207
Ref-01B-B-0p10mps,2.532,0.010950000000000015,0.1,0.0,0.15055,0.46609907120743027,0.0009577577173458351,9.392394718809534,19.907499499999997,-10.515104781190463,0.0,10.515104781190463,10.515104781190463
Ref-01B-B-0p10mps,2.533,0.011050000000000004,0.1,0.0,0.15045,0.46578947368421053,0.0009571215448334832,9.386155997641279,19.907499499999997,-10.521343502358718,0.0,10.521343502358718,10.521343502358718
Ref-01B-B-0p10mps,2.534,0.011149999999999993,0.1,0.0,0.15035,0.46547987616099074,0.0009564853723211315,9.379917276473023,19.907499499999997,-10.527582223526974,0.0,10.527582223526974,10.527582223526974
Ref-01B-B-0p10mps,2.5349999999999997,0.011249999999999982,0.1,0.0,0.15025000000000002,0.46517027863777094,0.0009558491998087796,9.373678555304767,19.907499499999997,-10.53382094469523,0.0,10.53382094469523,10.53382094469523
Ref-01B-B-0p10mps,2.5360000000000005,0.011350000000000027,0.1,0.0,0.15014999999999998,0.464860681114551,0.0009552130272964274,9.367439834136508,19.907499499999997,-10.540059665863488,0.0,10.540059665863488,10.540059665863488
Ref-01B-B-0p10mps,2.5370000000000004,0.011450000000000016,0.1,0.0,0.15005,0.46455108359133124,0.0009545768547840755,9.361201112968253,19.907499499999997,-10.546298387031744,0.0,10.546298387031744,10.546298387031744
Ref-01B-B-0p10mps,2.5380000000000003,0.011550000000000005,0.1,0.0,0.14995,0.46424148606811144,0.0009539406822717236,9.354962391799997,19.907499499999997,-10.5525371082,0.0,10.5525371082,10.5525371082
Ref-01B-B-0p10mps,2.539,0.011649999999999994,0.1,0.0,0.14985,0.46393188854489165,0.0009533045097593717,9.348723670631742,19.907499499999997,-10.558775829368255,0.0,10.558775829368255,10.558775829368255
Ref-01B-B-0p10mps,2.54,0.011749999999999983,0.1,0.0,0.14975000000000002,0.4636222910216719,0.0009526683372470199,9.342484949463486,19.907499499999997,-10.56501455053651,0.0,10.56501455053651,10.56501455053651
Ref-01B-B-0p10mps,2.5410000000000004,0.011850000000000027,0.1,0.0,0.14964999999999998,0.46331269349845194,0.0009520321647346676,9.336246228295229,19.907499499999997,-10.571253271704768,0.0,10.571253271704768,10.571253271704768
Ref-01B-B-0p10mps,2.5420000000000003,0.011950000000000016,0.1,0.0,0.14955,0.46300309597523215,0.0009513959922223158,9.330007507126972,19.907499499999997,-10.577491992873025,0.0,10.577491992873025,10.577491992873025
Ref-01B-B-0p10mps,2.543,0.012050000000000005,0.1,0.0,0.14945,0.46269349845201235,0.000950759819709964,9.323768785958718,19.907499499999997,-10.583730714041279,0.0,10.583730714041279,10.583730714041279
Ref-01B-B-0p10mps,2.544,0.012149999999999994,0.1,0.0,0.14935,0.4623839009287926,0.0009501236471976121,9.317530064790462,19.907499499999997,-10.589969435209534,0.0,10.589969435209534,10.589969435209534
Ref-01B-B-0p10mps,2.545,0.012249999999999983,0.1,0.0,0.14925000000000002,0.4620743034055728,0.0009494874746852602,9.311291343622207,19.907499499999997,-10.59620815637779,0.0,10.59620815637779,10.59620815637779
Ref-01B-B-0p10mps,2.5460000000000003,0.012350000000000028,0.1,0.0,0.14914999999999998,0.46176470588235285,0.000948851302172908,9.305052622453948,19.907499499999997,-10.602446877546049,0.0,10.602446877546049,10.602446877546049
Ref-01B-B-0p10mps,2.547,0.012450000000000017,0.1,0.0,0.14905,0.46145510835913306,0.0009482151296605561,9.298813901285692,19.907499499999997,-10.608685598714304,0.0,10.608685598714304,10.608685598714304
Ref-01B-B-0p10mps,2.548,0.012550000000000006,0.1,0.0,0.14895,0.4611455108359133,0.0009475789571482043,9.292575180117437,19.907499499999997,-10.61492431988256,0.0,10.61492431988256,10.61492431988256
Ref-01B-B-0p10mps,2.549,0.012649999999999995,0.1,0.0,0.14885,0.4608359133126935,0.0009469427846358524,9.286336458949181,19.907499499999997,-10.621163041050815,0.0,10.621163041050815,10.621163041050815
Ref-01B-B-0p10mps,2.55,0.012749999999999984,0.1,0.0,0.14875000000000002,0.46052631578947373,0.0009463066121235006,9.280097737780928,19.907499499999997,-10.627401762219069,0.0,10.627401762219069,10.627401762219069
Ref-01B-B-0p10mps,2.551,0.012850000000000028,0.1,0.0,0.14864999999999998,0.46021671826625377,0.0009456704396111483,9.273859016612667,19.907499499999997,-10.63364048338733,0.0,10.63364048338733,10.63364048338733
Ref-01B-B-0p10mps,2.552,0.012950000000000017,0.1,0.0,0.14855,0.459907120743034,0.0009450342670987965,9.267620295444413,19.907499499999997,-10.639879204555584,0.0,10.639879204555584,10.639879204555584
Ref-01B-B-0p10mps,2.553,0.013050000000000006,0.1,0.0,0.14845,0.45959752321981423,0.0009443980945864446,9.261381574276157,19.907499499999997,-10.64611792572384,0.0,10.64611792572384,10.64611792572384
Ref-01B-B-0p10mps,2.554,0.013149999999999995,0.1,0.0,0.14835,0.45928792569659443,0.0009437619220740927,9.255142853107902,19.907499499999997,-10.652356646892095,0.0,10.652356646892095,10.652356646892095
Ref-01B-B-0p10mps,2.5549999999999997,0.013249999999999984,0.1,0.0,0.14825000000000002,0.45897832817337464,0.0009431257495617409,9.248904131939646,19.907499499999997,-10.65859536806035,0.0,10.65859536806035,10.65859536806035
Ref-01B-B-0p10mps,2.5560000000000005,0.013350000000000029,0.1,0.0,0.14814999999999998,0.45866873065015473,0.0009424895770493887,9.242665410771387,19.907499499999997,-10.66483408922861,0.0,10.66483408922861,10.66483408922861
Ref-01B-B-0p10mps,2.5570000000000004,0.013450000000000017,0.1,0.0,0.14805,0.45835913312693494,0.0009418534045370368,9.236426689603132,19.907499499999997,-10.671072810396865,0.0,10.671072810396865,10.671072810396865
Ref-01B-B-0p10mps,2.5580000000000003,0.013550000000000006,0.1,0.0,0.14795,0.45804953560371514,0.0009412172320246849,9.230187968434876,19.907499499999997,-10.67731153156512,0.0,10.67731153156512,10.67731153156512
Ref-01B-B-0p10mps,2.559,0.013649999999999995,0.1,0.0,0.14785,0.45773993808049535,0.0009405810595123331,9.22394924726662,19.907499499999997,-10.683550252733376,0.0,10.683550252733376,10.683550252733376
Ref-01B-B-0p10mps,2.56,0.013749999999999984,0.1,0.0,0.14775000000000002,0.4574303405572756,0.0009399448869999812,9.217710526098365,19.907499499999997,-10.689788973901631,0.0,10.689788973901631,10.689788973901631
Ref-01B-B-0p10mps,2.5610000000000004,0.013850000000000029,0.1,0.0,0.14764999999999998,0.45712074303405564,0.000939308714487629,9.211471804930106,19.907499499999997,-10.69602769506989,0.0,10.69602769506989,10.69602769506989
Ref-01B-B-0p10mps,2.562,0.013949999999999962,0.1,0.0,0.14755000000000004,0.456811145510836,0.0009386725419752775,9.205233083761854,19.907499499999997,-10.702266416238142,0.0,10.702266416238142,10.702266416238142
Ref-01B-B-0p10mps,2.563,0.014050000000000007,0.1,0.0,0.14745,0.45650154798761605,0.0009380363694629253,9.198994362593595,19.907499499999997,-10.708505137406402,0.0,10.708505137406402,10.708505137406402
Ref-01B-B-0p10mps,2.564,0.014149999999999996,0.1,0.0,0.14735,0.4561919504643963,0.0009374001969505734,9.19275564142534,19.907499499999997,-10.714743858574657,0.0,10.714743858574657,10.714743858574657
Ref-01B-B-0p10mps,2.565,0.014249999999999985,0.1,0.0,0.14725000000000002,0.4558823529411765,0.0009367640244382215,9.186516920257084,19.907499499999997,-10.720982579742913,0.0,10.720982579742913,10.720982579742913
Ref-01B-B-0p10mps,2.5660000000000003,0.01435000000000003,0.1,0.0,0.14714999999999998,0.45557275541795655,0.0009361278519258693,9.180278199088825,19.907499499999997,-10.727221300911172,0.0,10.727221300911172,10.727221300911172
Ref-01B-B-0p10mps,2.5669999999999997,0.014449999999999963,0.1,0.0,0.14705000000000004,0.455263157894737,0.0009354916794135178,9.174039477920575,19.907499499999997,-10.733460022079422,0.0,10.733460022079422,10.733460022079422
Ref-01B-B-0p10mps,2.568,0.014550000000000007,0.1,0.0,0.14695,0.454953560371517,0.0009348555069011656,9.167800756752316,19.907499499999997,-10.739698743247681,0.0,10.739698743247681,10.739698743247681
Ref-01B-B-0p10mps,2.569,0.014649999999999996,0.1,0.0,0.14685,0.4546439628482972,0.0009342193343888138,9.16156203558406,19.907499499999997,-10.745937464415936,0.0,10.745937464415936,10.745937464415936
Ref-01B-B-0p10mps,2.57,0.014749999999999985,0.1,0.0,0.14675000000000002,0.4543343653250774,0.0009335831618764619,9.155323314415805,19.907499499999997,-10.752176185584192,0.0,10.752176185584192,10.752176185584192
Ref-01B-B-0p10mps,2.571,0.01485000000000003,0.1,0.0,0.14664999999999997,0.4540247678018575,0.0009329469893641097,9.149084593247546,19.907499499999997,-10.758414906752451,0.0,10.758414906752451,10.758414906752451
Ref-01B-B-0p10mps,2.5719999999999996,0.014949999999999963,0.1,0.0,0.14655000000000004,0.4537151702786379,0.0009323108168517581,9.142845872079294,19.907499499999997,-10.764653627920703,0.0,10.764653627920703,10.764653627920703
Ref-01B-B-0p10mps,2.573,0.015050000000000008,0.1,0.0,0.14645,0.45340557275541793,0.0009316746443394059,9.136607150911034,19.907499499999997,-10.770892349088962,0.0,10.770892349088962,10.770892349088962
Ref-01B-B-0p10mps,2.574,0.015149999999999997,0.1,0.0,0.14635,0.45309597523219813,0.0009310384718270541,9.13036842974278,19.907499499999997,-10.777131070257216,0.0,10.777131070257216,10.777131070257216
Ref-01B-B-0p10mps,2.5749999999999997,0.015249999999999986,0.1,0.0,0.14625000000000002,0.4527863777089784,0.0009304022993147022,9.124129708574525,19.907499499999997,-10.783369791425471,0.0,10.783369791425471,10.783369791425471
Ref-01B-B-0p10mps,2.5760000000000005,0.01535000000000003,0.1,0.0,0.14614999999999997,0.45247678018575843,0.00092976612680235,9.117890987406266,19.907499499999997,-10.78960851259373,0.0,10.78960851259373,10.78960851259373
Ref-01B-B-0p10mps,2.5769999999999995,0.015449999999999964,0.1,0.0,0.14605000000000004,0.4521671826625388,0.0009291299542899985,9.111652266238012,19.907499499999997,-10.795847233761984,0.0,10.795847233761984,10.795847233761984
Ref-01B-B-0p10mps,2.5780000000000003,0.015550000000000008,0.1,0.0,0.14595,0.45185758513931884,0.0009284937817776463,9.105413545069755,19.907499499999997,-10.802085954930241,0.0,10.802085954930241,10.802085954930241
Ref-01B-B-0p10mps,2.579,0.015649999999999997,0.1,0.0,0.14585,0.4515479876160991,0.0009278576092652944,9.0991748239015,19.907499499999997,-10.808324676098497,0.0,10.808324676098497,10.808324676098497
Ref-01B-B-0p10mps,2.58,0.015749999999999986,0.1,0.0,0.14575000000000002,0.4512383900928793,0.0009272214367529425,9.092936102733244,19.907499499999997,-10.814563397266753,0.0,10.814563397266753,10.814563397266753
Ref-01B-B-0p10mps,2.5810000000000004,0.01585000000000003,0.1,0.0,0.14564999999999997,0.45092879256965934,0.0009265852642405903,9.086697381564985,19.907499499999997,-10.820802118435012,0.0,10.820802118435012,10.820802118435012
Ref-01B-B-0p10mps,2.582,0.015949999999999964,0.1,0.0,0.14555000000000004,0.4506191950464397,0.0009259490917282388,9.080458660396733,19.907499499999997,-10.827040839603264,0.0,10.827040839603264,10.827040839603264
Ref-01B-B-0p10mps,2.583,0.01605000000000001,0.1,0.0,0.14545,0.4503095975232198,0.0009253129192158866,9.074219939228474,19.907499499999997,-10.833279560771523,0.0,10.833279560771523,10.833279560771523
Ref-01B-B-0p10mps,2.584,0.016149999999999998,0.1,0.0,0.14535,0.45,0.0009246767467035348,9.067981218060218,19.907499499999997,-10.839518281939778,0.0,10.839518281939778,10.839518281939778
Ref-01B-B-0p10mps,2.585,0.016249999999999987,0.1,0.0,0.14525000000000002,0.4496904024767802,0.0009240405741911829,9.061742496891963,19.907499499999997,-10.845757003108034,0.0,10.845757003108034,10.845757003108034
Ref-01B-B-0p10mps,2.5860000000000003,0.01635000000000003,0.1,0.0,0.14514999999999997,0.44938080495356025,0.0009234044016788307,9.055503775723704,19.907499499999997,-10.851995724276293,0.0,10.851995724276293,10.851995724276293
Ref-01B-B-0p10mps,2.5869999999999997,0.016449999999999965,0.1,0.0,0.14505000000000004,0.4490712074303407,0.0009227682291664791,9.049265054555452,19.907499499999997,-10.858234445444545,0.0,10.858234445444545,10.858234445444545
Ref-01B-B-0p10mps,2.588,0.01655000000000001,0.1,0.0,0.14495,0.4487616099071207,0.0009221320566541269,9.043026333387193,19.907499499999997,-10.864473166612804,0.0,10.864473166612804,10.864473166612804
Ref-01B-B-0p10mps,2.589,0.016649999999999998,0.1,0.0,0.14485,0.4484520123839009,0.000921495884141775,9.036787612218937,19.907499499999997,-10.87071188778106,0.0,10.87071188778106,10.87071188778106
Ref-01B-B-0p10mps,2.59,0.016749999999999987,0.1,0.0,0.14475000000000002,0.4481424148606812,0.0009208597116294232,9.030548891050683,19.907499499999997,-10.876950608949313,0.0,10.876950608949313,10.876950608949313
Ref-01B-B-0p10mps,2.591,0.01685000000000003,0.1,0.0,0.14464999999999997,0.4478328173374612,0.000920223539117071,9.024310169882424,19.907499499999997,-10.883189330117572,0.0,10.883189330117572,10.883189330117572
Ref-01B-B-0p10mps,2.5919999999999996,0.016949999999999965,0.1,0.0,0.14455000000000004,0.4475232198142416,0.0009195873666047195,9.018071448714172,19.907499499999997,-10.889428051285824,0.0,10.889428051285824,10.889428051285824
Ref-01B-B-0p10mps,2.593,0.01705000000000001,0.1,0.0,0.14445,0.44721362229102163,0.0009189511940923673,9.011832727545913,19.907499499999997,-10.895666772454083,0.0,10.895666772454083,10.895666772454083
Ref-01B-B-0p10mps,2.594,0.01715,0.1,0.0,0.14435,0.4469040247678019,0.0009183150215800154,9.005594006377658,19.907499499999997,-10.901905493622339,0.0,10.901905493622339,10.901905493622339
Ref-01B-B-0p10mps,2.5949999999999998,0.017249999999999988,0.1,0.0,0.14425000000000002,0.4465944272445821,0.0009176788490676635,8.999355285209402,19.907499499999997,-10.908144214790594,0.0,10.908144214790594,10.908144214790594
Ref-01B-B-0p10mps,2.5960000000000005,0.017350000000000032,0.1,0.0,0.14414999999999997,0.44628482972136213,0.0009170426765553113,8.993116564041143,19.907499499999997,-10.914382935958853,0.0,10.914382935958853,10.914382935958853
Ref-01B-B-0p10mps,2.5969999999999995,0.017449999999999966,0.1,0.0,0.14405000000000004,0.4459752321981425,0.0009164065040429599,8.986877842872891,19.907499499999997,-10.920621657127105,0.0,10.920621657127105,10.920621657127105
Ref-01B-B-0p10mps,2.5980000000000003,0.01755000000000001,0.1,0.0,0.14395,0.4456656346749226,0.0009157703315306076,8.980639121704634,19.907499499999997,-10.926860378295363,0.0,10.926860378295363,10.926860378295363
Ref-01B-B-0p10mps,2.599,0.01765,0.1,0.0,0.14385,0.4453560371517028,0.0009151341590182558,8.974400400536378,19.907499499999997,-10.933099099463618,0.0,10.933099099463618,10.933099099463618
Ref-01B-B-0p10mps,2.6,0.017749999999999988,0.1,0.0,0.14375000000000002,0.445046439628483,0.0009144979865059039,8.968161679368121,19.907499499999997,-10.939337820631875,0.0,10.939337820631875,10.939337820631875
Ref-01B-B-0p10mps,2.6010000000000004,0.017850000000000033,0.1,0.0,0.14364999999999997,0.44473684210526304,0.0009138618139935517,8.961922958199864,19.907499499999997,-10.945576541800133,0.0,10.945576541800133,10.945576541800133
Ref-01B-B-0p10mps,2.602,0.017949999999999966,0.1,0.0,0.14355000000000004,0.44442724458204347,0.0009132256414812001,8.95568423703161,19.907499499999997,-10.951815262968386,0.0,10.951815262968386,10.951815262968386
Ref-01B-B-0p10mps,2.603,0.01805000000000001,0.1,0.0,0.14345,0.4441176470588235,0.0009125894689688479,8.949445515863353,19.907499499999997,-10.958053984136644,0.0,10.958053984136644,10.958053984136644
Ref-01B-B-0p10mps,2.604,0.01815,0.1,0.0,0.14335,0.4438080495356037,0.000911953296456496,8.943206794695097,19.907499499999997,-10.9642927053049,0.0,10.9642927053049,10.9642927053049
Ref-01B-B-0p10mps,2.605,0.01824999999999999,0.1,0.0,0.14325000000000002,0.4434984520123839,0.0009113171239441443,8.936968073526842,19.907499499999997,-10.970531426473155,0.0,10.970531426473155,10.970531426473155
Ref-01B-B-0p10mps,2.6060000000000003,0.018350000000000033,0.1,0.0,0.14314999999999997,0.443188854489164,0.0009106809514317919,8.930729352358583,19.907499499999997,-10.976770147641414,0.0,10.976770147641414,10.976770147641414
Ref-01B-B-0p10mps,2.6069999999999998,0.018449999999999966,0.1,0.0,0.14305000000000004,0.4428792569659444,0.0009100447789194405,8.92449063119033,19.907499499999997,-10.983008868809666,0.0,10.983008868809666,10.983008868809666
Ref-01B-B-0p10mps,2.608,0.01855000000000001,0.1,0.0,0.14295,0.4425696594427244,0.0009094086064070883,8.918251910022072,19.907499499999997,-10.989247589977925,0.0,10.989247589977925,10.989247589977925
Ref-01B-B-0p10mps,2.609,0.01865,0.1,0.0,0.14285,0.4422600619195046,0.0009087724338947364,8.912013188853816,19.907499499999997,-10.99548631114618,0.0,10.99548631114618,10.99548631114618
Ref-01B-B-0p10mps,2.61,0.01874999999999999,0.1,0.0,0.14275000000000002,0.4419504643962849,0.0009081362613823845,8.90577446768556,19.907499499999997,-11.001725032314436,0.0,11.001725032314436,11.001725032314436
Ref-01B-B-0p10mps,2.611,0.018850000000000033,0.1,0.0,0.14264999999999997,0.4416408668730649,0.0009075000888700323,8.899535746517302,19.907499499999997,-11.007963753482695,0.0,11.007963753482695,11.007963753482695
Ref-01B-B-0p10mps,2.6119999999999997,0.018949999999999967,0.1,0.0,0.14255000000000004,0.4413312693498453,0.0009068639163576808,8.89329702534905,19.907499499999997,-11.014202474650947,0.0,11.014202474650947,11.014202474650947
Ref-01B-B-0p10mps,2.613,0.01905000000000001,0.1,0.0,0.14245,0.4410216718266253,0.0009062277438453285,8.88705830418079,19.907499499999997,-11.020441195819206,0.0,11.020441195819206,11.020441195819206
Ref-01B-B-0p10mps,2.614,0.01915,0.1,0.0,0.14235,0.4407120743034056,0.0009055915713329768,8.880819583012537,19.907499499999997,-11.02667991698746,0.0,11.02667991698746,11.02667991698746
Ref-01B-B-0p10mps,2.6149999999999998,0.01924999999999999,0.1,0.0,0.14225000000000002,0.4404024767801858,0.0009049553988206249,8.874580861844281,19.907499499999997,-11.032918638155715,0.0,11.032918638155715,11.032918638155715
Ref-01B-B-0p10mps,2.6160000000000005,0.019350000000000034,0.1,0.0,0.14214999999999997,0.44009287925696583,0.0009043192263082727,8.868342140676022,19.907499499999997,-11.039157359323974,0.0,11.039157359323974,11.039157359323974
Ref-01B-B-0p10mps,2.6169999999999995,0.019449999999999967,0.1,0.0,0.14205000000000004,0.43978328173374626,0.0009036830537959211,8.86210341950777,19.907499499999997,-11.045396080492226,0.0,11.045396080492226,11.045396080492226
Ref-01B-B-0p10mps,2.6180000000000003,0.019550000000000012,0.1,0.0,0.14195,0.4394736842105263,0.0009030468812835689,8.855864698339511,19.907499499999997,-11.051634801660486,0.0,11.051634801660486,11.051634801660486
Ref-01B-B-0p10mps,2.619,0.01965,0.1,0.0,0.14185,0.4391640866873065,0.000902410708771217,8.849625977171256,19.907499499999997,-11.057873522828741,0.0,11.057873522828741,11.057873522828741
Ref-01B-B-0p10mps,2.62,0.01974999999999999,0.1,0.0,0.14175000000000001,0.4388544891640867,0.0009017745362588652,8.843387256003,19.907499499999997,-11.064112243996997,0.0,11.064112243996997,11.064112243996997
Ref-01B-B-0p10mps,2.6210000000000004,0.019850000000000034,0.1,0.0,0.14164999999999997,0.4385448916408668,0.000901138363746513,8.837148534834741,19.907499499999997,-11.070350965165256,0.0,11.070350965165256,11.070350965165256
Ref-01B-B-0p10mps,2.622,0.019949999999999968,0.1,0.0,0.14155000000000004,0.43823529411764717,0.0009005021912341615,8.830909813666489,19.907499499999997,-11.076589686333508,0.0,11.076589686333508,11.076589686333508
Ref-01B-B-0p10mps,2.623,0.020050000000000012,0.1,0.0,0.14145,0.4379256965944272,0.0008998660187218093,8.82467109249823,19.907499499999997,-11.082828407501767,0.0,11.082828407501767,11.082828407501767
Ref-01B-B-0p10mps,2.624,0.02015,0.1,0.0,0.14135,0.4376160990712074,0.0008992298462094574,8.818432371329974,19.907499499999997,-11.089067128670022,0.0,11.089067128670022,11.089067128670022
Ref-01B-B-0p10mps,2.625,0.02024999999999999,0.1,0.0,0.14125000000000001,0.43730650154798767,0.0008985936736971055,8.812193650161719,19.907499499999997,-11.095305849838278,0.0,11.095305849838278,11.095305849838278
Ref-01B-B-0p10mps,2.6260000000000003,0.020350000000000035,0.1,0.0,0.14114999999999997,0.4369969040247677,0.0008979575011847533,8.805954928993462,19.907499499999997,-11.101544571006535,0.0,11.101544571006535,11.101544571006535
Ref-01B-B-0p10mps,2.627,0.020449999999999968,0.1,0.0,0.14105000000000004,0.4366873065015481,0.0008973213286724018,8.799716207825208,19.907499499999997,-11.107783292174789,0.0,11.107783292174789,11.107783292174789
Ref-01B-B-0p10mps,2.628,0.020550000000000013,0.1,0.0,0.14095,0.4363777089783281,0.0008966851561600496,8.79347748665695,19.907499499999997,-11.114022013343046,0.0,11.114022013343046,11.114022013343046
Ref-01B-B-0p10mps,2.629,0.02065,0.1,0.0,0.14085,0.4360681114551084,0.0008960489836476977,8.787238765488693,19.907499499999997,-11.120260734511303,0.0,11.120260734511303,11.120260734511303
Ref-01B-B-0p10mps,2.63,0.02074999999999999,0.1,0.0,0.14075000000000001,0.4357585139318886,0.0008954128111353459,8.78100004432044,19.907499499999997,-11.126499455679557,0.0,11.126499455679557,11.126499455679557
Ref-01B-B-0p10mps,2.631,0.02084999999999998,0.1,0.0,0.14065000000000003,0.4354489164086688,0.000894776638622994,8.774761323152184,19.907499499999997,-11.132738176847813,0.0,11.132738176847813,11.132738176847813
Ref-01B-B-0p10mps,2.6319999999999997,0.02094999999999997,0.1,0.0,0.14055000000000004,0.435139318885449,0.0008941404661106421,8.768522601983928,19.907499499999997,-11.138976898016068,0.0,11.138976898016068,11.138976898016068
Ref-01B-B-0p10mps,2.633,0.021050000000000013,0.1,0.0,0.14045,0.4348297213622291,0.0008935042935982899,8.76228388081567,19.907499499999997,-11.145215619184327,0.0,11.145215619184327,11.145215619184327
Ref-01B-B-0p10mps,2.634,0.021150000000000002,0.1,0.0,0.14035,0.4345201238390093,0.000892868121085938,8.756045159647414,19.907499499999997,-11.151454340352583,0.0,11.151454340352583,11.151454340352583
Ref-01B-B-0p10mps,2.635,0.02124999999999999,0.1,0.0,0.14025,0.4342105263157895,0.0008922319485735862,8.749806438479158,19.907499499999997,-11.157693061520838,0.0,11.157693061520838,11.157693061520838
Ref-01B-B-0p10mps,2.6359999999999997,0.02134999999999998,0.1,0.0,0.14015000000000002,0.4339009287925697,0.0008915957760612343,8.743567717310903,19.907499499999997,-11.163931782689094,0.0,11.163931782689094,11.163931782689094
Ref-01B-B-0p10mps,2.6369999999999996,0.02144999999999997,0.1,0.0,0.14005000000000004,0.43359133126934996,0.0008909596035488825,8.737328996142649,19.907499499999997,-11.170170503857348,0.0,11.170170503857348,11.170170503857348
Ref-01B-B-0p10mps,2.6380000000000003,0.021550000000000014,0.1,0.0,0.13995,0.43328173374613,0.0008903234310365303,8.73109027497439,19.907499499999997,-11.176409225025607,0.0,11.176409225025607,11.176409225025607
Ref-01B-B-0p10mps,2.6390000000000002,0.021650000000000003,0.1,0.0,0.13985,0.4329721362229102,0.0008896872585241784,8.724851553806134,19.907499499999997,-11.182647946193862,0.0,11.182647946193862,11.182647946193862
Ref-01B-B-0p10mps,2.64,0.02174999999999999,0.1,0.0,0.13975,0.43266253869969046,0.0008890510860118265,8.718612832637879,19.907499499999997,-11.188886667362118,0.0,11.188886667362118,11.188886667362118
Ref-01B-B-0p10mps,2.641,0.02184999999999998,0.1,0.0,0.13965000000000002,0.43235294117647066,0.0008884149134994747,8.712374111469623,19.907499499999997,-11.195125388530373,0.0,11.195125388530373,11.195125388530373
Ref-01B-B-0p10mps,2.642,0.02194999999999997,0.1,0.0,0.13955000000000004,0.43204334365325087,0.0008877787409871228,8.706135390301368,19.907499499999997,-11.201364109698629,0.0,11.201364109698629,11.201364109698629
Ref-01B-B-0p10mps,2.6430000000000002,0.022050000000000014,0.1,0.0,0.13945,0.4317337461300309,0.0008871425684747706,8.699896669133109,19.907499499999997,-11.207602830866888,0.0,11.207602830866888,11.207602830866888
Ref-01B-B-0p10mps,2.644,0.022150000000000003,0.1,0.0,0.13935,0.43142414860681116,0.0008865063959624187,8.693657947964853,19.907499499999997,-11.213841552035143,0.0,11.213841552035143,11.213841552035143
Ref-01B-B-0p10mps,2.645,0.022249999999999992,0.1,0.0,0.13925,0.43111455108359137,0.0008858702234500669,8.687419226796598,19.907499499999997,-11.220080273203399,0.0,11.220080273203399,11.220080273203399
Ref-01B-B-0p10mps,2.646,0.02234999999999998,0.1,0.0,0.13915000000000002,0.4308049535603716,0.000885234050937715,8.681180505628342,19.907499499999997,-11.226318994371654,0.0,11.226318994371654,11.226318994371654
Ref-01B-B-0p10mps,2.647,0.02244999999999997,0.1,0.0,0.13905000000000003,0.4304953560371518,0.0008845978784253631,8.674941784460087,19.907499499999997,-11.23255771553991,0.0,11.23255771553991,11.23255771553991
Ref-01B-B-0p10mps,2.648,0.022550000000000014,0.1,0.0,0.13895,0.43018575851393187,0.0008839617059130109,8.668703063291828,19.907499499999997,-11.238796436708169,0.0,11.238796436708169,11.238796436708169
Ref-01B-B-0p10mps,2.649,0.022650000000000003,0.1,0.0,0.13885,0.4298761609907121,0.000883325533400659,8.662464342123572,19.907499499999997,-11.245035157876424,0.0,11.245035157876424,11.245035157876424
Ref-01B-B-0p10mps,2.65,0.022749999999999992,0.1,0.0,0.13875,0.4295665634674923,0.0008826893608883072,8.656225620955317,19.907499499999997,-11.25127387904468,0.0,11.25127387904468,11.25127387904468
Ref-01B-B-0p10mps,2.651,0.02284999999999998,0.1,0.0,0.13865000000000002,0.4292569659442725,0.0008820531883759553,8.649986899787061,19.907499499999997,-11.257512600212936,0.0,11.257512600212936,11.257512600212936
Ref-01B-B-0p10mps,2.6519999999999997,0.02294999999999997,0.1,0.0,0.13855000000000003,0.42894736842105274,0.0008814170158636035,8.643748178618807,19.907499499999997,-11.26375132138119,0.0,11.26375132138119,11.26375132138119
Ref-01B-B-0p10mps,2.653,0.023050000000000015,0.1,0.0,0.13845,0.4286377708978328,0.0008807808433512512,8.637509457450546,19.907499499999997,-11.26999004254945,0.0,11.26999004254945,11.26999004254945
Ref-01B-B-0p10mps,2.654,0.023150000000000004,0.1,0.0,0.13835,0.428328173374613,0.0008801446708388994,8.631270736282293,19.907499499999997,-11.276228763717704,0.0,11.276228763717704,11.276228763717704
Ref-01B-B-0p10mps,2.655,0.023249999999999993,0.1,0.0,0.13825,0.4280185758513932,0.0008795084983265475,8.625032015114037,19.907499499999997,-11.28246748488596,0.0,11.28246748488596,11.28246748488596
Ref-01B-B-0p10mps,2.6559999999999997,0.023349999999999982,0.1,0.0,0.13815000000000002,0.42770897832817345,0.0008788723258141957,8.618793293945782,19.907499499999997,-11.288706206054215,0.0,11.288706206054215,11.288706206054215
Ref-01B-B-0p10mps,2.6569999999999996,0.02344999999999997,0.1,0.0,0.13805000000000003,0.42739938080495365,0.0008782361533018438,8.612554572777526,19.907499499999997,-11.29494492722247,0.0,11.29494492722247,11.29494492722247
Ref-01B-B-0p10mps,2.6580000000000004,0.023550000000000015,0.1,0.0,0.13795,0.4270897832817337,0.0008775999807894916,8.606315851609267,19.907499499999997,-11.30118364839073,0.0,11.30118364839073,11.30118364839073
Ref-01B-B-0p10mps,2.6590000000000003,0.023650000000000004,0.1,0.0,0.13785,0.4267801857585139,0.0008769638082771397,8.600077130441012,19.907499499999997,-11.307422369558985,0.0,11.307422369558985,11.307422369558985
Ref-01B-B-0p10mps,2.66,0.023749999999999993,0.1,0.0,0.13775,0.42647058823529416,0.0008763276357647878,8.593838409272756,19.907499499999997,-11.31366109072724,0.0,11.31366109072724,11.31366109072724
Ref-01B-B-0p10mps,2.661,0.023849999999999982,0.1,0.0,0.13765000000000002,0.42616099071207436,0.000875691463252436,8.587599688104502,19.907499499999997,-11.319899811895494,0.0,11.319899811895494,11.319899811895494
Ref-01B-B-0p10mps,2.662,0.02394999999999997,0.1,0.0,0.13755000000000003,0.42585139318885457,0.0008750552907400842,8.581360966936247,19.907499499999997,-11.32613853306375,0.0,11.32613853306375,11.32613853306375
Ref-01B-B-0p10mps,2.6630000000000003,0.024050000000000016,0.1,0.0,0.13745,0.4255417956656346,0.0008744191182277319,8.575122245767988,19.907499499999997,-11.332377254232009,0.0,11.332377254232009,11.332377254232009
Ref-01B-B-0p10mps,2.664,0.024150000000000005,0.1,0.0,0.13735,0.42523219814241486,0.0008737829457153801,8.568883524599732,19.907499499999997,-11.338615975400264,0.0,11.338615975400264,11.338615975400264
Ref-01B-B-0p10mps,2.665,0.024249999999999994,0.1,0.0,0.13725,0.42492260061919507,0.0008731467732030282,8.562644803431477,19.907499499999997,-11.34485469656852,0.0,11.34485469656852,11.34485469656852
Ref-01B-B-0p10mps,2.666,0.024349999999999983,0.1,0.0,0.13715000000000002,0.42461300309597527,0.0008725106006906763,8.556406082263221,19.907499499999997,-11.351093417736775,0.0,11.351093417736775,11.351093417736775
Ref-01B-B-0p10mps,2.667,0.024449999999999972,0.1,0.0,0.13705000000000003,0.42430340557275553,0.0008718744281783244,8.550167361094966,19.907499499999997,-11.357332138905031,0.0,11.357332138905031,11.357332138905031
Ref-01B-B-0p10mps,2.668,0.024550000000000016,0.1,0.0,0.13695,0.42399380804953557,0.0008712382556659722,8.543928639926706,19.907499499999997,-11.36357086007329,0.0,11.36357086007329,11.36357086007329
Ref-01B-B-0p10mps,2.669,0.024650000000000005,0.1,0.0,0.13685,0.4236842105263158,0.0008706020831536204,8.537689918758451,19.907499499999997,-11.369809581241546,0.0,11.369809581241546,11.369809581241546
Ref-01B-B-0p10mps,2.67,0.024749999999999994,0.1,0.0,0.13675,0.423374613003096,0.0008699659106412686,8.531451197590195,19.907499499999997,-11.376048302409801,0.0,11.376048302409801,11.376048302409801
Ref-01B-B-0p10mps,2.671,0.024849999999999983,0.1,0.0,0.13665000000000002,0.42306501547987624,0.0008693297381289167,8.52521247642194,19.907499499999997,-11.382287023578057,0.0,11.382287023578057,11.382287023578057
Ref-01B-B-0p10mps,2.6719999999999997,0.024949999999999972,0.1,0.0,0.13655000000000003,0.42275541795665644,0.0008686935656165648,8.518973755253684,19.907499499999997,-11.388525744746312,0.0,11.388525744746312,11.388525744746312
Ref-01B-B-0p10mps,2.673,0.025050000000000017,0.1,0.0,0.13645,0.4224458204334365,0.0008680573931042126,8.512735034085425,19.907499499999997,-11.394764465914571,0.0,11.394764465914571,11.394764465914571
Ref-01B-B-0p10mps,2.674,0.025150000000000006,0.1,0.0,0.13635,0.4221362229102167,0.0008674212205918607,8.50649631291717,19.907499499999997,-11.401003187082827,0.0,11.401003187082827,11.401003187082827
Ref-01B-B-0p10mps,2.675,0.025249999999999995,0.1,0.0,0.13625,0.42182662538699695,0.0008667850480795088,8.500257591748914,19.907499499999997,-11.407241908251082,0.0,11.407241908251082,11.407241908251082
Ref-01B-B-0p10mps,2.6759999999999997,0.025349999999999984,0.1,0.0,0.13615000000000002,0.42151702786377715,0.000866148875567157,8.49401887058066,19.907499499999997,-11.413480629419336,0.0,11.413480629419336,11.413480629419336
Ref-01B-B-0p10mps,2.6769999999999996,0.025449999999999973,0.1,0.0,0.13605000000000003,0.42120743034055735,0.0008655127030548052,8.487780149412405,19.907499499999997,-11.419719350587592,0.0,11.419719350587592,11.419719350587592
Ref-01B-B-0p10mps,2.6780000000000004,0.025550000000000017,0.1,0.0,0.13595,0.4208978328173374,0.000864876530542453,8.481541428244146,19.907499499999997,-11.42595807175585,0.0,11.42595807175585,11.42595807175585
Ref-01B-B-0p10mps,2.6790000000000003,0.025650000000000006,0.1,0.0,0.13585,0.42058823529411765,0.0008642403580301011,8.47530270707589,19.907499499999997,-11.432196792924106,0.0,11.432196792924106,11.432196792924106
Ref-01B-B-0p10mps,2.68,0.025749999999999995,0.1,0.0,0.13575,0.42027863777089786,0.0008636041855177492,8.469063985907635,19.907499499999997,-11.438435514092362,0.0,11.438435514092362,11.438435514092362
Ref-01B-B-0p10mps,2.681,0.025849999999999984,0.1,0.0,0.13565000000000002,0.41996904024767806,0.0008629680130053973,8.46282526473938,19.907499499999997,-11.444674235260617,0.0,11.444674235260617,11.444674235260617
Ref-01B-B-0p10mps,2.682,0.025949999999999973,0.1,0.0,0.13555000000000003,0.41965944272445826,0.0008623318404930454,8.456586543571124,19.907499499999997,-11.450912956428873,0.0,11.450912956428873,11.450912956428873
Ref-01B-B-0p10mps,2.6830000000000003,0.026050000000000018,0.1,0.0,0.13545,0.41934984520123836,0.0008616956679806932,8.450347822402865,19.907499499999997,-11.457151677597132,0.0,11.457151677597132,11.457151677597132
Ref-01B-B-0p10mps,2.684,0.026150000000000007,0.1,0.0,0.13535,0.41904024767801856,0.0008610594954683413,8.44410910123461,19.907499499999997,-11.463390398765387,0.0,11.463390398765387,11.463390398765387
Ref-01B-B-0p10mps,2.685,0.026249999999999996,0.1,0.0,0.13525,0.41873065015479877,0.0008604233229559896,8.437870380066355,19.907499499999997,-11.469629119933641,0.0,11.469629119933641,11.469629119933641
Ref-01B-B-0p10mps,2.686,0.026349999999999985,0.1,0.0,0.13515000000000002,0.41842105263157897,0.0008597871504436377,8.4316316588981,19.907499499999997,-11.475867841101897,0.0,11.475867841101897,11.475867841101897
Ref-01B-B-0p10mps,2.687,0.026449999999999974,0.1,0.0,0.13505000000000003,0.41811145510835923,0.0008591509779312858,8.425392937729843,19.907499499999997,-11.482106562270154,0.0,11.482106562270154,11.482106562270154
Ref-01B-B-0p10mps,2.688,0.026550000000000018,0.1,0.0,0.13495,0.41780185758513927,0.0008585148054189336,8.419154216561585,19.907499499999997,-11.488345283438411,0.0,11.488345283438411,11.488345283438411
Ref-01B-B-0p10mps,2.689,0.026650000000000007,0.1,0.0,0.13485,0.4174922600619195,0.0008578786329065817,8.41291549539333,19.907499499999997,-11.494584004606667,0.0,11.494584004606667,11.494584004606667
Ref-01B-B-0p10mps,2.69,0.026749999999999996,0.1,0.0,0.13475,0.4171826625386997,0.0008572424603942298,8.406676774225074,19.907499499999997,-11.500822725774922,0.0,11.500822725774922,11.500822725774922
Ref-01B-B-0p10mps,2.691,0.026849999999999985,0.1,0.0,0.13465000000000002,0.41687306501547994,0.0008566062878818779,8.400438053056819,19.907499499999997,-11.507061446943178,0.0,11.507061446943178,11.507061446943178
Ref-01B-B-0p10mps,2.6919999999999997,0.026949999999999974,0.1,0.0,0.13455000000000003,0.41656346749226014,0.0008559701153695262,8.394199331888563,19.907499499999997,-11.513300168111433,0.0,11.513300168111433,11.513300168111433
Ref-01B-B-0p10mps,2.693,0.02705000000000002,0.1,0.0,0.13445,0.4162538699690402,0.0008553339428571739,8.387960610720304,19.907499499999997,-11.519538889279692,0.0,11.519538889279692,11.519538889279692
Ref-01B-B-0p10mps,2.694,0.027150000000000007,0.1,0.0,0.13435,0.41594427244582044,0.0008546977703448221,8.381721889552049,19.907499499999997,-11.525777610447948,0.0,11.525777610447948,11.525777610447948
Ref-01B-B-0p10mps,2.695,0.027249999999999996,0.1,0.0,0.13425,0.41563467492260064,0.0008540615978324702,8.375483168383793,19.907499499999997,-11.532016331616203,0.0,11.532016331616203,11.532016331616203
Ref-01B-B-0p10mps,2.6959999999999997,0.027349999999999985,0.1,0.0,0.13415000000000002,0.41532507739938085,0.0008534254253201183,8.369244447215538,19.907499499999997,-11.538255052784459,0.0,11.538255052784459,11.538255052784459
Ref-01B-B-0p10mps,2.6969999999999996,0.027449999999999974,0.1,0.0,0.13405000000000003,0.41501547987616105,0.0008527892528077664,8.363005726047282,19.907499499999997,-11.544493773952714,0.0,11.544493773952714,11.544493773952714
Ref-01B-B-0p10mps,2.6980000000000004,0.02755000000000002,0.1,0.0,0.13394999999999999,0.41470588235294115,0.0008521530802954142,8.356767004879023,19.907499499999997,-11.550732495120974,0.0,11.550732495120974,11.550732495120974
Ref-01B-B-0p10mps,2.6990000000000003,0.027650000000000008,0.1,0.0,0.13385,0.41439628482972135,0.0008515169077830623,8.350528283710767,19.907499499999997,-11.556971216289229,0.0,11.556971216289229,11.556971216289229
Ref-01B-B-0p10mps,2.7,0.027749999999999997,0.1,0.0,0.13375,0.41408668730650156,0.0008508807352707105,8.344289562542512,19.907499499999997,-11.563209937457485,0.0,11.563209937457485,11.563209937457485
Ref-01B-B-0p10mps,2.701,0.027849999999999986,0.1,0.0,0.13365000000000002,0.41377708978328176,0.0008502445627583587,8.338050841374258,19.907499499999997,-11.569448658625738,0.0,11.569448658625738,11.569448658625738
Ref-01B-B-0p10mps,2.702,0.027949999999999975,0.1,0.0,0.13355000000000003,0.413467492260062,0.0008496083902460068,8.331812120206003,19.907499499999997,-11.575687379793994,0.0,11.575687379793994,11.575687379793994
Ref-01B-B-0p10mps,2.7030000000000003,0.02805000000000002,0.1,0.0,0.13344999999999999,0.41315789473684206,0.0008489722177336546,8.325573399037744,19.907499499999997,-11.581926100962253,0.0,11.581926100962253,11.581926100962253
Ref-01B-B-0p10mps,2.704,0.02815000000000001,0.1,0.0,0.13335,0.41284829721362226,0.0008483360452213027,8.319334677869488,19.907499499999997,-11.588164822130508,0.0,11.588164822130508,11.588164822130508
Ref-01B-B-0p10mps,2.705,0.028249999999999997,0.1,0.0,0.13325,0.41253869969040247,0.0008476998727089508,8.313095956701233,19.907499499999997,-11.594403543298764,0.0,11.594403543298764,11.594403543298764
Ref-01B-B-0p10mps,2.706,0.028349999999999986,0.1,0.0,0.13315000000000002,0.4122291021671827,0.000847063700196599,8.306857235532977,19.907499499999997,-11.60064226446702,0.0,11.60064226446702,11.60064226446702
Ref-01B-B-0p10mps,2.707,0.028449999999999975,0.1,0.0,0.13305000000000003,0.41191950464396293,0.0008464275276842471,8.300618514364722,19.907499499999997,-11.606880985635275,0.0,11.606880985635275,11.606880985635275
Ref-01B-B-0p10mps,2.708,0.02855000000000002,0.1,0.0,0.13294999999999998,0.41160990712074297,0.0008457913551718949,8.294379793196462,19.907499499999997,-11.613119706803534,0.0,11.613119706803534,11.613119706803534
Ref-01B-B-0p10mps,2.709,0.02865000000000001,0.1,0.0,0.13285,0.4113003095975232,0.0008451551826595431,8.288141072028209,19.907499499999997,-11.619358427971788,0.0,11.619358427971788,11.619358427971788
Ref-01B-B-0p10mps,2.71,0.028749999999999998,0.1,0.0,0.13275,0.41099071207430343,0.0008445190101471912,8.281902350859951,19.907499499999997,-11.625597149140045,0.0,11.625597149140045,11.625597149140045
Ref-01B-B-0p10mps,2.711,0.028849999999999987,0.1,0.0,0.13265000000000002,0.41068111455108364,0.0008438828376348393,8.275663629691696,19.907499499999997,-11.6318358703083,0.0,11.6318358703083,11.6318358703083
Ref-01B-B-0p10mps,2.7119999999999997,0.028949999999999976,0.1,0.0,0.13255000000000003,0.41037151702786384,0.0008432466651224874,8.26942490852344,19.907499499999997,-11.638074591476556,0.0,11.638074591476556,11.638074591476556
Ref-01B-B-0p10mps,2.713,0.02905000000000002,0.1,0.0,0.13244999999999998,0.4100619195046439,0.0008426104926101352,8.263186187355183,19.907499499999997,-11.644313312644814,0.0,11.644313312644814,11.644313312644814
Ref-01B-B-0p10mps,2.714,0.02915000000000001,0.1,0.0,0.13235,0.40975232198142414,0.0008419743200977833,8.256947466186928,19.907499499999997,-11.650552033813069,0.0,11.650552033813069,11.650552033813069
Ref-01B-B-0p10mps,2.715,0.029249999999999998,0.1,0.0,0.13225,0.40944272445820434,0.0008413381475854315,8.250708745018672,19.907499499999997,-11.656790754981325,0.0,11.656790754981325,11.656790754981325
Ref-01B-B-0p10mps,2.7159999999999997,0.029349999999999987,0.1,0.0,0.13215000000000002,0.40913312693498455,0.0008407019750730797,8.244470023850416,19.907499499999997,-11.66302947614958,0.0,11.66302947614958,11.66302947614958
Ref-01B-B-0p10mps,2.7169999999999996,0.029449999999999976,0.1,0.0,0.13205000000000003,0.4088235294117648,0.0008400658025607278,8.238231302682161,19.907499499999997,-11.669268197317836,0.0,11.669268197317836,11.669268197317836
Ref-01B-B-0p10mps,2.7180000000000004,0.02955000000000002,0.1,0.0,0.13194999999999998,0.40851393188854485,0.0008394296300483756,8.231992581513902,19.907499499999997,-11.675506918486095,0.0,11.675506918486095,11.675506918486095
Ref-01B-B-0p10mps,2.7190000000000003,0.02965000000000001,0.1,0.0,0.13185,0.40820433436532505,0.0008387934575360237,8.225753860345646,19.907499499999997,-11.68174563965435,0.0,11.68174563965435,11.68174563965435
Ref-01B-B-0p10mps,2.72,0.02975,0.1,0.0,0.13175,0.40789473684210525,0.0008381572850236718,8.21951513917739,19.907499499999997,-11.687984360822606,0.0,11.687984360822606,11.687984360822606
Ref-01B-B-0p10mps,2.721,0.029849999999999988,0.1,0.0,0.13165000000000002,0.4075851393188855,0.00083752111251132,8.213276418009135,19.907499499999997,-11.694223081990861,0.0,11.694223081990861,11.694223081990861
Ref-01B-B-0p10mps,2.722,0.029949999999999977,0.1,0.0,0.13155000000000003,0.4072755417956657,0.0008368849399989681,8.20703769684088,19.907499499999997,-11.700461803159117,0.0,11.700461803159117,11.700461803159117
Ref-01B-B-0p10mps,2.7230000000000003,0.03005000000000002,0.1,0.0,0.13144999999999998,0.40696594427244576,0.0008362487674866159,8.20079897567262,19.907499499999997,-11.706700524327376,0.0,11.706700524327376,11.706700524327376
Ref-01B-B-0p10mps,2.724,0.03015000000000001,0.1,0.0,0.13135,0.40665634674922596,0.000835612594974264,8.194560254504365,19.907499499999997,-11.712939245495631,0.0,11.712939245495631,11.712939245495631
Ref-01B-B-0p10mps,2.725,0.03025,0.1,0.0,0.13125,0.4063467492260062,0.0008349764224619122,8.188321533336111,19.907499499999997,-11.719177966663885,0.0,11.719177966663885,11.719177966663885
Ref-01B-B-0p10mps,2.726,0.030349999999999988,0.1,0.0,0.13115000000000002,0.4060371517027864,0.0008343402499495603,8.182082812167856,19.907499499999997,-11.72541668783214,0.0,11.72541668783214,11.72541668783214
Ref-01B-B-0p10mps,2.727,0.030449999999999977,0.1,0.0,0.13105000000000003,0.40572755417956663,0.0008337040774372084,8.1758440909996,19.907499499999997,-11.731655409000396,0.0,11.731655409000396,11.731655409000396
Ref-01B-B-0p10mps,2.728,0.03055000000000002,0.1,0.0,0.13094999999999998,0.40541795665634667,0.0008330679049248562,8.169605369831341,19.907499499999997,-11.737894130168655,0.0,11.737894130168655,11.737894130168655
Ref-01B-B-0p10mps,2.729,0.03065000000000001,0.1,0.0,0.13085,0.4051083591331269,0.0008324317324125044,8.163366648663086,19.907499499999997,-11.74413285133691,0.0,11.74413285133691,11.74413285133691
Ref-01B-B-0p10mps,2.73,0.03075,0.1,0.0,0.13075,0.40479876160990713,0.0008317955599001525,8.15712792749483,19.907499499999997,-11.750371572505166,0.0,11.750371572505166,11.750371572505166
Ref-01B-B-0p10mps,2.731,0.03084999999999999,0.1,0.0,0.13065000000000002,0.40448916408668734,0.0008311593873878006,8.150889206326575,19.907499499999997,-11.756610293673422,0.0,11.756610293673422,11.756610293673422
Ref-01B-B-0p10mps,2.7319999999999998,0.030949999999999978,0.1,0.0,0.13055000000000003,0.40417956656346754,0.0008305232148754488,8.14465048515832,19.907499499999997,-11.762849014841677,0.0,11.762849014841677,11.762849014841677
Ref-01B-B-0p10mps,2.733,0.031050000000000022,0.1,0.0,0.13044999999999998,0.40386996904024763,0.0008298870423630966,8.138411763990062,19.907499499999997,-11.769087736009935,0.0,11.769087736009935,11.769087736009935
Ref-01B-B-0p10mps,2.734,0.03115000000000001,0.1,0.0,0.13035,0.40356037151702784,0.0008292508698507447,8.132173042821805,19.907499499999997,-11.775326457178192,0.0,11.775326457178192,11.775326457178192
Ref-01B-B-0p10mps,2.735,0.03125,0.1,0.0,0.13025,0.40325077399380804,0.0008286146973383928,8.12593432165355,19.907499499999997,-11.781565178346447,0.0,11.781565178346447,11.781565178346447
Ref-01B-B-0p10mps,2.7359999999999998,0.03134999999999999,0.1,0.0,0.13015000000000002,0.40294117647058825,0.000827978524826041,8.119695600485294,19.907499499999997,-11.787803899514703,0.0,11.787803899514703,11.787803899514703
Ref-01B-B-0p10mps,2.7369999999999997,0.03144999999999998,0.1,0.0,0.13005000000000003,0.4026315789473685,0.0008273423523136891,8.113456879317038,19.907499499999997,-11.794042620682958,0.0,11.794042620682958,11.794042620682958
Ref-01B-B-0p10mps,2.7380000000000004,0.03155000000000002,0.1,0.0,0.12994999999999998,0.40232198142414854,0.0008267061798013369,8.10721815814878,19.907499499999997,-11.800281341851216,0.0,11.800281341851216,11.800281341851216
Ref-01B-B-0p10mps,2.7390000000000003,0.03165000000000001,0.1,0.0,0.12985,0.40201238390092875,0.000826070007288985,8.100979436980525,19.907499499999997,-11.806520063019471,0.0,11.806520063019471,11.806520063019471
Ref-01B-B-0p10mps,2.74,0.03175,0.1,0.0,0.12975,0.40170278637770895,0.0008254338347766332,8.09474071581227,19.907499499999997,-11.812758784187727,0.0,11.812758784187727,11.812758784187727
Ref-01B-B-0p10mps,2.741,0.03184999999999999,0.1,0.0,0.12965000000000002,0.4013931888544892,0.0008247976622642813,8.088501994644014,19.907499499999997,-11.818997505355982,0.0,11.818997505355982,11.818997505355982
Ref-01B-B-0p10mps,2.742,0.03194999999999998,0.1,0.0,0.12955000000000003,0.4010835913312694,0.0008241614897519295,8.082263273475759,19.907499499999997,-11.825236226524238,0.0,11.825236226524238,11.825236226524238
Ref-01B-B-0p10mps,2.7430000000000003,0.03205000000000002,0.1,0.0,0.12944999999999998,0.40077399380804946,0.0008235253172395772,8.0760245523075,19.907499499999997,-11.831474947692497,0.0,11.831474947692497,11.831474947692497
Ref-01B-B-0p10mps,2.744,0.03215000000000001,0.1,0.0,0.12935,0.40046439628482966,0.0008228891447272254,8.069785831139244,19.907499499999997,-11.837713668860752,0.0,11.837713668860752,11.837713668860752
Ref-01B-B-0p10mps,2.745,0.03225,0.1,0.0,0.12925,0.4001547987616099,0.0008222529722148735,8.063547109970989,19.907499499999997,-11.843952390029008,0.0,11.843952390029008,11.843952390029008
Ref-01B-B-0p10mps,2.746,0.03234999999999999,0.1,0.0,0.12915000000000001,0.3998452012383901,0.0008216167997025216,8.057308388802733,19.907499499999997,-11.850191111197264,0.0,11.850191111197264,11.850191111197264
Ref-01B-B-0p10mps,2.747,0.03244999999999998,0.1,0.0,0.12905000000000003,0.39953560371517033,0.0008209806271901698,8.05106966763448,19.907499499999997,-11.856429832365517,0.0,11.856429832365517,11.856429832365517
Ref-01B-B-0p10mps,2.748,0.03255000000000002,0.1,0.0,0.12894999999999998,0.3992260061919504,0.0008203444546778175,8.044830946466218,19.907499499999997,-11.862668553533778,0.0,11.862668553533778,11.862668553533778
Ref-01B-B-0p10mps,2.749,0.03265000000000001,0.1,0.0,0.12885,0.3989164086687306,0.0008197082821654657,8.038592225297965,19.907499499999997,-11.868907274702032,0.0,11.868907274702032,11.868907274702032
Ref-01B-B-0p10mps,2.75,0.03275,0.1,0.0,0.12875,0.39860681114551083,0.0008190721096531139,8.03235350412971,19.907499499999997,-11.875145995870287,0.0,11.875145995870287,11.875145995870287
Ref-01B-B-0p10mps,2.751,0.03284999999999999,0.1,0.0,0.12865000000000001,0.39829721362229104,0.000818435937140762,8.026114782961454,19.907499499999997,-11.881384717038543,0.0,11.881384717038543,11.881384717038543
Ref-01B-B-0p10mps,2.752,0.03294999999999998,0.1,0.0,0.12855000000000003,0.3979876160990713,0.0008177997646284101,8.019876061793198,19.907499499999997,-11.887623438206798,0.0,11.887623438206798,11.887623438206798
Ref-01B-B-0p10mps,2.753,0.033050000000000024,0.1,0.0,0.12844999999999998,0.39767801857585133,0.0008171635921160579,8.013637340624939,19.907499499999997,-11.893862159375058,0.0,11.893862159375058,11.893862159375058
Ref-01B-B-0p10mps,2.754,0.03315000000000001,0.1,0.0,0.12835,0.39736842105263154,0.000816527419603706,8.007398619456684,19.907499499999997,-11.900100880543313,0.0,11.900100880543313,11.900100880543313
Ref-01B-B-0p10mps,2.755,0.03325,0.1,0.0,0.12825,0.39705882352941174,0.0008158912470913541,8.001159898288428,19.907499499999997,-11.906339601711569,0.0,11.906339601711569,11.906339601711569
Ref-01B-B-0p10mps,2.756,0.03334999999999999,0.1,0.0,0.12815000000000001,0.396749226006192,0.0008152550745790023,7.994921177120173,19.907499499999997,-11.912578322879824,0.0,11.912578322879824,11.912578322879824
Ref-01B-B-0p10mps,2.7569999999999997,0.03344999999999998,0.1,0.0,0.12805000000000002,0.3964396284829722,0.0008146189020666505,7.988682455951918,19.907499499999997,-11.91881704404808,0.0,11.91881704404808,11.91881704404808
Ref-01B-B-0p10mps,2.7579999999999996,0.03354999999999997,0.1,0.0,0.12795000000000004,0.3961300309597524,0.0008139827295542986,7.982443734783661,19.907499499999997,-11.925055765216335,0.0,11.925055765216335,11.925055765216335
Ref-01B-B-0p10mps,2.7590000000000003,0.03365000000000001,0.1,0.0,0.12785,0.39582043343653245,0.0008133465570419464,7.976205013615403,19.907499499999997,-11.931294486384594,0.0,11.931294486384594,11.931294486384594
Ref-01B-B-0p10mps,2.7600000000000002,0.03375,0.1,0.0,0.12775,0.3955108359133127,0.0008127103845295945,7.969966292447148,19.907499499999997,-11.93753320755285,0.0,11.93753320755285,11.93753320755285
Ref-01B-B-0p10mps,2.761,0.03384999999999999,0.1,0.0,0.12765,0.3952012383900929,0.0008120742120172426,7.963727571278892,19.907499499999997,-11.943771928721105,0.0,11.943771928721105,11.943771928721105
Ref-01B-B-0p10mps,2.762,0.03394999999999998,0.1,0.0,0.12755000000000002,0.3948916408668731,0.0008114380395048907,7.957488850110637,19.907499499999997,-11.95001064988936,0.0,11.95001064988936,11.95001064988936
Ref-01B-B-0p10mps,2.763,0.03404999999999997,0.1,0.0,0.12745000000000004,0.3945820433436534,0.000810801866992539,7.951250128942382,19.907499499999997,-11.956249371057615,0.0,11.956249371057615,11.956249371057615
Ref-01B-B-0p10mps,2.7640000000000002,0.034150000000000014,0.1,0.0,0.12735,0.3942724458204334,0.0008101656944801866,7.945011407774122,19.907499499999997,-11.962488092225875,0.0,11.962488092225875,11.962488092225875
Ref-01B-B-0p10mps,2.765,0.03425,0.1,0.0,0.12725,0.3939628482972136,0.0008095295219678349,7.938772686605867,19.907499499999997,-11.96872681339413,0.0,11.96872681339413,11.96872681339413
Ref-01B-B-0p10mps,2.766,0.03434999999999999,0.1,0.0,0.12715,0.3936532507739938,0.000808893349455483,7.932533965437612,19.907499499999997,-11.974965534562385,0.0,11.974965534562385,11.974965534562385
Ref-01B-B-0p10mps,2.767,0.03444999999999998,0.1,0.0,0.12705000000000002,0.3933436532507741,0.0008082571769431311,7.926295244269356,19.907499499999997,-11.98120425573064,0.0,11.98120425573064,11.98120425573064
Ref-01B-B-0p10mps,2.768,0.03454999999999997,0.1,0.0,0.12695000000000004,0.3930340557275543,0.0008076210044307792,7.920056523101101,19.907499499999997,-11.987442976898896,0.0,11.987442976898896,11.987442976898896
Ref-01B-B-0p10mps,2.769,0.034650000000000014,0.1,0.0,0.12685,0.3927244582043343,0.000806984831918427,7.913817801932842,19.907499499999997,-11.993681698067155,0.0,11.993681698067155,11.993681698067155
Ref-01B-B-0p10mps,2.77,0.03475,0.1,0.0,0.12675,0.39241486068111453,0.0008063486594060751,7.907579080764586,19.907499499999997,-11.99992041923541,0.0,11.99992041923541,11.99992041923541
Ref-01B-B-0p10mps,2.771,0.03484999999999999,0.1,0.0,0.12665,0.3921052631578948,0.0008057124868937232,7.901340359596331,19.907499499999997,-12.006159140403666,0.0,12.006159140403666,12.006159140403666
Ref-01B-B-0p10mps,2.772,0.03494999999999998,0.1,0.0,0.12655000000000002,0.391795665634675,0.0008050763143813715,7.895101638428076,19.907499499999997,-12.01239786157192,0.0,12.01239786157192,12.01239786157192
Ref-01B-B-0p10mps,2.7729999999999997,0.03504999999999997,0.1,0.0,0.12645000000000003,0.3914860681114552,0.0008044401418690196,7.888862917259821,19.907499499999997,-12.018636582740175,0.0,12.018636582740175,12.018636582740175
Ref-01B-B-0p10mps,2.774,0.035150000000000015,0.1,0.0,0.12635,0.39117647058823524,0.0008038039693566674,7.8826241960915615,19.907499499999997,-12.024875303908434,0.0,12.024875303908434,12.024875303908434
Ref-01B-B-0p10mps,2.775,0.035250000000000004,0.1,0.0,0.12625,0.3908668730650155,0.0008031677968443155,7.876385474923306,19.907499499999997,-12.03111402507669,0.0,12.03111402507669,12.03111402507669
Ref-01B-B-0p10mps,2.776,0.03534999999999999,0.1,0.0,0.12615,0.3905572755417957,0.0008025316243319636,7.8701467537550505,19.907499499999997,-12.037352746244945,0.0,12.037352746244945,12.037352746244945
Ref-01B-B-0p10mps,2.7769999999999997,0.03544999999999998,0.1,0.0,0.12605000000000002,0.3902476780185759,0.0008018954518196117,7.863908032586795,19.907499499999997,-12.0435914674132,0.0,12.0435914674132,12.0435914674132
Ref-01B-B-0p10mps,2.7779999999999996,0.03554999999999997,0.1,0.0,0.12595000000000003,0.3899380804953561,0.0008012592793072598,7.857669311418539,19.907499499999997,-12.049830188581456,0.0,12.049830188581456,12.049830188581456
Ref-01B-B-0p10mps,2.7790000000000004,0.035650000000000015,0.1,0.0,0.12585,0.3896284829721362,0.0008006231067949076,7.85143059025028,19.907499499999997,-12.056068909749715,0.0,12.056068909749715,12.056068909749715
Ref-01B-B-0p10mps,2.7800000000000002,0.035750000000000004,0.1,0.0,0.12575,0.3893188854489164,0.0007999869342825559,7.845191869082027,19.907499499999997,-12.06230763091797,0.0,12.06230763091797,12.06230763091797
Ref-01B-B-0p10mps,2.781,0.03584999999999999,0.1,0.0,0.12565,0.3890092879256966,0.000799350761770204,7.838953147913771,19.907499499999997,-12.068546352086226,0.0,12.068546352086226,12.068546352086226
Ref-01B-B-0p10mps,2.782,0.03594999999999998,0.1,0.0,0.12555000000000002,0.3886996904024768,0.0007987145892578521,7.832714426745515,19.907499499999997,-12.074785073254482,0.0,12.074785073254482,12.074785073254482
Ref-01B-B-0p10mps,2.783,0.03604999999999997,0.1,0.0,0.12545000000000003,0.3883900928792571,0.0007980784167455002,7.826475705577259,19.907499499999997,-12.081023794422737,0.0,12.081023794422737,12.081023794422737
Ref-01B-B-0p10mps,2.7840000000000003,0.036150000000000015,0.1,0.0,0.12535,0.3880804953560371,0.000797442244233148,7.820236984409001,19.907499499999997,-12.087262515590997,0.0,12.087262515590997,12.087262515590997
Ref-01B-B-0p10mps,2.785,0.036250000000000004,0.1,0.0,0.12525,0.3877708978328173,0.0007968060717207961,7.813998263240745,19.907499499999997,-12.093501236759252,0.0,12.093501236759252,12.093501236759252
Ref-01B-B-0p10mps,2.786,0.03634999999999999,0.1,0.0,0.12515,0.3874613003095975,0.0007961698992084443,7.80775954207249,19.907499499999997,-12.099739957927508,0.0,12.099739957927508,12.099739957927508
Ref-01B-B-0p10mps,2.787,0.03644999999999998,0.1,0.0,0.12505000000000002,0.3871517027863778,0.0007955337266960925,7.801520820904235,19.907499499999997,-12.105978679095761,0.0,12.105978679095761,12.105978679095761
Ref-01B-B-0p10mps,2.788,0.03654999999999997,0.1,0.0,0.12495000000000003,0.386842105263158,0.0007948975541837406,7.79528209973598,19.907499499999997,-12.112217400264017,0.0,12.112217400264017,12.112217400264017
Ref-01B-B-0p10mps,2.789,0.036650000000000016,0.1,0.0,0.12484999999999999,0.386532507739938,0.0007942613816713884,7.789043378567721,19.907499499999997,-12.118456121432276,0.0,12.118456121432276,12.118456121432276
Ref-01B-B-0p10mps,2.79,0.036750000000000005,0.1,0.0,0.12475,0.38622291021671823,0.0007936252091590365,7.782804657399465,19.907499499999997,-12.124694842600531,0.0,12.124694842600531,12.124694842600531
Ref-01B-B-0p10mps,2.791,0.036849999999999994,0.1,0.0,0.12465000000000001,0.3859133126934985,0.0007929890366466846,7.77656593623121,19.907499499999997,-12.130933563768787,0.0,12.130933563768787,12.130933563768787
Ref-01B-B-0p10mps,2.792,0.03694999999999998,0.1,0.0,0.12455000000000002,0.3856037151702787,0.0007923528641343327,7.770327215062954,19.907499499999997,-12.137172284937042,0.0,12.137172284937042,12.137172284937042
Ref-01B-B-0p10mps,2.7929999999999997,0.03704999999999997,0.1,0.0,0.12445000000000003,0.3852941176470589,0.0007917166916219809,7.764088493894699,19.907499499999997,-12.143411006105298,0.0,12.143411006105298,12.143411006105298
Ref-01B-B-0p10mps,2.794,0.037150000000000016,0.1,0.0,0.12434999999999999,0.38498452012383894,0.0007910805191096287,7.7578497727264395,19.907499499999997,-12.149649727273557,0.0,12.149649727273557,12.149649727273557
Ref-01B-B-0p10mps,2.795,0.037250000000000005,0.1,0.0,0.12425,0.3846749226006192,0.0007904443465972768,7.751611051558184,19.907499499999997,-12.155888448441813,0.0,12.155888448441813,12.155888448441813
Ref-01B-B-0p10mps,2.796,0.037349999999999994,0.1,0.0,0.12415000000000001,0.3843653250773994,0.000789808174084925,7.745372330389929,19.907499499999997,-12.162127169610066,0.0,12.162127169610066,12.162127169610066
Ref-01B-B-0p10mps,2.7969999999999997,0.03744999999999998,0.1,0.0,0.12405000000000002,0.3840557275541796,0.0007891720015725731,7.739133609221674,19.907499499999997,-12.168365890778322,0.0,12.168365890778322,12.168365890778322
Ref-01B-B-0p10mps,2.7979999999999996,0.03754999999999997,0.1,0.0,0.12395000000000003,0.38374613003095986,0.0007885358290602212,7.732894888053418,19.907499499999997,-12.174604611946577,0.0,12.174604611946577,12.174604611946577
Ref-01B-B-0p10mps,2.7990000000000004,0.03765000000000002,0.1,0.0,0.12384999999999999,0.3834365325077399,0.000787899656547869,7.726656166885159,19.907499499999997,-12.180843333114836,0.0,12.180843333114836,12.180843333114836
Ref-01B-B-0p10mps,2.8000000000000003,0.037750000000000006,0.1,0.0,0.12375,0.3831269349845201,0.0007872634840355171,7.720417445716904,19.907499499999997,-12.187082054283092,0.0,12.187082054283092,12.187082054283092
Ref-01B-B-0p10mps,2.801,0.037849999999999995,0.1,0.0,0.12365000000000001,0.3828173374613003,0.0007866273115231653,7.714178724548648,19.907499499999997,-12.193320775451348,0.0,12.193320775451348,12.193320775451348
Ref-01B-B-0p10mps,2.802,0.037949999999999984,0.1,0.0,0.12355000000000002,0.38250773993808057,0.0007859911390108134,7.707940003380393,19.907499499999997,-12.199559496619603,0.0,12.199559496619603,12.199559496619603
Ref-01B-B-0p10mps,2.803,0.03804999999999997,0.1,0.0,0.12345000000000003,0.3821981424148608,0.0007853549664984616,7.701701282212138,19.907499499999997,-12.205798217787859,0.0,12.205798217787859,12.205798217787859
Ref-01B-B-0p10mps,2.8040000000000003,0.03815000000000002,0.1,0.0,0.12334999999999999,0.3818885448916408,0.0007847187939861094,7.69546256104388,19.907499499999997,-12.212036938956118,0.0,12.212036938956118,12.212036938956118
Ref-01B-B-0p10mps,2.805,0.038250000000000006,0.1,0.0,0.12325,0.381578947368421,0.0007840826214737575,7.689223839875623,19.907499499999997,-12.218275660124373,0.0,12.218275660124373,12.218275660124373
Ref-01B-B-0p10mps,2.806,0.038349999999999995,0.1,0.0,0.12315000000000001,0.3812693498452013,0.0007834464489614056,7.682985118707368,19.907499499999997,-12.224514381292629,0.0,12.224514381292629,12.224514381292629
Ref-01B-B-0p10mps,2.807,0.038449999999999984,0.1,0.0,0.12305000000000002,0.3809597523219815,0.0007828102764490537,7.676746397539112,19.907499499999997,-12.230753102460884,0.0,12.230753102460884,12.230753102460884
Ref-01B-B-0p10mps,2.808,0.03854999999999997,0.1,0.0,0.12295000000000003,0.3806501547987617,0.0007821741039367019,7.670507676370857,19.907499499999997,-12.23699182362914,0.0,12.23699182362914,12.23699182362914
Ref-01B-B-0p10mps,2.809,0.03865000000000002,0.1,0.0,0.12284999999999999,0.3803405572755417,0.0007815379314243497,7.664268955202599,19.907499499999997,-12.243230544797399,0.0,12.243230544797399,12.243230544797399
Ref-01B-B-0p10mps,2.81,0.03875000000000001,0.1,0.0,0.12275,0.380030959752322,0.0007809017589119978,7.658030234034343,19.907499499999997,-12.249469265965654,0.0,12.249469265965654,12.249469265965654
Ref-01B-B-0p10mps,2.811,0.038849999999999996,0.1,0.0,0.12265000000000001,0.3797213622291022,0.000780265586399646,7.6517915128660885,19.907499499999997,-12.255707987133908,0.0,12.255707987133908,12.255707987133908
Ref-01B-B-0p10mps,2.812,0.038949999999999985,0.1,0.0,0.12255000000000002,0.3794117647058824,0.0007796294138872941,7.645552791697833,19.907499499999997,-12.261946708302164,0.0,12.261946708302164,12.261946708302164
Ref-01B-B-0p10mps,2.8129999999999997,0.039049999999999974,0.1,0.0,0.12245000000000003,0.3791021671826626,0.0007789932413749422,7.6393140705295774,19.907499499999997,-12.26818542947042,0.0,12.26818542947042,12.26818542947042
Ref-01B-B-0p10mps,2.814,0.03915000000000002,0.1,0.0,0.12234999999999999,0.3787925696594427,0.00077835706886259,7.633075349361318,19.907499499999997,-12.274424150638678,0.0,12.274424150638678,12.274424150638678
Ref-01B-B-0p10mps,2.815,0.03925000000000001,0.1,0.0,0.12225,0.3784829721362229,0.0007777208963502381,7.626836628193063,19.907499499999997,-12.280662871806934,0.0,12.280662871806934,12.280662871806934
Ref-01B-B-0p10mps,2.816,0.039349999999999996,0.1,0.0,0.12215000000000001,0.3781733746130031,0.0007770847238378863,7.620597907024807,19.907499499999997,-12.28690159297519,0.0,12.28690159297519,12.28690159297519
Ref-01B-B-0p10mps,2.8169999999999997,0.039449999999999985,0.1,0.0,0.12205000000000002,0.37786377708978336,0.0007764485513255344,7.614359185856552,19.907499499999997,-12.293140314143445,0.0,12.293140314143445,12.293140314143445
Ref-01B-B-0p10mps,2.8179999999999996,0.039549999999999974,0.1,0.0,0.12195000000000003,0.37755417956656356,0.0007758123788131825,7.608120464688296,19.907499499999997,-12.2993790353117,0.0,12.2993790353117,12.2993790353117
Ref-01B-B-0p10mps,2.8190000000000004,0.03965000000000002,0.1,0.0,0.12184999999999999,0.3772445820433436,0.0007751762063008303,7.601881743520037,19.907499499999997,-12.30561775647996,0.0,12.30561775647996,12.30561775647996
Ref-01B-B-0p10mps,2.8200000000000003,0.03975000000000001,0.1,0.0,0.12175,0.3769349845201238,0.0007745400337884785,7.595643022351783,19.907499499999997,-12.311856477648213,0.0,12.311856477648213,12.311856477648213
Ref-01B-B-0p10mps,2.821,0.03985,0.1,0.0,0.12165000000000001,0.37662538699690407,0.0007739038612761266,7.589404301183527,19.907499499999997,-12.318095198816469,0.0,12.318095198816469,12.318095198816469
Ref-01B-B-0p10mps,2.822,0.039949999999999986,0.1,0.0,0.12155000000000002,0.37631578947368427,0.0007732676887637748,7.5831655800152715,19.907499499999997,-12.324333919984724,0.0,12.324333919984724,12.324333919984724
Ref-01B-B-0p10mps,2.823,0.040049999999999975,0.1,0.0,0.12145000000000003,0.3760061919504645,0.0007726315162514229,7.576926858847016,19.907499499999997,-12.33057264115298,0.0,12.33057264115298,12.33057264115298
Ref-01B-B-0p10mps,2.8240000000000003,0.04015000000000002,0.1,0.0,0.12134999999999999,0.3756965944272445,0.0007719953437390707,7.570688137678757,19.907499499999997,-12.336811362321239,0.0,12.336811362321239,12.336811362321239
Ref-01B-B-0p10mps,2.825,0.04025000000000001,0.1,0.0,0.12125,0.3753869969040248,0.0007713591712267188,7.564449416510501,19.907499499999997,-12.343050083489494,0.0,12.343050083489494,12.343050083489494
Ref-01B-B-0p10mps,2.826,0.04035,0.1,0.0,0.12115000000000001,0.375077399380805,0.0007707229987143669,7.558210695342246,19.907499499999997,-12.34928880465775,0.0,12.34928880465775,12.34928880465775
Ref-01B-B-0p10mps,2.827,0.040449999999999986,0.1,0.0,0.12105000000000002,0.3747678018575852,0.0007700868262020151,7.551971974173991,19.907499499999997,-12.355527525826005,0.0,12.355527525826005,12.355527525826005
Ref-01B-B-0p10mps,2.828,0.040549999999999975,0.1,0.0,0.12095000000000003,0.3744582043343654,0.0007694506536896632,7.545733253005736,19.907499499999997,-12.36176624699426,0.0,12.36176624699426,12.36176624699426
Ref-01B-B-0p10mps,2.829,0.04065000000000002,0.1,0.0,0.12084999999999999,0.3741486068111455,0.000768814481177311,7.539494531837477,19.907499499999997,-12.36800496816252,0.0,12.36800496816252,12.36800496816252
Ref-01B-B-0p10mps,2.83,0.04075000000000001,0.1,0.0,0.12075,0.3738390092879257,0.0007681783086649592,7.533255810669221,19.907499499999997,-12.374243689330775,0.0,12.374243689330775,12.374243689330775
Ref-01B-B-0p10mps,2.831,0.04085,0.1,0.0,0.12065000000000001,0.3735294117647059,0.0007675421361526073,7.527017089500966,19.907499499999997,-12.380482410499031,0.0,12.380482410499031,12.380482410499031
Ref-01B-B-0p10mps,2.832,0.040949999999999986,0.1,0.0,0.12055000000000002,0.3732198142414861,0.0007669059636402554,7.52077836833271,19.907499499999997,-12.386721131667286,0.0,12.386721131667286,12.386721131667286
Ref-01B-B-0p10mps,2.8329999999999997,0.041049999999999975,0.1,0.0,0.12045000000000003,0.37291021671826635,0.0007662697911279035,7.5145396471644545,19.907499499999997,-12.392959852835542,0.0,12.392959852835542,12.392959852835542
Ref-01B-B-0p10mps,2.834,0.04115000000000002,0.1,0.0,0.12034999999999998,0.3726006191950464,0.0007656336186155513,7.5083009259961955,19.907499499999997,-12.399198574003801,0.0,12.399198574003801,12.399198574003801
Ref-01B-B-0p10mps,2.835,0.04125000000000001,0.1,0.0,0.12025,0.3722910216718266,0.0007649974461031994,7.50206220482794,19.907499499999997,-12.405437295172057,0.0,12.405437295172057,12.405437295172057
Ref-01B-B-0p10mps,2.836,0.04135,0.1,0.0,0.12015,0.3719814241486068,0.0007643612735908476,7.495823483659686,19.907499499999997,-12.41167601634031,0.0,12.41167601634031,12.41167601634031
Ref-01B-B-0p10mps,2.8369999999999997,0.04144999999999999,0.1,0.0,0.12005000000000002,0.37167182662538706,0.0007637251010784958,7.48958476249143,19.907499499999997,-12.417914737508568,0.0,12.417914737508568,12.417914737508568
Ref-01B-B-0p10mps,2.8379999999999996,0.041549999999999976,0.1,0.0,0.11995000000000003,0.37136222910216726,0.0007630889285661439,7.483346041323174,19.907499499999997,-12.424153458676823,0.0,12.424153458676823,12.424153458676823
Ref-01B-B-0p10mps,2.8390000000000004,0.04165000000000002,0.1,0.0,0.11984999999999998,0.3710526315789473,0.0007624527560537917,7.477107320154916,19.907499499999997,-12.43039217984508,0.0,12.43039217984508,12.43039217984508
Ref-01B-B-0p10mps,2.8400000000000003,0.04175000000000001,0.1,0.0,0.11975,0.3707430340557275,0.0007618165835414398,7.470868598986661,19.907499499999997,-12.436630901013336,0.0,12.436630901013336,12.436630901013336
Ref-01B-B-0p10mps,2.841,0.04185,0.1,0.0,0.11965,0.37043343653250776,0.0007611804110290879,7.464629877818405,19.907499499999997,-12.442869622181592,0.0,12.442869622181592,12.442869622181592
Ref-01B-B-0p10mps,2.842,0.04194999999999999,0.1,0.0,0.11955000000000002,0.37012383900928797,0.000760544238516736,7.4583911566501495,19.907499499999997,-12.449108343349847,0.0,12.449108343349847,12.449108343349847
Ref-01B-B-0p10mps,2.843,0.042049999999999976,0.1,0.0,0.11945000000000003,0.3698142414860682,0.0007599080660043843,7.452152435481895,19.907499499999997,-12.4553470645181,0.0,12.4553470645181,12.4553470645181
Ref-01B-B-0p10mps,2.8440000000000003,0.04215000000000002,0.1,0.0,0.11934999999999998,0.3695046439628482,0.000759271893492032,7.445913714313636,19.907499499999997,-12.46158578568636,0.0,12.46158578568636,12.46158578568636
Ref-01B-B-0p10mps,2.845,0.04225000000000001,0.1,0.0,0.11925,0.36919504643962847,0.0007586357209796802,7.43967499314538,19.907499499999997,-12.467824506854615,0.0,12.467824506854615,12.467824506854615
Ref-01B-B-0p10mps,2.846,0.04235,0.1,0.0,0.11915,0.3688854489164087,0.0007579995484673283,7.433436271977125,19.907499499999997,-12.474063228022871,0.0,12.474063228022871,12.474063228022871
Ref-01B-B-0p10mps,2.847,0.04244999999999999,0.1,0.0,0.11905000000000002,0.3685758513931889,0.0007573633759549764,7.427197550808869,19.907499499999997,-12.480301949191126,0.0,12.480301949191126,12.480301949191126
Ref-01B-B-0p10mps,2.848,0.04254999999999998,0.1,0.0,0.11895000000000003,0.36826625386996914,0.0007567272034426245,7.420958829640614,19.907499499999997,-12.486540670359382,0.0,12.486540670359382,12.486540670359382
Ref-01B-B-0p10mps,2.849,0.04265000000000002,0.1,0.0,0.11884999999999998,0.3679566563467492,0.0007560910309302723,7.414720108472355,19.907499499999997,-12.492779391527641,0.0,12.492779391527641,12.492779391527641
Ref-01B-B-0p10mps,2.85,0.04275000000000001,0.1,0.0,0.11875,0.3676470588235294,0.0007554548584179204,7.408481387304099,19.907499499999997,-12.499018112695897,0.0,12.499018112695897,12.499018112695897
Ref-01B-B-0p10mps,2.851,0.04285,0.1,0.0,0.11865,0.3673374613003096,0.0007548186859055687,7.4022426661358445,19.907499499999997,-12.505256833864152,0.0,12.505256833864152,12.505256833864152
Ref-01B-B-0p10mps,2.852,0.04294999999999999,0.1,0.0,0.11855000000000002,0.36702786377708985,0.0007541825133932168,7.396003944967589,19.907499499999997,-12.511495555032408,0.0,12.511495555032408,12.511495555032408
Ref-01B-B-0p10mps,2.8529999999999998,0.04304999999999998,0.1,0.0,0.11845000000000003,0.36671826625387005,0.0007535463408808649,7.389765223799333,19.907499499999997,-12.517734276200663,0.0,12.517734276200663,12.517734276200663
Ref-01B-B-0p10mps,2.854,0.04315000000000002,0.1,0.0,0.11834999999999998,0.3664086687306501,0.0007529101683685127,7.383526502631074,19.907499499999997,-12.523972997368922,0.0,12.523972997368922,12.523972997368922
Ref-01B-B-0p10mps,2.855,0.04325000000000001,0.1,0.0,0.11825,0.3660990712074303,0.0007522739958561608,7.377287781462819,19.907499499999997,-12.530211718537178,0.0,12.530211718537178,12.530211718537178
Ref-01B-B-0p10mps,2.856,0.04335,0.1,0.0,0.11815,0.36578947368421055,0.0007516378233438089,7.371049060294563,19.907499499999997,-12.536450439705433,0.0,12.536450439705433,12.536450439705433
Ref-01B-B-0p10mps,2.8569999999999998,0.04344999999999999,0.1,0.0,0.11805000000000002,0.36547987616099076,0.000751001650831457,7.364810339126308,19.907499499999997,-12.542689160873689,0.0,12.542689160873689,12.542689160873689
Ref-01B-B-0p10mps,2.8579999999999997,0.04354999999999998,0.1,0.0,0.11795000000000003,0.36517027863777096,0.0007503654783191053,7.358571617958053,19.907499499999997,-12.548927882041944,0.0,12.548927882041944,12.548927882041944
Ref-01B-B-0p10mps,2.8590000000000004,0.04365000000000002,0.1,0.0,0.11784999999999998,0.364860681114551,0.0007497293058067529,7.352332896789793,19.907499499999997,-12.555166603210203,0.0,12.555166603210203,12.555166603210203
Ref-01B-B-0p10mps,2.8600000000000003,0.04375000000000001,0.1,0.0,0.11775,0.36455108359133126,0.0007490931332944012,7.3460941756215385,19.907499499999997,-12.561405324378459,0.0,12.561405324378459,12.561405324378459
Ref-01B-B-0p10mps,2.861,0.04385,0.1,0.0,0.11765,0.36424148606811146,0.0007484569607820493,7.339855454453283,19.907499499999997,-12.567644045546714,0.0,12.567644045546714,12.567644045546714
Ref-01B-B-0p10mps,2.862,0.04394999999999999,0.1,0.0,0.11755000000000002,0.36393188854489167,0.0007478207882696974,7.3336167332850275,19.907499499999997,-12.57388276671497,0.0,12.57388276671497,12.57388276671497
Ref-01B-B-0p10mps,2.863,0.04404999999999998,0.1,0.0,0.11745000000000003,0.3636222910216719,0.0007471846157573455,7.327378012116772,19.907499499999997,-12.580121487883225,0.0,12.580121487883225,12.580121487883225
Ref-01B-B-0p10mps,2.8640000000000003,0.04415000000000002,0.1,0.0,0.11734999999999998,0.36331269349845197,0.0007465484432449933,7.321139290948514,19.907499499999997,-12.586360209051483,0.0,12.586360209051483,12.586360209051483
Ref-01B-B-0p10mps,2.865,0.04425000000000001,0.1,0.0,0.11725,0.36300309597523217,0.0007459122707326414,7.314900569780258,19.907499499999997,-12.592598930219738,0.0,12.592598930219738,12.592598930219738
Ref-01B-B-0p10mps,2.866,0.04435,0.1,0.0,0.11715,0.3626934984520124,0.0007452760982202896,7.308661848612002,19.907499499999997,-12.598837651387996,0.0,12.598837651387996,12.598837651387996
Ref-01B-B-0p10mps,2.867,0.04444999999999999,0.1,0.0,0.11705000000000002,0.3623839009287926,0.0007446399257079378,7.302423127443748,19.907499499999997,-12.605076372556248,0.0,12.605076372556248,12.605076372556248
Ref-01B-B-0p10mps,2.868,0.04454999999999998,0.1,0.0,0.11695000000000003,0.36207430340557284,0.0007440037531955859,7.296184406275493,19.907499499999997,-12.611315093724503,0.0,12.611315093724503,12.611315093724503
Ref-01B-B-0p10mps,2.869,0.04465000000000002,0.1,0.0,0.11684999999999998,0.3617647058823529,0.0007433675806832337,7.2899456851072335,19.907499499999997,-12.617553814892762,0.0,12.617553814892762,12.617553814892762
Ref-01B-B-0p10mps,2.87,0.04475000000000001,0.1,0.0,0.11674999999999999,0.3614551083591331,0.0007427314081708818,7.283706963938978,19.907499499999997,-12.623792536061018,0.0,12.623792536061018,12.623792536061018
Ref-01B-B-0p10mps,2.871,0.04485,0.1,0.0,0.11665,0.3611455108359133,0.0007420952356585299,7.2774682427707225,19.907499499999997,-12.630031257229273,0.0,12.630031257229273,12.630031257229273
Ref-01B-B-0p10mps,2.872,0.04494999999999999,0.1,0.0,0.11655000000000001,0.36083591331269355,0.000741459063146178,7.271229521602467,19.907499499999997,-12.636269978397529,0.0,12.636269978397529,12.636269978397529
Ref-01B-B-0p10mps,2.8729999999999998,0.04504999999999998,0.1,0.0,0.11645000000000003,0.36052631578947375,0.0007408228906338262,7.264990800434211,19.907499499999997,-12.642508699565784,0.0,12.642508699565784,12.642508699565784
Ref-01B-B-0p10mps,2.874,0.04515000000000002,0.1,0.0,0.11634999999999998,0.3602167182662538,0.000740186718121474,7.258752079265952,19.907499499999997,-12.648747420734043,0.0,12.648747420734043,12.648747420734043
Ref-01B-B-0p10mps,2.875,0.04525000000000001,0.1,0.0,0.11624999999999999,0.35990712074303405,0.0007395505456091222,7.252513358097698,19.907499499999997,-12.654986141902299,0.0,12.654986141902299,12.654986141902299
Ref-01B-B-0p10mps,2.876,0.04535,0.1,0.0,0.11615,0.35959752321981425,0.0007389143730967703,7.246274636929442,19.907499499999997,-12.661224863070554,0.0,12.661224863070554,12.661224863070554
Ref-01B-B-0p10mps,2.877,0.04544999999999999,0.1,0.0,0.11605000000000001,0.35928792569659446,0.0007382782005844184,7.240035915761187,19.907499499999997,-12.66746358423881,0.0,12.66746358423881,12.66746358423881
Ref-01B-B-0p10mps,2.8779999999999997,0.04554999999999998,0.1,0.0,0.11595000000000003,0.35897832817337466,0.0007376420280720665,7.233797194592931,19.907499499999997,-12.673702305407065,0.0,12.673702305407065,12.673702305407065
Ref-01B-B-0p10mps,2.8790000000000004,0.045650000000000024,0.1,0.0,0.11584999999999998,0.35866873065015475,0.0007370058555597143,7.227558473424672,19.907499499999997,-12.679941026575325,0.0,12.679941026575325,12.679941026575325
Ref-01B-B-0p10mps,2.8800000000000003,0.04575000000000001,0.1,0.0,0.11574999999999999,0.35835913312693496,0.0007363696830473624,7.2213197522564165,19.907499499999997,-12.68617974774358,0.0,12.68617974774358,12.68617974774358
Ref-01B-B-0p10mps,2.8810000000000002,0.04585,0.1,0.0,0.11565,0.35804953560371516,0.0007357335105350106,7.215081031088161,19.907499499999997,-12.692418468911836,0.0,12.692418468911836,12.692418468911836
Ref-01B-B-0p10mps,2.882,0.04594999999999999,0.1,0.0,0.11555000000000001,0.35773993808049537,0.0007350973380226588,7.208842309919906,19.907499499999997,-12.698657190080091,0.0,12.698657190080091,12.698657190080091
Ref-01B-B-0p10mps,2.883,0.04604999999999998,0.1,0.0,0.11545000000000002,0.3574303405572756,0.0007344611655103069,7.202603588751651,19.907499499999997,-12.704895911248347,0.0,12.704895911248347,12.704895911248347
Ref-01B-B-0p10mps,2.8840000000000003,0.046150000000000024,0.1,0.0,0.11534999999999998,0.35712074303405567,0.0007338249929979547,7.196364867583392,19.907499499999997,-12.711134632416606,0.0,12.711134632416606,12.711134632416606
Ref-01B-B-0p10mps,2.885,0.04624999999999996,0.1,0.0,0.11525000000000005,0.35681114551083604,0.0007331888204856031,7.19012614641514,19.907499499999997,-12.717373353584858,0.0,12.717373353584858,12.717373353584858
Ref-01B-B-0p10mps,2.886,0.04635,0.1,0.0,0.11515,0.3565015479876161,0.0007325526479732509,7.183887425246881,19.907499499999997,-12.723612074753117,0.0,12.723612074753117,12.723612074753117
Ref-01B-B-0p10mps,2.887,0.04644999999999999,0.1,0.0,0.11505000000000001,0.35619195046439633,0.000731916475460899,7.177648704078625,19.907499499999997,-12.729850795921372,0.0,12.729850795921372,12.729850795921372
Ref-01B-B-0p10mps,2.888,0.04654999999999998,0.1,0.0,0.11495000000000002,0.35588235294117654,0.0007312803029485472,7.17140998291037,19.907499499999997,-12.736089517089628,0.0,12.736089517089628,12.736089517089628
Ref-01B-B-0p10mps,2.8890000000000002,0.046650000000000025,0.1,0.0,0.11484999999999998,0.3555727554179566,0.000730644130436195,7.165171261742111,19.907499499999997,-12.742328238257887,0.0,12.742328238257887,12.742328238257887
Ref-01B-B-0p10mps,2.8899999999999997,0.04674999999999996,0.1,0.0,0.11475000000000005,0.355263157894737,0.0007300079579238435,7.1589325405738595,19.907499499999997,-12.748566959426137,0.0,12.748566959426137,12.748566959426137
Ref-01B-B-0p10mps,2.891,0.04685,0.1,0.0,0.11465,0.35495356037151704,0.0007293717854114913,7.152693819405601,19.907499499999997,-12.754805680594394,0.0,12.754805680594394,12.754805680594394
Ref-01B-B-0p10mps,2.892,0.04694999999999999,0.1,0.0,0.11455000000000001,0.35464396284829725,0.0007287356128991394,7.146455098237345,19.907499499999997,-12.761044401762652,0.0,12.761044401762652,12.761044401762652
Ref-01B-B-0p10mps,2.893,0.04704999999999998,0.1,0.0,0.11445000000000002,0.35433436532507745,0.0007280994403867875,7.140216377069089,19.907499499999997,-12.767283122930907,0.0,12.767283122930907,12.767283122930907
Ref-01B-B-0p10mps,2.894,0.047150000000000025,0.1,0.0,0.11434999999999998,0.3540247678018575,0.0007274632678744353,7.133977655900831,19.907499499999997,-12.773521844099164,0.0,12.773521844099164,12.773521844099164
Ref-01B-B-0p10mps,2.8949999999999996,0.04724999999999996,0.1,0.0,0.11425000000000005,0.3537151702786379,0.0007268270953620838,7.127738934732578,19.907499499999997,-12.779760565267418,0.0,12.779760565267418,12.779760565267418
Ref-01B-B-0p10mps,2.896,0.04735,0.1,0.0,0.11415,0.35340557275541795,0.0007261909228497316,7.12150021356432,19.907499499999997,-12.785999286435676,0.0,12.785999286435676,12.785999286435676
Ref-01B-B-0p10mps,2.897,0.04744999999999999,0.1,0.0,0.11405000000000001,0.35309597523219816,0.0007255547503373797,7.115261492396065,19.907499499999997,-12.792238007603931,0.0,12.792238007603931,12.792238007603931
Ref-01B-B-0p10mps,2.8979999999999997,0.04754999999999998,0.1,0.0,0.11395000000000002,0.3527863777089784,0.0007249185778250279,7.10902277122781,19.907499499999997,-12.798476728772187,0.0,12.798476728772187,12.798476728772187
Ref-01B-B-0p10mps,2.8990000000000005,0.047650000000000026,0.1,0.0,0.11384999999999998,0.35247678018575845,0.0007242824053126756,7.10278405005955,19.907499499999997,-12.804715449940446,0.0,12.804715449940446,12.804715449940446
Ref-01B-B-0p10mps,2.8999999999999995,0.04774999999999996,0.1,0.0,0.11375000000000005,0.3521671826625388,0.0007236462328003241,7.096545328891299,19.907499499999997,-12.810954171108698,0.0,12.810954171108698,12.810954171108698
Ref-01B-B-0p10mps,2.9010000000000002,0.047850000000000004,0.1,0.0,0.11365,0.35185758513931886,0.0007230100602879719,7.09030660772304,19.907499499999997,-12.817192892276957,0.0,12.817192892276957,12.817192892276957
Ref-01B-B-0p10mps,2.902,0.04794999999999999,0.1,0.0,0.11355000000000001,0.3515479876160991,0.0007223738877756201,7.084067886554784,19.907499499999997,-12.823431613445212,0.0,12.823431613445212,12.823431613445212
Ref-01B-B-0p10mps,2.903,0.04804999999999998,0.1,0.0,0.11345000000000002,0.3512383900928793,0.0007217377152632682,7.077829165386529,19.907499499999997,-12.829670334613468,0.0,12.829670334613468,12.829670334613468
Ref-01B-B-0p10mps,2.9040000000000004,0.048150000000000026,0.1,0.0,0.11334999999999998,0.35092879256965936,0.000721101542750916,7.07159044421827,19.907499499999997,-12.835909055781727,0.0,12.835909055781727,12.835909055781727
Ref-01B-B-0p10mps,2.905,0.04824999999999996,0.1,0.0,0.11325000000000005,0.35061919504643974,0.0007204653702385645,7.065351723050019,19.907499499999997,-12.842147776949979,0.0,12.842147776949979,12.842147776949979
Ref-01B-B-0p10mps,2.906,0.048350000000000004,0.1,0.0,0.11315,0.35030959752321983,0.0007198291977262122,7.059113001881759,19.907499499999997,-12.848386498118238,0.0,12.848386498118238,12.848386498118238
Ref-01B-B-0p10mps,2.907,0.04844999999999999,0.1,0.0,0.11305000000000001,0.35000000000000003,0.0007191930252138604,7.052874280713504,19.907499499999997,-12.854625219286493,0.0,12.854625219286493,12.854625219286493
Ref-01B-B-0p10mps,2.908,0.04854999999999998,0.1,0.0,0.11295000000000002,0.34969040247678024,0.0007185568527015085,7.046635559545249,19.907499499999997,-12.860863940454749,0.0,12.860863940454749,12.860863940454749
Ref-01B-B-0p10mps,2.9090000000000003,0.04865000000000003,0.1,0.0,0.11284999999999998,0.3493808049535603,0.0007179206801891563,7.0403968383769895,19.907499499999997,-12.867102661623008,0.0,12.867102661623008,12.867102661623008
Ref-01B-B-0p10mps,2.9099999999999997,0.04874999999999996,0.1,0.0,0.11275000000000004,0.3490712074303407,0.0007172845076768048,7.0341581172087375,19.907499499999997,-12.87334138279126,0.0,12.87334138279126,12.87334138279126
Ref-01B-B-0p10mps,2.911,0.048850000000000005,0.1,0.0,0.11265,0.34876160990712074,0.0007166483351644526,7.027919396040478,19.907499499999997,-12.879580103959519,0.0,12.879580103959519,12.879580103959519
Ref-01B-B-0p10mps,2.912,0.048949999999999994,0.1,0.0,0.11255000000000001,0.34845201238390094,0.0007160121626521007,7.021680674872223,19.907499499999997,-12.885818825127775,0.0,12.885818825127775,12.885818825127775
Ref-01B-B-0p10mps,2.913,0.04904999999999998,0.1,0.0,0.11245000000000002,0.34814241486068115,0.0007153759901397488,7.015441953703967,19.907499499999997,-12.89205754629603,0.0,12.89205754629603,12.89205754629603
Ref-01B-B-0p10mps,2.914,0.04915000000000003,0.1,0.0,0.11234999999999998,0.34783281733746124,0.0007147398176273966,7.009203232535708,19.907499499999997,-12.89829626746429,0.0,12.89829626746429,12.89829626746429
Ref-01B-B-0p10mps,2.9149999999999996,0.04924999999999996,0.1,0.0,0.11225000000000004,0.3475232198142416,0.0007141036451150452,7.002964511367457,19.907499499999997,-12.90453498863254,0.0,12.90453498863254,12.90453498863254
Ref-01B-B-0p10mps,2.916,0.049350000000000005,0.1,0.0,0.11215,0.34721362229102165,0.000713467472602693,6.996725790199198,19.907499499999997,-12.910773709800798,0.0,12.910773709800798,12.910773709800798
Ref-01B-B-0p10mps,2.917,0.049449999999999994,0.1,0.0,0.11205000000000001,0.34690402476780186,0.0007128313000903411,6.990487069030943,19.907499499999997,-12.917012430969054,0.0,12.917012430969054,12.917012430969054
Ref-01B-B-0p10mps,2.9179999999999997,0.04954999999999998,0.1,0.0,0.11195000000000002,0.3465944272445821,0.0007121951275779892,6.984248347862687,19.907499499999997,-12.92325115213731,0.0,12.92325115213731,12.92325115213731
Ref-01B-B-0p10mps,2.9190000000000005,0.04965000000000003,0.1,0.0,0.11184999999999998,0.34628482972136215,0.000711558955065637,6.978009626694429,19.907499499999997,-12.929489873305567,0.0,12.929489873305567,12.929489873305567
Ref-01B-B-0p10mps,2.9199999999999995,0.04974999999999996,0.1,0.0,0.11175000000000004,0.3459752321981425,0.0007109227825532854,6.971770905526176,19.907499499999997,-12.93572859447382,0.0,12.93572859447382,12.93572859447382
Ref-01B-B-0p10mps,2.9210000000000003,0.049850000000000005,0.1,0.0,0.11165,0.34566563467492256,0.0007102866100409332,6.965532184357917,19.907499499999997,-12.94196731564208,0.0,12.94196731564208,12.94196731564208
Ref-01B-B-0p10mps,2.922,0.049949999999999994,0.1,0.0,0.11155000000000001,0.3453560371517028,0.0007096504375285814,6.959293463189663,19.907499499999997,-12.948206036810333,0.0,12.948206036810333,12.948206036810333
Ref-01B-B-0p10mps,2.923,0.05004999999999998,0.1,0.0,0.11145000000000002,0.345046439628483,0.0007090142650162296,6.953054742021408,19.907499499999997,-12.954444757978589,0.0,12.954444757978589,12.954444757978589
Ref-01B-B-0p10mps,2.9240000000000004,0.05015000000000003,0.1,0.0,0.11134999999999998,0.34473684210526306,0.0007083780925038773,6.946816020853149,19.907499499999997,-12.960683479146848,0.0,12.960683479146848,12.960683479146848
Ref-01B-B-0p10mps,2.925,0.05024999999999996,0.1,0.0,0.11125000000000004,0.3444272445820435,0.0007077419199915258,6.940577299684896,19.907499499999997,-12.9669222003151,0.0,12.9669222003151,12.9669222003151
Ref-01B-B-0p10mps,2.926,0.050350000000000006,0.1,0.0,0.11115,0.34411764705882353,0.0007071057474791736,6.934338578516638,19.907499499999997,-12.973160921483359,0.0,12.973160921483359,12.973160921483359
Ref-01B-B-0p10mps,2.927,0.050449999999999995,0.1,0.0,0.11105000000000001,0.34380804953560373,0.0007064695749668217,6.928099857348382,19.907499499999997,-12.979399642651614,0.0,12.979399642651614,12.979399642651614
Ref-01B-B-0p10mps,2.928,0.050549999999999984,0.1,0.0,0.11095000000000002,0.34349845201238394,0.0007058334024544698,6.9218611361801266,19.907499499999997,-12.98563836381987,0.0,12.98563836381987,12.98563836381987
Ref-01B-B-0p10mps,2.9290000000000003,0.05065000000000003,0.1,0.0,0.11084999999999998,0.34318885448916403,0.0007051972299421176,6.9156224150118675,19.907499499999997,-12.991877084988129,0.0,12.991877084988129,12.991877084988129
Ref-01B-B-0p10mps,2.9299999999999997,0.05074999999999996,0.1,0.0,0.11075000000000004,0.3428792569659444,0.0007045610574297662,6.909383693843616,19.907499499999997,-12.998115806156381,0.0,12.998115806156381,12.998115806156381
Ref-01B-B-0p10mps,2.931,0.050850000000000006,0.1,0.0,0.11065,0.34256965944272444,0.000703924884917414,6.903144972675357,19.907499499999997,-13.00435452732464,0.0,13.00435452732464,13.00435452732464
Ref-01B-B-0p10mps,2.932,0.050949999999999995,0.1,0.0,0.11055000000000001,0.34226006191950464,0.0007032887124050621,6.896906251507102,19.907499499999997,-13.010593248492896,0.0,13.010593248492896,13.010593248492896
Ref-01B-B-0p10mps,2.933,0.051049999999999984,0.1,0.0,0.11045000000000002,0.3419504643962849,0.0007026525398927102,6.890667530338846,19.907499499999997,-13.016831969661151,0.0,13.016831969661151,13.016831969661151
Ref-01B-B-0p10mps,2.934,0.05115000000000003,0.1,0.0,0.11034999999999998,0.34164086687306494,0.000702016367380358,6.884428809170587,19.907499499999997,-13.02307069082941,0.0,13.02307069082941,13.02307069082941
Ref-01B-B-0p10mps,2.9349999999999996,0.05124999999999996,0.1,0.0,0.11025000000000004,0.3413312693498453,0.0007013801948680064,6.878190088002335,19.907499499999997,-13.029309411997662,0.0,13.029309411997662,13.029309411997662
Ref-01B-B-0p10mps,2.936,0.05135000000000001,0.1,0.0,0.11015,0.34102167182662535,0.0007007440223556542,6.871951366834076,19.907499499999997,-13.035548133165921,0.0,13.035548133165921,13.035548133165921
Ref-01B-B-0p10mps,2.937,0.051449999999999996,0.1,0.0,0.11005000000000001,0.3407120743034056,0.0007001078498433023,6.865712645665821,19.907499499999997,-13.041786854334177,0.0,13.041786854334177,13.041786854334177
Ref-01B-B-0p10mps,2.9379999999999997,0.051549999999999985,0.1,0.0,0.10995000000000002,0.3404024767801858,0.0006994716773309506,6.859473924497566,19.907499499999997,-13.04802557550243,0.0,13.04802557550243,13.04802557550243
Ref-01B-B-0p10mps,2.9390000000000005,0.05165000000000003,0.1,0.0,0.10984999999999998,0.34009287925696585,0.0006988355048185984,6.853235203329307,19.907499499999997,-13.05426429667069,0.0,13.05426429667069,13.05426429667069
Ref-01B-B-0p10mps,2.9399999999999995,0.05174999999999996,0.1,0.0,0.10975000000000004,0.3397832817337462,0.0006981993323062468,6.846996482161055,19.907499499999997,-13.060503017838942,0.0,13.060503017838942,13.060503017838942
Ref-01B-B-0p10mps,2.9410000000000003,0.05185000000000001,0.1,0.0,0.10965,0.3394736842105263,0.0006975631597938946,6.840757760992796,19.907499499999997,-13.0667417390072,0.0,13.0667417390072,13.0667417390072
Ref-01B-B-0p10mps,2.942,0.051949999999999996,0.1,0.0,0.10955000000000001,0.3391640866873065,0.0006969269872815427,6.83451903982454,19.907499499999997,-13.072980460175456,0.0,13.072980460175456,13.072980460175456
Ref-01B-B-0p10mps,2.943,0.052049999999999985,0.1,0.0,0.10945000000000002,0.3388544891640867,0.0006962908147691908,6.828280318656285,19.907499499999997,-13.079219181343712,0.0,13.079219181343712,13.079219181343712
Ref-01B-B-0p10mps,2.9440000000000004,0.05215000000000003,0.1,0.0,0.10934999999999997,0.33854489164086676,0.0006956546422568386,6.822041597488026,19.907499499999997,-13.08545790251197,0.0,13.08545790251197,13.08545790251197
Ref-01B-B-0p10mps,2.945,0.05224999999999996,0.1,0.0,0.10925000000000004,0.3382352941176472,0.0006950184697444872,6.815802876319775,19.907499499999997,-13.091696623680221,0.0,13.091696623680221,13.091696623680221
Ref-01B-B-0p10mps,2.946,0.05235000000000001,0.1,0.0,0.10915,0.3379256965944272,0.000694382297232135,6.8095641551515165,19.907499499999997,-13.09793534484848,0.0,13.09793534484848,13.09793534484848
Ref-01B-B-0p10mps,2.947,0.05245,0.1,0.0,0.10905000000000001,0.33761609907120743,0.0006937461247197831,6.80332543398326,19.907499499999997,-13.104174066016736,0.0,13.104174066016736,13.104174066016736
Ref-01B-B-0p10mps,2.948,0.052549999999999986,0.1,0.0,0.10895000000000002,0.3373065015479877,0.0006931099522074312,6.7970867128150045,19.907499499999997,-13.110412787184991,0.0,13.110412787184991,13.110412787184991
Ref-01B-B-0p10mps,2.9490000000000003,0.05265000000000003,0.1,0.0,0.10884999999999997,0.33699690402476773,0.000692473779695079,6.790847991646746,19.907499499999997,-13.11665150835325,0.0,13.11665150835325,13.11665150835325
Ref-01B-B-0p10mps,2.9499999999999997,0.052749999999999964,0.1,0.0,0.10875000000000004,0.3366873065015481,0.0006918376071827274,6.7846092704784935,19.907499499999997,-13.122890229521502,0.0,13.122890229521502,13.122890229521502
Ref-01B-B-0p10mps,2.951,0.05285000000000001,0.1,0.0,0.10865,0.33637770897832814,0.0006912014346703752,6.778370549310235,19.907499499999997,-13.129128950689761,0.0,13.129128950689761,13.129128950689761
Ref-01B-B-0p10mps,2.952,0.05295,0.1,0.0,0.10855000000000001,0.3360681114551084,0.0006905652621580233,6.77213182814198,19.907499499999997,-13.135367671858017,0.0,13.135367671858017,13.135367671858017
Ref-01B-B-0p10mps,2.953,0.053049999999999986,0.1,0.0,0.10845000000000002,0.3357585139318886,0.0006899290896456716,6.765893106973725,19.907499499999997,-13.141606393026272,0.0,13.141606393026272,13.141606393026272
Ref-01B-B-0p10mps,2.954,0.05315000000000003,0.1,0.0,0.10834999999999997,0.33544891640866864,0.0006892929171333193,6.759654385805465,19.907499499999997,-13.147845114194531,0.0,13.147845114194531,13.147845114194531
Ref-01B-B-0p10mps,2.9549999999999996,0.053249999999999964,0.1,0.0,0.10825000000000004,0.335139318885449,0.0006886567446209678,6.753415664637214,19.907499499999997,-13.154083835362783,0.0,13.154083835362783,13.154083835362783
Ref-01B-B-0p10mps,2.956,0.05335000000000001,0.1,0.0,0.10815,0.3348297213622291,0.0006880205721086156,6.747176943468955,19.907499499999997,-13.160322556531042,0.0,13.160322556531042,13.160322556531042
Ref-01B-B-0p10mps,2.957,0.05345,0.1,0.0,0.10805000000000001,0.3345201238390093,0.0006873843995962637,6.7409382223006995,19.907499499999997,-13.166561277699298,0.0,13.166561277699298,13.166561277699298
Ref-01B-B-0p10mps,2.9579999999999997,0.053549999999999986,0.1,0.0,0.10795000000000002,0.3342105263157895,0.0006867482270839118,6.734699501132444,19.907499499999997,-13.172799998867553,0.0,13.172799998867553,13.172799998867553
Ref-01B-B-0p10mps,2.9590000000000005,0.05365000000000003,0.1,0.0,0.10784999999999997,0.33390092879256955,0.0006861120545715596,6.728460779964185,19.907499499999997,-13.179038720035813,0.0,13.179038720035813,13.179038720035813
Ref-01B-B-0p10mps,2.9599999999999995,0.053749999999999964,0.1,0.0,0.10775000000000004,0.33359133126935,0.0006854758820592081,6.722222058795933,19.907499499999997,-13.185277441204065,0.0,13.185277441204065,13.185277441204065
Ref-01B-B-0p10mps,2.9610000000000003,0.05385000000000001,0.1,0.0,0.10765,0.33328173374613,0.0006848397095468559,6.715983337627674,19.907499499999997,-13.191516162372324,0.0,13.191516162372324,13.191516162372324
Ref-01B-B-0p10mps,2.962,0.05395,0.1,0.0,0.10755,0.3329721362229102,0.0006842035370345041,6.709744616459419,19.907499499999997,-13.197754883540577,0.0,13.197754883540577,13.197754883540577
Ref-01B-B-0p10mps,2.963,0.05404999999999999,0.1,0.0,0.10745000000000002,0.3326625386996904,0.0006835673645221522,6.703505895291164,19.907499499999997,-13.203993604708833,0.0,13.203993604708833,13.203993604708833
Ref-01B-B-0p10mps,2.9640000000000004,0.05415000000000003,0.1,0.0,0.10734999999999997,0.3323529411764705,0.0006829311920098,6.697267174122905,19.907499499999997,-13.210232325877092,0.0,13.210232325877092,13.210232325877092
Ref-01B-B-0p10mps,2.965,0.054249999999999965,0.1,0.0,0.10725000000000004,0.3320433436532509,0.0006822950194974484,6.691028452954653,19.907499499999997,-13.216471047045344,0.0,13.216471047045344,13.216471047045344
Ref-01B-B-0p10mps,2.966,0.05435000000000001,0.1,0.0,0.10715,0.3317337461300309,0.0006816588469850962,6.684789731786394,19.907499499999997,-13.222709768213603,0.0,13.222709768213603,13.222709768213603
Ref-01B-B-0p10mps,2.967,0.05445,0.1,0.0,0.10705,0.33142414860681113,0.0006810226744727444,6.678551010618138,19.907499499999997,-13.228948489381859,0.0,13.228948489381859,13.228948489381859
Ref-01B-B-0p10mps,2.968,0.05454999999999999,0.1,0.0,0.10695000000000002,0.3311145510835914,0.0006803865019603925,6.6723122894498825,19.907499499999997,-13.235187210550114,0.0,13.235187210550114,13.235187210550114
Ref-01B-B-0p10mps,2.9690000000000003,0.05465000000000003,0.1,0.0,0.10684999999999997,0.33080495356037143,0.0006797503294480403,6.6660735682816235,19.907499499999997,-13.241425931718373,0.0,13.241425931718373,13.241425931718373
Ref-01B-B-0p10mps,2.9699999999999998,0.054749999999999965,0.1,0.0,0.10675000000000004,0.3304953560371518,0.0006791141569356888,6.659834847113372,19.907499499999997,-13.247664652886623,0.0,13.247664652886623,13.247664652886623
Ref-01B-B-0p10mps,2.971,0.05485000000000001,0.1,0.0,0.10665,0.33018575851393184,0.0006784779844233366,6.653596125945113,19.907499499999997,-13.253903374054882,0.0,13.253903374054882,13.253903374054882
Ref-01B-B-0p10mps,2.972,0.05495,0.1,0.0,0.10655,0.3298761609907121,0.0006778418119109847,6.647357404776858,19.907499499999997,-13.260142095223138,0.0,13.260142095223138,13.260142095223138
Ref-01B-B-0p10mps,2.973,0.05504999999999999,0.1,0.0,0.10645000000000002,0.3295665634674923,0.0006772056393986328,6.641118683608602,19.907499499999997,-13.266380816391393,0.0,13.266380816391393,13.266380816391393
Ref-01B-B-0p10mps,2.974,0.05515000000000003,0.1,0.0,0.10634999999999997,0.32925696594427234,0.0006765694668862806,6.634879962440344,19.907499499999997,-13.272619537559653,0.0,13.272619537559653,13.272619537559653
Ref-01B-B-0p10mps,2.9749999999999996,0.055249999999999966,0.1,0.0,0.10625000000000004,0.32894736842105277,0.0006759332943739291,6.628641241272091,19.907499499999997,-13.278858258727904,0.0,13.278858258727904,13.278858258727904
Ref-01B-B-0p10mps,2.976,0.05535000000000001,0.1,0.0,0.10615,0.3286377708978328,0.0006752971218615769,6.622402520103832,19.907499499999997,-13.285096979896164,0.0,13.285096979896164,13.285096979896164
Ref-01B-B-0p10mps,2.977,0.05545,0.1,0.0,0.10605,0.328328173374613,0.000674660949349225,6.616163798935577,19.907499499999997,-13.291335701064419,0.0,13.291335701064419,13.291335701064419
Ref-01B-B-0p10mps,2.9779999999999998,0.05554999999999999,0.1,0.0,0.10595000000000002,0.3280185758513932,0.0006740247768368732,6.609925077767323,19.907499499999997,-13.297574422232675,0.0,13.297574422232675,13.297574422232675
Ref-01B-B-0p10mps,2.9790000000000005,0.05565000000000003,0.1,0.0,0.10584999999999997,0.32770897832817325,0.000673388604324521,6.603686356599064,19.907499499999997,-13.303813143400934,0.0,13.303813143400934,13.303813143400934
Ref-01B-B-0p10mps,2.9799999999999995,0.055749999999999966,0.1,0.0,0.10575000000000004,0.3273993808049537,0.0006727524318121694,6.597447635430811,19.907499499999997,-13.310051864569186,0.0,13.310051864569186,13.310051864569186
Ref-01B-B-0p10mps,2.9810000000000003,0.05585000000000001,0.1,0.0,0.10565,0.3270897832817337,0.0006721162592998172,6.591208914262553,19.907499499999997,-13.316290585737445,0.0,13.316290585737445,13.316290585737445
Ref-01B-B-0p10mps,2.982,0.05595,0.1,0.0,0.10555,0.3267801857585139,0.0006714800867874654,6.584970193094297,19.907499499999997,-13.3225293069057,0.0,13.3225293069057,13.3225293069057
Ref-01B-B-0p10mps,2.983,0.05604999999999999,0.1,0.0,0.10545000000000002,0.3264705882352942,0.0006708439142751135,6.578731471926042,19.907499499999997,-13.328768028073956,0.0,13.328768028073956,13.328768028073956
Ref-01B-B-0p10mps,2.9840000000000004,0.05615000000000003,0.1,0.0,0.10534999999999997,0.3261609907120742,0.0006702077417627613,6.572492750757783,19.907499499999997,-13.335006749242215,0.0,13.335006749242215,13.335006749242215
Ref-01B-B-0p10mps,2.985,0.05624999999999997,0.1,0.0,0.10525000000000004,0.3258513931888546,0.0006695715692504098,6.5662540295895315,19.907499499999997,-13.341245470410465,0.0,13.341245470410465,13.341245470410465
Ref-01B-B-0p10mps,2.986,0.05635000000000001,0.1,0.0,0.10515,0.3255417956656346,0.0006689353967380576,6.5600153084212725,19.907499499999997,-13.347484191578724,0.0,13.347484191578724,13.347484191578724
Ref-01B-B-0p10mps,2.987,0.05645,0.1,0.0,0.10505,0.3252321981424149,0.0006682992242257057,6.553776587253017,19.907499499999997,-13.35372291274698,0.0,13.35372291274698,13.35372291274698
Ref-01B-B-0p10mps,2.988,0.05654999999999999,0.1,0.0,0.10495000000000002,0.3249226006191951,0.0006676630517133538,6.547537866084761,19.907499499999997,-13.359961633915235,0.0,13.359961633915235,13.359961633915235
Ref-01B-B-0p10mps,2.9890000000000003,0.056650000000000034,0.1,0.0,0.10484999999999997,0.32461300309597513,0.0006670268792010016,6.541299144916502,19.907499499999997,-13.366200355083494,0.0,13.366200355083494,13.366200355083494
Ref-01B-B-0p10mps,2.9899999999999998,0.05674999999999997,0.1,0.0,0.10475000000000004,0.3243034055727555,0.0006663907066886501,6.53506042374825,19.907499499999997,-13.372439076251746,0.0,13.372439076251746,13.372439076251746
Ref-01B-B-0p10mps,2.991,0.05685000000000001,0.1,0.0,0.10464999999999999,0.3239938080495356,0.0006657545341762979,6.528821702579991,19.907499499999997,-13.378677797420005,0.0,13.378677797420005,13.378677797420005
Ref-01B-B-0p10mps,2.992,0.05695,0.1,0.0,0.10455,0.3236842105263158,0.000665118361663946,6.522582981411736,19.907499499999997,-13.38491651858826,0.0,13.38491651858826,13.38491651858826
Ref-01B-B-0p10mps,2.993,0.05704999999999999,0.1,0.0,0.10445000000000002,0.323374613003096,0.0006644821891515942,6.516344260243481,19.907499499999997,-13.391155239756515,0.0,13.391155239756515,13.391155239756515
Ref-01B-B-0p10mps,2.994,0.057150000000000034,0.1,0.0,0.10434999999999997,0.32306501547987604,0.0006638460166392419,6.510105539075221,19.907499499999997,-13.397393960924775,0.0,13.397393960924775,13.397393960924775
Ref-01B-B-0p10mps,2.9949999999999997,0.05724999999999997,0.1,0.0,0.10425000000000004,0.32275541795665647,0.0006632098441268905,6.50386681790697,19.907499499999997,-13.403632682093026,0.0,13.403632682093026,13.403632682093026
Ref-01B-B-0p10mps,2.996,0.05735000000000001,0.1,0.0,0.10414999999999999,0.3224458204334365,0.0006625736716145382,6.497628096738711,19.907499499999997,-13.409871403261285,0.0,13.409871403261285,13.409871403261285
Ref-01B-B-0p10mps,2.997,0.05745,0.1,0.0,0.10405,0.3221362229102167,0.0006619374991021864,6.4913893755704555,19.907499499999997,-13.41611012442954,0.0,13.41611012442954,13.41611012442954
Ref-01B-B-0p10mps,2.9979999999999998,0.05754999999999999,0.1,0.0,0.10395000000000001,0.32182662538699697,0.0006613013265898345,6.4851506544022,19.907499499999997,-13.422348845597796,0.0,13.422348845597796,13.422348845597796
Ref-01B-B-0p10mps,2.9990000000000006,0.057650000000000035,0.1,0.0,0.10384999999999997,0.321517027863777,0.0006606651540774823,6.478911933233942,19.907499499999997,-13.428587566766055,0.0,13.428587566766055,13.428587566766055
Ref-01B-B-0p10mps,2.9999999999999996,0.05774999999999997,0.1,0.0,0.10375000000000004,0.3212074303405574,0.0006600289815651308,6.47267321206569,19.907499499999997,-13.434826287934307,0.0,13.434826287934307,13.434826287934307
Ref-01B-B-0p10mps,3.0010000000000003,0.05785000000000001,0.1,0.0,0.10364999999999999,0.3208978328173374,0.0006593928090527785,6.46643449089743,19.907499499999997,-13.441065009102566,0.0,13.441065009102566,13.441065009102566
Ref-01B-B-0p10mps,3.0020000000000002,0.05795,0.1,0.0,0.10355,0.3205882352941177,0.0006587566365404267,6.460195769729175,19.907499499999997,-13.447303730270821,0.0,13.447303730270821,13.447303730270821
Ref-01B-B-0p10mps,3.003,0.05804999999999999,0.1,0.0,0.10345000000000001,0.3202786377708979,0.0006581204640280749,6.45395704856092,19.907499499999997,-13.453542451439077,0.0,13.453542451439077,13.453542451439077
Ref-01B-B-0p10mps,3.0040000000000004,0.058150000000000035,0.1,0.0,0.10334999999999997,0.3199690402476779,0.0006574842915157226,6.4477183273926615,19.907499499999997,-13.459781172607336,0.0,13.459781172607336,13.459781172607336
Ref-01B-B-0p10mps,3.005,0.05824999999999997,0.1,0.0,0.10325000000000004,0.3196594427244583,0.0006568481190033711,6.441479606224409,19.907499499999997,-13.466019893775588,0.0,13.466019893775588,13.466019893775588
Ref-01B-B-0p10mps,3.0060000000000002,0.05835000000000001,0.1,0.0,0.10314999999999999,0.3193498452012384,0.0006562119464910189,6.43524088505615,19.907499499999997,-13.472258614943847,0.0,13.472258614943847,13.472258614943847
Ref-01B-B-0p10mps,3.0069999999999997,0.058449999999999946,0.1,0.0,0.10305000000000006,0.31904024767801875,0.0006555757739786674,6.4290021638878985,19.907499499999997,-13.478497336112099,0.0,13.478497336112099,13.478497336112099
Ref-01B-B-0p10mps,3.008,0.05854999999999999,0.1,0.0,0.10295000000000001,0.3187306501547988,0.0006549396014663151,6.4227634427196385,19.907499499999997,-13.484736057280358,0.0,13.484736057280358,13.484736057280358
Ref-01B-B-0p10mps,3.0090000000000003,0.058650000000000035,0.1,0.0,0.10284999999999997,0.3184210526315788,0.0006543034289539629,6.41652472155138,19.907499499999997,-13.490974778448617,0.0,13.490974778448617,13.490974778448617
Ref-01B-B-0p10mps,3.01,0.05874999999999997,0.1,0.0,0.10275000000000004,0.31811145510835925,0.0006536672564416115,6.410286000383129,19.907499499999997,-13.497213499616867,0.0,13.497213499616867,13.497213499616867
Ref-01B-B-0p10mps,3.011,0.05885000000000001,0.1,0.0,0.10264999999999999,0.3178018575851393,0.0006530310839292593,6.40404727921487,19.907499499999997,-13.503452220785126,0.0,13.503452220785126,13.503452220785126
Ref-01B-B-0p10mps,3.0119999999999996,0.05894999999999995,0.1,0.0,0.10255000000000006,0.31749226006191966,0.0006523949114169077,6.397808558046617,19.907499499999997,-13.50969094195338,0.0,13.50969094195338,13.50969094195338
Ref-01B-B-0p10mps,3.013,0.05904999999999999,0.1,0.0,0.10245000000000001,0.3171826625386997,0.0006517587389045555,6.391569836878359,19.907499499999997,-13.515929663121637,0.0,13.515929663121637,13.515929663121637
Ref-01B-B-0p10mps,3.0140000000000002,0.059150000000000036,0.1,0.0,0.10234999999999997,0.3168730650154798,0.0006511225663922033,6.3853311157101,19.907499499999997,-13.522168384289897,0.0,13.522168384289897,13.522168384289897
Ref-01B-B-0p10mps,3.0149999999999997,0.05924999999999997,0.1,0.0,0.10225000000000004,0.31656346749226016,0.0006504863938798517,6.379092394541848,19.907499499999997,-13.528407105458149,0.0,13.528407105458149,13.528407105458149
Ref-01B-B-0p10mps,3.016,0.059350000000000014,0.1,0.0,0.10214999999999999,0.3162538699690402,0.0006498502213674995,6.372853673373589,19.907499499999997,-13.534645826626408,0.0,13.534645826626408,13.534645826626408
Ref-01B-B-0p10mps,3.0169999999999995,0.05944999999999995,0.1,0.0,0.10205000000000006,0.31594427244582063,0.0006492140488551481,6.366614952205338,19.907499499999997,-13.540884547794658,0.0,13.540884547794658,13.540884547794658
Ref-01B-B-0p10mps,3.018,0.05954999999999999,0.1,0.0,0.10195000000000001,0.31563467492260067,0.0006485778763427959,6.360376231037079,19.907499499999997,-13.547123268962917,0.0,13.547123268962917,13.547123268962917
Ref-01B-B-0p10mps,3.0190000000000006,0.059650000000000036,0.1,0.0,0.10184999999999997,0.3153250773993807,0.0006479417038304437,6.35413750986882,19.907499499999997,-13.553361990131176,0.0,13.553361990131176,13.553361990131176
Ref-01B-B-0p10mps,3.0199999999999996,0.05974999999999997,0.1,0.0,0.10175000000000003,0.3150154798761611,0.0006473055313180921,6.347898788700568,19.907499499999997,-13.559600711299428,0.0,13.559600711299428,13.559600711299428
Ref-01B-B-0p10mps,3.0210000000000004,0.059850000000000014,0.1,0.0,0.10164999999999999,0.3147058823529411,0.0006466693588057399,6.341660067532309,19.907499499999997,-13.565839432467687,0.0,13.565839432467687,13.565839432467687
Ref-01B-B-0p10mps,3.0219999999999994,0.05994999999999995,0.1,0.0,0.10155000000000006,0.31439628482972154,0.0006460331862933883,6.335421346364057,19.907499499999997,-13.572078153635939,0.0,13.572078153635939,13.572078153635939
Ref-01B-B-0p10mps,3.023,0.06004999999999999,0.1,0.0,0.10145000000000001,0.3140866873065016,0.0006453970137810361,6.329182625195798,19.907499499999997,-13.578316874804198,0.0,13.578316874804198,13.578316874804198
Ref-01B-B-0p10mps,3.0240000000000005,0.06015000000000004,0.1,0.0,0.10134999999999997,0.3137770897832816,0.0006447608412686839,6.322943904027539,19.907499499999997,-13.584555595972457,0.0,13.584555595972457,13.584555595972457
Ref-01B-B-0p10mps,3.025,0.06024999999999997,0.1,0.0,0.10125000000000003,0.31346749226006204,0.0006441246687563325,6.3167051828592875,19.907499499999997,-13.590794317140709,0.0,13.590794317140709,13.590794317140709
Ref-01B-B-0p10mps,3.0260000000000002,0.060350000000000015,0.1,0.0,0.10114999999999999,0.3131578947368421,0.0006434884962439803,6.310466461691028,19.907499499999997,-13.597033038308968,0.0,13.597033038308968,13.597033038308968
Ref-01B-B-0p10mps,3.0269999999999997,0.06044999999999995,0.1,0.0,0.10105000000000006,0.31284829721362245,0.0006428523237316287,6.3042277405227765,19.907499499999997,-13.60327175947722,0.0,13.60327175947722,13.60327175947722
Ref-01B-B-0p10mps,3.028,0.06054999999999999,0.1,0.0,0.10095000000000001,0.3125386996904025,0.0006422161512192765,6.297989019354517,19.907499499999997,-13.60951048064548,0.0,13.60951048064548,13.60951048064548
Ref-01B-B-0p10mps,3.0290000000000004,0.06065000000000004,0.1,0.0,0.10084999999999997,0.3122291021671825,0.0006415799787069243,6.291750298186259,19.907499499999997,-13.615749201813738,0.0,13.615749201813738,13.615749201813738
Ref-01B-B-0p10mps,3.03,0.06074999999999997,0.1,0.0,0.10075000000000003,0.31191950464396295,0.0006409438061945727,6.285511577018006,19.907499499999997,-13.62198792298199,0.0,13.62198792298199,13.62198792298199
Ref-01B-B-0p10mps,3.031,0.060850000000000015,0.1,0.0,0.10064999999999999,0.311609907120743,0.0006403076336822205,6.279272855849748,19.907499499999997,-13.62822664415025,0.0,13.62822664415025,13.62822664415025
Ref-01B-B-0p10mps,3.0319999999999996,0.06094999999999995,0.1,0.0,0.10055000000000006,0.31130030959752336,0.0006396714611698691,6.273034134681496,19.907499499999997,-13.634465365318501,0.0,13.634465365318501,13.634465365318501
Ref-01B-B-0p10mps,3.033,0.06104999999999999,0.1,0.0,0.10045000000000001,0.31099071207430345,0.0006390352886575169,6.266795413513238,19.907499499999997,-13.640704086486759,0.0,13.640704086486759,13.640704086486759
Ref-01B-B-0p10mps,3.0340000000000003,0.06115000000000004,0.1,0.0,0.10034999999999997,0.3106811145510835,0.0006383991161451647,6.260556692344979,19.907499499999997,-13.646942807655018,0.0,13.646942807655018,13.646942807655018
Ref-01B-B-0p10mps,3.0349999999999997,0.06124999999999997,0.1,0.0,0.10025000000000003,0.31037151702786386,0.0006377629436328131,6.254317971176726,19.907499499999997,-13.653181528823271,0.0,13.653181528823271,13.653181528823271
Ref-01B-B-0p10mps,3.036,0.061350000000000016,0.1,0.0,0.10014999999999999,0.3100619195046439,0.0006371267711204609,6.248079250008468,19.907499499999997,-13.659420249991529,0.0,13.659420249991529,13.659420249991529
Ref-01B-B-0p10mps,3.0369999999999995,0.06144999999999995,0.1,0.0,0.10005000000000006,0.30975232198142433,0.0006364905986081093,6.241840528840215,19.907499499999997,-13.665658971159782,0.0,13.665658971159782,13.665658971159782
Ref-01B-B-0p10mps,3.038,0.061549999999999994,0.1,0.0,0.09995000000000001,0.30944272445820437,0.0006358544260957571,6.235601807671957,19.907499499999997,-13.67189769232804,0.0,13.67189769232804,13.67189769232804
Ref-01B-B-0p10mps,3.0390000000000006,0.06165000000000004,0.1,0.0,0.09984999999999997,0.3091331269349844,0.0006352182535834049,6.229363086503698,19.907499499999997,-13.678136413496299,0.0,13.678136413496299,13.678136413496299
Ref-01B-B-0p10mps,3.0399999999999996,0.06174999999999997,0.1,0.0,0.09975000000000003,0.3088235294117648,0.0006345820810710535,6.223124365335447,19.907499499999997,-13.684375134664549,0.0,13.684375134664549,13.684375134664549
Ref-01B-B-0p10mps,3.0410000000000004,0.061850000000000016,0.1,0.0,0.09964999999999999,0.30851393188854487,0.0006339459085587012,6.216885644167187,19.907499499999997,-13.69061385583281,0.0,13.69061385583281,13.69061385583281
Ref-01B-B-0p10mps,3.0419999999999994,0.06194999999999995,0.1,0.0,0.09955000000000006,0.30820433436532524,0.0006333097360463497,6.210646922998936,19.907499499999997,-13.69685257700106,0.0,13.69685257700106,13.69685257700106
Ref-01B-B-0p10mps,3.043,0.062049999999999994,0.1,0.0,0.09945000000000001,0.3078947368421053,0.0006326735635339975,6.2044082018306765,19.907499499999997,-13.70309129816932,0.0,13.70309129816932,13.70309129816932
Ref-01B-B-0p10mps,3.0440000000000005,0.06215000000000004,0.1,0.0,0.09934999999999997,0.3075851393188853,0.0006320373910216453,6.1981694806624175,19.907499499999997,-13.709330019337578,0.0,13.709330019337578,13.709330019337578
Ref-01B-B-0p10mps,3.045,0.06224999999999997,0.1,0.0,0.09925000000000003,0.30727554179566574,0.0006314012185092937,6.1919307594941655,19.907499499999997,-13.71556874050583,0.0,13.71556874050583,13.71556874050583
Ref-01B-B-0p10mps,3.0460000000000003,0.062350000000000017,0.1,0.0,0.09914999999999999,0.3069659442724458,0.0006307650459969415,6.185692038325906,19.907499499999997,-13.72180746167409,0.0,13.72180746167409,13.72180746167409
Ref-01B-B-0p10mps,3.0469999999999997,0.06244999999999995,0.1,0.0,0.09905000000000005,0.30665634674922615,0.0006301288734845901,6.179453317157655,19.907499499999997,-13.728046182842341,0.0,13.728046182842341,13.728046182842341
Ref-01B-B-0p10mps,3.048,0.06255,0.1,0.0,0.09895000000000001,0.3063467492260062,0.0006294927009722378,6.173214595989395,19.907499499999997,-13.7342849040106,0.0,13.7342849040106,13.7342849040106
Ref-01B-B-0p10mps,3.0490000000000004,0.06265000000000004,0.1,0.0,0.09884999999999997,0.3060371517027863,0.0006288565284598856,6.166975874821136,19.907499499999997,-13.74052362517886,0.0,13.74052362517886,13.74052362517886
Ref-01B-B-0p10mps,3.05,0.06274999999999997,0.1,0.0,0.09875000000000003,0.30572755417956665,0.0006282203559475341,6.160737153652885,19.907499499999997,-13.746762346347111,0.0,13.746762346347111,13.746762346347111
Ref-01B-B-0p10mps,3.051,0.06285000000000002,0.1,0.0,0.09864999999999999,0.3054179566563467,0.0006275841834351819,6.154498432484626,19.907499499999997,-13.75300106751537,0.0,13.75300106751537,13.75300106751537
Ref-01B-B-0p10mps,3.0519999999999996,0.06294999999999995,0.1,0.0,0.09855000000000005,0.3051083591331271,0.0006269480109228304,6.148259711316374,19.907499499999997,-13.759239788683622,0.0,13.759239788683622,13.759239788683622
Ref-01B-B-0p10mps,3.053,0.06305,0.1,0.0,0.09845000000000001,0.30479876160990715,0.0006263118384104781,6.142020990148115,19.907499499999997,-13.765478509851881,0.0,13.765478509851881,13.765478509851881
Ref-01B-B-0p10mps,3.0540000000000003,0.06315000000000004,0.1,0.0,0.09834999999999997,0.3044891640866872,0.0006256756658981259,6.135782268979857,19.907499499999997,-13.77171723102014,0.0,13.77171723102014,13.77171723102014
Ref-01B-B-0p10mps,3.0549999999999997,0.06324999999999997,0.1,0.0,0.09825000000000003,0.30417956656346756,0.0006250394933857744,6.129543547811604,19.907499499999997,-13.777955952188393,0.0,13.777955952188393,13.777955952188393
Ref-01B-B-0p10mps,3.056,0.06335000000000002,0.1,0.0,0.09814999999999999,0.30386996904024766,0.0006244033208734222,6.123304826643345,19.907499499999997,-13.784194673356652,0.0,13.784194673356652,13.784194673356652
Ref-01B-B-0p10mps,3.0569999999999995,0.06344999999999995,0.1,0.0,0.09805000000000005,0.303560371517028,0.0006237671483610707,6.117066105475094,19.907499499999997,-13.790433394524904,0.0,13.790433394524904,13.790433394524904
Ref-01B-B-0p10mps,3.058,0.06355,0.1,0.0,0.09795000000000001,0.30325077399380806,0.0006231309758487185,6.110827384306835,19.907499499999997,-13.796672115693163,0.0,13.796672115693163,13.796672115693163
Ref-01B-B-0p10mps,3.0590000000000006,0.06365000000000004,0.1,0.0,0.09784999999999996,0.3029411764705881,0.0006224948033363663,6.104588663138577,19.907499499999997,-13.80291083686142,0.0,13.80291083686142,13.80291083686142
Ref-01B-B-0p10mps,3.0599999999999996,0.06374999999999997,0.1,0.0,0.09775000000000003,0.30263157894736853,0.0006218586308240148,6.098349941970324,19.907499499999997,-13.809149558029674,0.0,13.809149558029674,13.809149558029674
Ref-01B-B-0p10mps,3.0610000000000004,0.06385000000000002,0.1,0.0,0.09764999999999999,0.30232198142414857,0.0006212224583116625,6.092111220802066,19.907499499999997,-13.815388279197931,0.0,13.815388279197931,13.815388279197931
Ref-01B-B-0p10mps,3.0619999999999994,0.06394999999999995,0.1,0.0,0.09755000000000005,0.30201238390092894,0.000620586285799311,6.085872499633813,19.907499499999997,-13.821627000366185,0.0,13.821627000366185,13.821627000366185
Ref-01B-B-0p10mps,3.063,0.06405,0.1,0.0,0.09745000000000001,0.301702786377709,0.0006199501132869588,6.079633778465554,19.907499499999997,-13.827865721534444,0.0,13.827865721534444,13.827865721534444
Ref-01B-B-0p10mps,3.0640000000000005,0.06415000000000004,0.1,0.0,0.09734999999999996,0.30139318885448907,0.0006193139407746066,6.0733950572972955,19.907499499999997,-13.834104442702701,0.0,13.834104442702701,13.834104442702701
Ref-01B-B-0p10mps,3.065,0.06424999999999997,0.1,0.0,0.09725000000000003,0.30108359133126944,0.0006186777682622551,6.067156336129044,19.907499499999997,-13.840343163870951,0.0,13.840343163870951,13.840343163870951
Ref-01B-B-0p10mps,3.0660000000000003,0.06435000000000002,0.1,0.0,0.09714999999999999,0.3007739938080495,0.0006180415957499029,6.060917614960785,19.907499499999997,-13.84658188503921,0.0,13.84658188503921,13.84658188503921
Ref-01B-B-0p10mps,3.0669999999999997,0.06444999999999995,0.1,0.0,0.09705000000000005,0.30046439628482985,0.0006174054232375514,6.054678893792532,19.907499499999997,-13.852820606207464,0.0,13.852820606207464,13.852820606207464
Ref-01B-B-0p10mps,3.068,0.06455,0.1,0.0,0.09695000000000001,0.30015479876160994,0.0006167692507251992,6.048440172624274,19.907499499999997,-13.859059327375721,0.0,13.859059327375721,13.859059327375721
Ref-01B-B-0p10mps,3.0690000000000004,0.06465000000000004,0.1,0.0,0.09684999999999996,0.29984520123839,0.0006161330782128469,6.042201451456015,19.907499499999997,-13.86529804854398,0.0,13.86529804854398,13.86529804854398
Ref-01B-B-0p10mps,3.07,0.06474999999999997,0.1,0.0,0.09675000000000003,0.29953560371517035,0.0006154969057004954,6.035962730287763,19.907499499999997,-13.871536769712232,0.0,13.871536769712232,13.871536769712232
Ref-01B-B-0p10mps,3.071,0.06485000000000002,0.1,0.0,0.09664999999999999,0.2992260061919504,0.0006148607331881432,6.029724009119504,19.907499499999997,-13.877775490880492,0.0,13.877775490880492,13.877775490880492
Ref-01B-B-0p10mps,3.072,0.06495000000000001,0.1,0.0,0.09655,0.29891640866873065,0.0006142245606757913,6.023485287951249,19.907499499999997,-13.884014212048747,0.0,13.884014212048747,13.884014212048747
Ref-01B-B-0p10mps,3.073,0.06505,0.1,0.0,0.09645000000000001,0.29860681114551085,0.0006135883881634395,6.017246566782994,19.907499499999997,-13.890252933217003,0.0,13.890252933217003,13.890252933217003
Ref-01B-B-0p10mps,3.0740000000000003,0.06515000000000004,0.1,0.0,0.09634999999999996,0.2982972136222909,0.0006129522156510873,6.011007845614735,19.907499499999997,-13.896491654385262,0.0,13.896491654385262,13.896491654385262
Ref-01B-B-0p10mps,3.0749999999999997,0.06524999999999997,0.1,0.0,0.09625000000000003,0.2979876160990713,0.0006123160431387358,6.004769124446483,19.907499499999997,-13.902730375553514,0.0,13.902730375553514,13.902730375553514
Ref-01B-B-0p10mps,3.076,0.06535000000000002,0.1,0.0,0.09614999999999999,0.29767801857585136,0.0006116798706263836,5.998530403278224,19.907499499999997,-13.908969096721773,0.0,13.908969096721773,13.908969096721773
Ref-01B-B-0p10mps,3.077,0.06545000000000001,0.1,0.0,0.09605,0.29736842105263156,0.0006110436981140317,5.992291682109968,19.907499499999997,-13.915207817890028,0.0,13.915207817890028,13.915207817890028
Ref-01B-B-0p10mps,3.078,0.06555,0.1,0.0,0.09595000000000001,0.29705882352941176,0.0006104075256016798,5.986052960941713,19.907499499999997,-13.921446539058284,0.0,13.921446539058284,13.921446539058284
Ref-01B-B-0p10mps,3.0790000000000006,0.06565000000000004,0.1,0.0,0.09584999999999996,0.2967492260061918,0.0006097713530893276,5.979814239773454,19.907499499999997,-13.927685260226543,0.0,13.927685260226543,13.927685260226543
Ref-01B-B-0p10mps,3.0799999999999996,0.06574999999999998,0.1,0.0,0.09575000000000003,0.29643962848297223,0.0006091351805769761,5.973575518605203,19.907499499999997,-13.933923981394795,0.0,13.933923981394795,13.933923981394795
Ref-01B-B-0p10mps,3.0810000000000004,0.06585000000000002,0.1,0.0,0.09564999999999999,0.29613003095975227,0.0006084990080646239,5.967336797436944,19.907499499999997,-13.940162702563054,0.0,13.940162702563054,13.940162702563054
Ref-01B-B-0p10mps,3.0820000000000003,0.06595000000000001,0.1,0.0,0.09555,0.29582043343653247,0.000607862835552272,5.961098076268688,19.907499499999997,-13.94640142373131,0.0,13.94640142373131,13.94640142373131
Ref-01B-B-0p10mps,3.083,0.06605,0.1,0.0,0.09545000000000001,0.29551083591331273,0.0006072266630399202,5.9548593551004325,19.907499499999997,-13.952640144899565,0.0,13.952640144899565,13.952640144899565
Ref-01B-B-0p10mps,3.0840000000000005,0.06615000000000004,0.1,0.0,0.09534999999999996,0.29520123839009277,0.000606590490527568,5.948620633932174,19.907499499999997,-13.958878866067822,0.0,13.958878866067822,13.958878866067822
Ref-01B-B-0p10mps,3.085,0.06624999999999998,0.1,0.0,0.09525000000000003,0.29489164086687314,0.0006059543180152164,5.9423819127639215,19.907499499999997,-13.965117587236076,0.0,13.965117587236076,13.965117587236076
Ref-01B-B-0p10mps,3.0860000000000003,0.06635000000000002,0.1,0.0,0.09514999999999998,0.2945820433436532,0.0006053181455028642,5.936143191595663,19.907499499999997,-13.971356308404333,0.0,13.971356308404333,13.971356308404333
Ref-01B-B-0p10mps,3.087,0.06645000000000001,0.1,0.0,0.09505,0.29427244582043344,0.0006046819729905123,5.929904470427407,19.907499499999997,-13.97759502957259,0.0,13.97759502957259,13.97759502957259
Ref-01B-B-0p10mps,3.088,0.06655,0.1,0.0,0.09495,0.29396284829721364,0.0006040458004781605,5.923665749259153,19.907499499999997,-13.983833750740843,0.0,13.983833750740843,13.983833750740843
Ref-01B-B-0p10mps,3.0890000000000004,0.06665000000000004,0.1,0.0,0.09484999999999996,0.2936532507739937,0.0006034096279658082,5.917427028090893,19.907499499999997,-13.990072471909103,0.0,13.990072471909103,13.990072471909103
Ref-01B-B-0p10mps,3.09,0.06674999999999998,0.1,0.0,0.09475000000000003,0.29334365325077405,0.0006027734554534568,5.911188306922641,19.907499499999997,-13.996311193077355,0.0,13.996311193077355,13.996311193077355
Ref-01B-B-0p10mps,3.091,0.06685000000000002,0.1,0.0,0.09464999999999998,0.29303405572755414,0.0006021372829411046,5.904949585754383,19.907499499999997,-14.002549914245613,0.0,14.002549914245613,14.002549914245613
Ref-01B-B-0p10mps,3.092,0.06695000000000001,0.1,0.0,0.09455,0.29272445820433435,0.0006015011104287527,5.8987108645861275,19.907499499999997,-14.008788635413868,0.0,14.008788635413868,14.008788635413868
Ref-01B-B-0p10mps,3.093,0.06705,0.1,0.0,0.09445,0.29241486068111455,0.0006008649379164008,5.892472143417872,19.907499499999997,-14.015027356582124,0.0,14.015027356582124,14.015027356582124
Ref-01B-B-0p10mps,3.0940000000000003,0.06715000000000004,0.1,0.0,0.09434999999999996,0.2921052631578946,0.0006002287654040486,5.886233422249613,19.907499499999997,-14.021266077750383,0.0,14.021266077750383,14.021266077750383
Ref-01B-B-0p10mps,3.0949999999999998,0.06724999999999998,0.1,0.0,0.09425000000000003,0.291795665634675,0.000599592592891697,5.87999470108136,19.907499499999997,-14.027504798918637,0.0,14.027504798918637,14.027504798918637
Ref-01B-B-0p10mps,3.096,0.06735000000000002,0.1,0.0,0.09414999999999998,0.29148606811145505,0.0005989564203793448,5.873755979913102,19.907499499999997,-14.033743520086894,0.0,14.033743520086894,14.033743520086894
Ref-01B-B-0p10mps,3.097,0.06745000000000001,0.1,0.0,0.09405,0.29117647058823526,0.000598320247866993,5.867517258744847,19.907499499999997,-14.03998224125515,0.0,14.03998224125515,14.03998224125515
Ref-01B-B-0p10mps,3.098,0.06755,0.1,0.0,0.09395,0.29086687306501546,0.0005976840753546412,5.861278537576592,19.907499499999997,-14.046220962423405,0.0,14.046220962423405,14.046220962423405
Ref-01B-B-0p10mps,3.0990000000000006,0.06765000000000004,0.1,0.0,0.09384999999999996,0.29055727554179556,0.000597047902842289,5.855039816408333,19.907499499999997,-14.052459683591664,0.0,14.052459683591664,14.052459683591664
Ref-01B-B-0p10mps,3.0999999999999996,0.06774999999999998,0.1,0.0,0.09375000000000003,0.2902476780185759,0.0005964117303299374,5.848801095240081,19.907499499999997,-14.058698404759916,0.0,14.058698404759916,14.058698404759916
Ref-01B-B-0p10mps,3.1010000000000004,0.06785000000000002,0.1,0.0,0.09364999999999998,0.28993808049535597,0.0005957755578175852,5.8425623740718216,19.907499499999997,-14.064937125928175,0.0,14.064937125928175,14.064937125928175
Ref-01B-B-0p10mps,3.1020000000000003,0.06795000000000001,0.1,0.0,0.09355,0.28962848297213617,0.0005951393853052333,5.836323652903566,19.907499499999997,-14.07117584709643,0.0,14.07117584709643,14.07117584709643
Ref-01B-B-0p10mps,3.103,0.06805,0.1,0.0,0.09345,0.28931888544891643,0.0005945032127928814,5.8300849317353105,19.907499499999997,-14.077414568264686,0.0,14.077414568264686,14.077414568264686
Ref-01B-B-0p10mps,3.1040000000000005,0.06815000000000004,0.1,0.0,0.09334999999999996,0.28900928792569647,0.0005938670402805292,5.823846210567051,19.907499499999997,-14.083653289432945,0.0,14.083653289432945,14.083653289432945
Ref-01B-B-0p10mps,3.105,0.06824999999999998,0.1,0.0,0.09325000000000003,0.28869969040247684,0.0005932308677681778,5.8176074893988,19.907499499999997,-14.089892010601197,0.0,14.089892010601197,14.089892010601197
Ref-01B-B-0p10mps,3.1060000000000003,0.06835000000000002,0.1,0.0,0.09314999999999998,0.28839009287925693,0.0005925946952558256,5.811368768230541,19.907499499999997,-14.096130731769456,0.0,14.096130731769456,14.096130731769456
Ref-01B-B-0p10mps,3.107,0.06845000000000001,0.1,0.0,0.09305,0.28808049535603714,0.0005919585227434737,5.805130047062286,19.907499499999997,-14.102369452937712,0.0,14.102369452937712,14.102369452937712
Ref-01B-B-0p10mps,3.108,0.06855,0.1,0.0,0.09295,0.28777089783281734,0.0005913223502311218,5.79889132589403,19.907499499999997,-14.108608174105967,0.0,14.108608174105967,14.108608174105967
Ref-01B-B-0p10mps,3.1090000000000004,0.06865000000000004,0.1,0.0,0.09284999999999996,0.2874613003095974,0.0005906861777187696,5.792652604725772,19.907499499999997,-14.114846895274225,0.0,14.114846895274225,14.114846895274225
Ref-01B-B-0p10mps,3.11,0.06874999999999998,0.1,0.0,0.09275000000000003,0.2871517027863778,0.000590050005206418,5.786413883557519,19.907499499999997,-14.121085616442478,0.0,14.121085616442478,14.121085616442478
Ref-01B-B-0p10mps,3.111,0.06885000000000002,0.1,0.0,0.09264999999999998,0.28684210526315784,0.0005894138326940658,5.78017516238926,19.907499499999997,-14.127324337610737,0.0,14.127324337610737,14.127324337610737
Ref-01B-B-0p10mps,3.112,0.06895000000000001,0.1,0.0,0.09255,0.28653250773993805,0.000588777660181714,5.773936441221005,19.907499499999997,-14.133563058778993,0.0,14.133563058778993,14.133563058778993
Ref-01B-B-0p10mps,3.113,0.06905,0.1,0.0,0.09245,0.28622291021671825,0.0005881414876693622,5.76769772005275,19.907499499999997,-14.139801779947247,0.0,14.139801779947247,14.139801779947247
Ref-01B-B-0p10mps,3.1140000000000003,0.06915000000000004,0.1,0.0,0.09234999999999996,0.28591331269349834,0.00058750531515701,5.761458998884492,19.907499499999997,-14.146040501115504,0.0,14.146040501115504,14.146040501115504
Ref-01B-B-0p10mps,3.1149999999999998,0.06924999999999998,0.1,0.0,0.09225000000000003,0.2856037151702787,0.0005868691426446584,5.755220277716239,19.907499499999997,-14.152279222283758,0.0,14.152279222283758,14.152279222283758
Ref-01B-B-0p10mps,3.116,0.06935000000000002,0.1,0.0,0.09214999999999998,0.28529411764705875,0.0005862329701323062,5.748981556547981,19.907499499999997,-14.158517943452015,0.0,14.158517943452015,14.158517943452015
Ref-01B-B-0p10mps,3.117,0.06945000000000001,0.1,0.0,0.09204999999999999,0.28498452012383896,0.0005855967976199543,5.742742835379725,19.907499499999997,-14.16475666462027,0.0,14.16475666462027,14.16475666462027
Ref-01B-B-0p10mps,3.118,0.06955,0.1,0.0,0.09195,0.2846749226006192,0.0005849606251076024,5.73650411421147,19.907499499999997,-14.170995385788526,0.0,14.170995385788526,14.170995385788526
Ref-01B-B-0p10mps,3.1190000000000007,0.06965000000000005,0.1,0.0,0.09184999999999996,0.28436532507739926,0.0005843244525952502,5.730265393043211,19.907499499999997,-14.177234106956785,0.0,14.177234106956785,14.177234106956785
Ref-01B-B-0p10mps,3.1199999999999997,0.06974999999999998,0.1,0.0,0.09175000000000003,0.2840557275541796,0.0005836882800828988,5.7240266718749595,19.907499499999997,-14.183472828125037,0.0,14.183472828125037,14.183472828125037
Ref-01B-B-0p10mps,3.1210000000000004,0.06985000000000002,0.1,0.0,0.09164999999999998,0.28374613003095966,0.0005830521075705466,5.7177879507067,19.907499499999997,-14.189711549293296,0.0,14.189711549293296,14.189711549293296
Ref-01B-B-0p10mps,3.1220000000000003,0.06995000000000001,0.1,0.0,0.09154999999999999,0.2834365325077399,0.0005824159350581947,5.711549229538445,19.907499499999997,-14.195950270461552,0.0,14.195950270461552,14.195950270461552
Ref-01B-B-0p10mps,3.123,0.07005,0.1,0.0,0.09145,0.28312693498452013,0.0005817797625458428,5.705310508370189,19.907499499999997,-14.202188991629807,0.0,14.202188991629807,14.202188991629807
Ref-01B-B-0p10mps,3.1240000000000006,0.07015000000000005,0.1,0.0,0.09134999999999996,0.28281733746130017,0.0005811435900334906,5.69907178720193,19.907499499999997,-14.208427712798066,0.0,14.208427712798066,14.208427712798066
Ref-01B-B-0p10mps,3.125,0.07024999999999998,0.1,0.0,0.09125000000000003,0.2825077399380806,0.000580507417521139,5.692833066033678,19.907499499999997,-14.214666433966318,0.0,14.214666433966318,14.214666433966318
Ref-01B-B-0p10mps,3.1260000000000003,0.07035000000000002,0.1,0.0,0.09114999999999998,0.28219814241486063,0.0005798712450087868,5.686594344865419,19.907499499999997,-14.220905155134577,0.0,14.220905155134577,14.220905155134577
Ref-01B-B-0p10mps,3.1270000000000002,0.07045000000000001,0.1,0.0,0.09104999999999999,0.28188854489164084,0.000579235072496435,5.680355623697164,19.907499499999997,-14.227143876302833,0.0,14.227143876302833,14.227143876302833
Ref-01B-B-0p10mps,3.128,0.07055,0.1,0.0,0.09095,0.28157894736842104,0.0005785988999840832,5.674116902528909,19.907499499999997,-14.233382597471088,0.0,14.233382597471088,14.233382597471088
Ref-01B-B-0p10mps,3.1290000000000004,0.07065000000000005,0.1,0.0,0.09084999999999996,0.2812693498452011,0.0005779627274717309,5.667878181360649,19.907499499999997,-14.239621318639347,0.0,14.239621318639347,14.239621318639347
Ref-01B-B-0p10mps,3.13,0.07074999999999998,0.1,0.0,0.09075000000000003,0.2809597523219815,0.0005773265549593794,5.661639460192398,19.907499499999997,-14.2458600398076,0.0,14.2458600398076,14.2458600398076
Ref-01B-B-0p10mps,3.1310000000000002,0.07085000000000002,0.1,0.0,0.09064999999999998,0.28065015479876154,0.0005766903824470272,5.655400739024139,19.907499499999997,-14.252098760975858,0.0,14.252098760975858,14.252098760975858
Ref-01B-B-0p10mps,3.132,0.07095000000000001,0.1,0.0,0.09054999999999999,0.28034055727554175,0.0005760542099346753,5.6491620178558835,19.907499499999997,-14.258337482144114,0.0,14.258337482144114,14.258337482144114
Ref-01B-B-0p10mps,3.133,0.07105,0.1,0.0,0.09045,0.280030959752322,0.0005754180374223234,5.642923296687628,19.907499499999997,-14.26457620331237,0.0,14.26457620331237,14.26457620331237
Ref-01B-B-0p10mps,3.1340000000000003,0.07115000000000005,0.1,0.0,0.09034999999999996,0.27972136222910204,0.0005747818649099712,5.636684575519369,19.907499499999997,-14.270814924480629,0.0,14.270814924480629,14.270814924480629
Ref-01B-B-0p10mps,3.135,0.07124999999999998,0.1,0.0,0.09025000000000002,0.2794117647058824,0.0005741456923976198,5.630445854351118,19.907499499999997,-14.277053645648879,0.0,14.277053645648879,14.277053645648879
Ref-01B-B-0p10mps,3.136,0.07135000000000002,0.1,0.0,0.09014999999999998,0.27910216718266245,0.0005735095198852675,5.624207133182858,19.907499499999997,-14.28329236681714,0.0,14.28329236681714,14.28329236681714
Ref-01B-B-0p10mps,3.137,0.07145000000000001,0.1,0.0,0.09004999999999999,0.2787925696594427,0.0005728733473729157,5.617968412014603,19.907499499999997,-14.289531087985393,0.0,14.289531087985393,14.289531087985393
Ref-01B-B-0p10mps,3.138,0.07155,0.1,0.0,0.08995,0.2784829721362229,0.0005722371748605638,5.611729690846348,19.907499499999997,-14.295769809153649,0.0,14.295769809153649,14.295769809153649
Ref-01B-B-0p10mps,3.1390000000000007,0.07165000000000005,0.1,0.0,0.08984999999999996,0.27817337461300295,0.0005716010023482116,5.6054909696780895,19.907499499999997,-14.302008530321906,0.0,14.302008530321906,14.302008530321906
Ref-01B-B-0p10mps,3.1399999999999997,0.07174999999999998,0.1,0.0,0.08975000000000002,0.2778637770897833,0.00057096482983586,5.599252248509837,19.907499499999997,-14.30824725149016,0.0,14.30824725149016,14.30824725149016
Ref-01B-B-0p10mps,3.1410000000000005,0.07185000000000002,0.1,0.0,0.08964999999999998,0.2775541795665634,0.0005703286573235078,5.593013527341578,19.907499499999997,-14.314485972658417,0.0,14.314485972658417,14.314485972658417
Ref-01B-B-0p10mps,3.1420000000000003,0.07195000000000001,0.1,0.0,0.08954999999999999,0.2772445820433436,0.000569692484811156,5.586774806173322,19.907499499999997,-14.320724693826675,0.0,14.320724693826675,14.320724693826675
Ref-01B-B-0p10mps,3.1430000000000002,0.07205,0.1,0.0,0.08945,0.27693498452012383,0.0005690563122988041,5.5805360850050665,19.907499499999997,-14.32696341499493,0.0,14.32696341499493,14.32696341499493
Ref-01B-B-0p10mps,3.1440000000000006,0.07215000000000005,0.1,0.0,0.08934999999999996,0.27662538699690387,0.0005684201397864519,5.574297363836808,19.907499499999997,-14.333202136163187,0.0,14.333202136163187,14.333202136163187
Ref-01B-B-0p10mps,3.145,0.07224999999999998,0.1,0.0,0.08925000000000002,0.2763157894736843,0.0005677839672741004,5.568058642668556,19.907499499999997,-14.33944085733144,0.0,14.33944085733144,14.33944085733144
Ref-01B-B-0p10mps,3.1460000000000004,0.07235000000000003,0.1,0.0,0.08914999999999998,0.27600619195046433,0.0005671477947617482,5.561819921500298,19.907499499999997,-14.345679578499698,0.0,14.345679578499698,14.345679578499698
Ref-01B-B-0p10mps,3.1470000000000002,0.07245000000000001,0.1,0.0,0.08904999999999999,0.27569659442724453,0.0005665116222493963,5.555581200332043,19.907499499999997,-14.351918299667954,0.0,14.351918299667954,14.351918299667954
Ref-01B-B-0p10mps,3.148,0.07255,0.1,0.0,0.08895,0.27538699690402474,0.0005658754497370445,5.549342479163787,19.907499499999997,-14.35815702083621,0.0,14.35815702083621,14.35815702083621
Ref-01B-B-0p10mps,3.149,0.07264999999999999,0.1,0.0,0.08885000000000001,0.275077399380805,0.0005652392772246926,5.543103757995532,19.907499499999997,-14.364395742004465,0.0,14.364395742004465,14.364395742004465
Ref-01B-B-0p10mps,3.15,0.07274999999999998,0.1,0.0,0.08875000000000002,0.2747678018575852,0.0005646031047123407,5.536865036827276,19.907499499999997,-14.37063446317272,0.0,14.37063446317272,14.37063446317272
Ref-01B-B-0p10mps,3.1510000000000002,0.07285000000000003,0.1,0.0,0.08864999999999998,0.27445820433436524,0.0005639669321999885,5.530626315659017,19.907499499999997,-14.37687318434098,0.0,14.37687318434098,14.37687318434098
Ref-01B-B-0p10mps,3.152,0.07295000000000001,0.1,0.0,0.08854999999999999,0.27414860681114545,0.0005633307596876367,5.524387594490762,19.907499499999997,-14.383111905509235,0.0,14.383111905509235,14.383111905509235
Ref-01B-B-0p10mps,3.153,0.07305,0.1,0.0,0.08845,0.2738390092879257,0.0005626945871752848,5.518148873322507,19.907499499999997,-14.38935062667749,0.0,14.38935062667749,14.38935062667749
Ref-01B-B-0p10mps,3.154,0.07314999999999999,0.1,0.0,0.08835000000000001,0.2735294117647059,0.0005620584146629329,5.511910152154251,19.907499499999997,-14.395589347845746,0.0,14.395589347845746,14.395589347845746
Ref-01B-B-0p10mps,3.155,0.07324999999999998,0.1,0.0,0.08825000000000002,0.2732198142414861,0.0005614222421505811,5.505671430985996,19.907499499999997,-14.401828069014002,0.0,14.401828069014002,14.401828069014002
Ref-01B-B-0p10mps,3.156,0.07335000000000003,0.1,0.0,0.08814999999999998,0.27291021671826615,0.0005607860696382289,5.499432709817737,19.907499499999997,-14.40806679018226,0.0,14.40806679018226,14.40806679018226
Ref-01B-B-0p10mps,3.157,0.07345000000000002,0.1,0.0,0.08804999999999999,0.2726006191950464,0.000560149897125877,5.493193988649481,19.907499499999997,-14.414305511350516,0.0,14.414305511350516,14.414305511350516
Ref-01B-B-0p10mps,3.158,0.07355,0.1,0.0,0.08795,0.2722910216718266,0.0005595137246135251,5.486955267481226,19.907499499999997,-14.420544232518772,0.0,14.420544232518772,14.420544232518772
Ref-01B-B-0p10mps,3.159,0.07365,0.1,0.0,0.08785000000000001,0.2719814241486068,0.0005588775521011733,5.480716546312971,19.907499499999997,-14.426782953687026,0.0,14.426782953687026,14.426782953687026
Ref-01B-B-0p10mps,3.1599999999999997,0.07374999999999998,0.1,0.0,0.08775000000000002,0.2716718266253871,0.0005582413795888214,5.4744778251447155,19.907499499999997,-14.433021674855281,0.0,14.433021674855281,14.433021674855281
Ref-01B-B-0p10mps,3.1610000000000005,0.07385000000000003,0.1,0.0,0.08764999999999998,0.2713622291021671,0.0005576052070764692,5.468239103976456,19.907499499999997,-14.43926039602354,0.0,14.43926039602354,14.43926039602354
Ref-01B-B-0p10mps,3.1620000000000004,0.07395000000000002,0.1,0.0,0.08754999999999999,0.2710526315789473,0.0005569690345641173,5.462000382808201,19.907499499999997,-14.445499117191796,0.0,14.445499117191796,14.445499117191796
Ref-01B-B-0p10mps,3.1630000000000003,0.07405,0.1,0.0,0.08745,0.2707430340557275,0.0005563328620517655,5.455761661639945,19.907499499999997,-14.451737838360051,0.0,14.451737838360051,14.451737838360051
Ref-01B-B-0p10mps,3.164,0.07415,0.1,0.0,0.08735000000000001,0.2704334365325078,0.0005556966895394136,5.44952294047169,19.907499499999997,-14.457976559528307,0.0,14.457976559528307,14.457976559528307
Ref-01B-B-0p10mps,3.165,0.07424999999999998,0.1,0.0,0.08725000000000002,0.270123839009288,0.0005550605170270617,5.443284219303434,19.907499499999997,-14.464215280696562,0.0,14.464215280696562,14.464215280696562
Ref-01B-B-0p10mps,3.1660000000000004,0.07435000000000003,0.1,0.0,0.08714999999999998,0.26981424148606803,0.0005544243445147095,5.437045498135175,19.907499499999997,-14.470454001864821,0.0,14.470454001864821,14.470454001864821
Ref-01B-B-0p10mps,3.1670000000000003,0.07445000000000002,0.1,0.0,0.08704999999999999,0.26950464396284823,0.0005537881720023576,5.43080677696692,19.907499499999997,-14.476692723033077,0.0,14.476692723033077,14.476692723033077
Ref-01B-B-0p10mps,3.168,0.07455,0.1,0.0,0.08695,0.2691950464396285,0.0005531519994900058,5.424568055798665,19.907499499999997,-14.48293144420133,0.0,14.48293144420133,14.48293144420133
Ref-01B-B-0p10mps,3.169,0.07465,0.1,0.0,0.08685000000000001,0.2688854489164087,0.000552515826977654,5.4183293346304096,19.907499499999997,-14.489170165369586,0.0,14.489170165369586,14.489170165369586
Ref-01B-B-0p10mps,3.17,0.07474999999999998,0.1,0.0,0.08675000000000002,0.2685758513931889,0.0005518796544653021,5.412090613462154,19.907499499999997,-14.495408886537842,0.0,14.495408886537842,14.495408886537842
Ref-01B-B-0p10mps,3.1710000000000003,0.07485000000000003,0.1,0.0,0.08664999999999998,0.26826625386996894,0.0005512434819529499,5.405851892293896,19.907499499999997,-14.5016476077061,0.0,14.5016476077061,14.5016476077061
Ref-01B-B-0p10mps,3.172,0.07495000000000002,0.1,0.0,0.08654999999999999,0.2679566563467492,0.000550607309440598,5.39961317112564,19.907499499999997,-14.507886328874356,0.0,14.507886328874356,14.507886328874356
Ref-01B-B-0p10mps,3.173,0.07505,0.1,0.0,0.08645,0.2676470588235294,0.0005499711369282461,5.393374449957385,19.907499499999997,-14.514125050042612,0.0,14.514125050042612,14.514125050042612
Ref-01B-B-0p10mps,3.174,0.07515,0.1,0.0,0.08635000000000001,0.2673374613003096,0.0005493349644158942,5.387135728789128,19.907499499999997,-14.520363771210867,0.0,14.520363771210867,14.520363771210867
Ref-01B-B-0p10mps,3.175,0.07524999999999998,0.1,0.0,0.08625000000000002,0.2670278637770898,0.0005486987919035424,5.380897007620875,19.907499499999997,-14.526602492379123,0.0,14.526602492379123,14.526602492379123
Ref-01B-B-0p10mps,3.176,0.07535000000000003,0.1,0.0,0.08614999999999998,0.2667182662538699,0.0005480626193911901,5.374658286452615,19.907499499999997,-14.532841213547382,0.0,14.532841213547382,14.532841213547382
Ref-01B-B-0p10mps,3.177,0.07545000000000002,0.1,0.0,0.08604999999999999,0.2664086687306501,0.0005474264468788383,5.36841956528436,19.907499499999997,-14.539079934715637,0.0,14.539079934715637,14.539079934715637
Ref-01B-B-0p10mps,3.178,0.07555,0.1,0.0,0.08595,0.2660990712074303,0.0005467902743664865,5.3621808441161045,19.907499499999997,-14.545318655883893,0.0,14.545318655883893,14.545318655883893
Ref-01B-B-0p10mps,3.179,0.07565,0.1,0.0,0.08585000000000001,0.2657894736842106,0.0005461541018541346,5.355942122947849,19.907499499999997,-14.551557377052148,0.0,14.551557377052148,14.551557377052148
Ref-01B-B-0p10mps,3.1799999999999997,0.07574999999999998,0.1,0.0,0.08575000000000002,0.2654798761609908,0.0005455179293417827,5.3497034017795935,19.907499499999997,-14.557796098220404,0.0,14.557796098220404,14.557796098220404
Ref-01B-B-0p10mps,3.1810000000000005,0.07585000000000003,0.1,0.0,0.08564999999999998,0.2651702786377708,0.0005448817568294305,5.343464680611334,19.907499499999997,-14.564034819388663,0.0,14.564034819388663,14.564034819388663
Ref-01B-B-0p10mps,3.1820000000000004,0.07595000000000002,0.1,0.0,0.08554999999999999,0.264860681114551,0.0005442455843170786,5.337225959443079,19.907499499999997,-14.570273540556919,0.0,14.570273540556919,14.570273540556919
Ref-01B-B-0p10mps,3.1830000000000003,0.07605,0.1,0.0,0.08545,0.2645510835913313,0.0005436094118047267,5.330987238274823,19.907499499999997,-14.576512261725174,0.0,14.576512261725174,14.576512261725174
Ref-01B-B-0p10mps,3.184,0.07615,0.1,0.0,0.08535000000000001,0.2642414860681115,0.000542973239292375,5.324748517106569,19.907499499999997,-14.582750982893428,0.0,14.582750982893428,14.582750982893428
Ref-01B-B-0p10mps,3.185,0.07624999999999998,0.1,0.0,0.08525000000000002,0.2639318885448917,0.0005423370667800231,5.318509795938313,19.907499499999997,-14.588989704061683,0.0,14.588989704061683,14.588989704061683
Ref-01B-B-0p10mps,3.1860000000000004,0.07635000000000003,0.1,0.0,0.08514999999999998,0.26362229102167173,0.0005417008942676709,5.312271074770054,19.907499499999997,-14.595228425229942,0.0,14.595228425229942,14.595228425229942
Ref-01B-B-0p10mps,3.1870000000000003,0.07645000000000002,0.1,0.0,0.08504999999999999,0.263312693498452,0.000541064721755319,5.306032353601799,19.907499499999997,-14.601467146398198,0.0,14.601467146398198,14.601467146398198
Ref-01B-B-0p10mps,3.188,0.07655,0.1,0.0,0.08495,0.2630030959752322,0.0005404285492429671,5.299793632433543,19.907499499999997,-14.607705867566454,0.0,14.607705867566454,14.607705867566454
Ref-01B-B-0p10mps,3.189,0.07665,0.1,0.0,0.08485000000000001,0.2626934984520124,0.0005397923767306152,5.2935549112652875,19.907499499999997,-14.613944588734709,0.0,14.613944588734709,14.613944588734709
Ref-01B-B-0p10mps,3.19,0.07674999999999998,0.1,0.0,0.08475000000000002,0.2623839009287926,0.0005391562042182633,5.287316190097032,19.907499499999997,-14.620183309902965,0.0,14.620183309902965,14.620183309902965
Ref-01B-B-0p10mps,3.1910000000000003,0.07685000000000003,0.1,0.0,0.08464999999999998,0.2620743034055727,0.0005385200317059111,5.281077468928773,19.907499499999997,-14.626422031071224,0.0,14.626422031071224,14.626422031071224
Ref-01B-B-0p10mps,3.192,0.07695000000000002,0.1,0.0,0.08454999999999999,0.2617647058823529,0.0005378838591935594,5.274838747760518,19.907499499999997,-14.632660752239477,0.0,14.632660752239477,14.632660752239477
Ref-01B-B-0p10mps,3.193,0.07705000000000001,0.1,0.0,0.08445,0.2614551083591331,0.0005372476866812075,5.268600026592263,19.907499499999997,-14.638899473407733,0.0,14.638899473407733,14.638899473407733
Ref-01B-B-0p10mps,3.194,0.07715,0.1,0.0,0.08435000000000001,0.2611455108359133,0.0005366115141688556,5.262361305424007,19.907499499999997,-14.645138194575988,0.0,14.645138194575988,14.645138194575988
Ref-01B-B-0p10mps,3.195,0.07724999999999999,0.1,0.0,0.08425000000000002,0.26083591331269357,0.0005359753416565037,5.256122584255752,19.907499499999997,-14.651376915744244,0.0,14.651376915744244,14.651376915744244
Ref-01B-B-0p10mps,3.196,0.07735000000000003,0.1,0.0,0.08414999999999997,0.2605263157894736,0.0005353391691441515,5.2498838630874936,19.907499499999997,-14.657615636912503,0.0,14.657615636912503,14.657615636912503
Ref-01B-B-0p10mps,3.197,0.07745000000000002,0.1,0.0,0.08404999999999999,0.2602167182662538,0.0005347029966317996,5.243645141919237,19.907499499999997,-14.663854358080759,0.0,14.663854358080759,14.663854358080759
Ref-01B-B-0p10mps,3.198,0.07755000000000001,0.1,0.0,0.08395,0.259907120743034,0.0005340668241194477,5.237406420750982,19.907499499999997,-14.670093079249014,0.0,14.670093079249014,14.670093079249014
Ref-01B-B-0p10mps,3.199,0.07765,0.1,0.0,0.08385000000000001,0.2595975232198143,0.000533430651607096,5.231167699582728,19.907499499999997,-14.67633180041727,0.0,14.67633180041727,14.67633180041727
Ref-01B-B-0p10mps,3.1999999999999997,0.07774999999999999,0.1,0.0,0.08375000000000002,0.2592879256965945,0.0005327944790947441,5.2249289784144715,19.907499499999997,-14.682570521585525,0.0,14.682570521585525,14.682570521585525
Ref-01B-B-0p10mps,3.2010000000000005,0.07785000000000003,0.1,0.0,0.08364999999999997,0.2589783281733745,0.0005321583065823919,5.218690257246213,19.907499499999997,-14.688809242753784,0.0,14.688809242753784,14.688809242753784
Ref-01B-B-0p10mps,3.2020000000000004,0.07795000000000002,0.1,0.0,0.08354999999999999,0.2586687306501547,0.00053152213407004,5.212451536077958,19.907499499999997,-14.69504796392204,0.0,14.69504796392204,14.69504796392204
Ref-01B-B-0p10mps,3.2030000000000003,0.07805000000000001,0.1,0.0,0.08345,0.258359133126935,0.0005308859615576881,5.206212814909702,19.907499499999997,-14.701286685090295,0.0,14.701286685090295,14.701286685090295
Ref-01B-B-0p10mps,3.204,0.07815,0.1,0.0,0.08335000000000001,0.2580495356037152,0.0005302497890453362,5.199974093741447,19.907499499999997,-14.70752540625855,0.0,14.70752540625855,14.70752540625855
Ref-01B-B-0p10mps,3.205,0.07824999999999999,0.1,0.0,0.08325000000000002,0.2577399380804954,0.0005296136165329843,5.193735372573191,19.907499499999997,-14.713764127426806,0.0,14.713764127426806,14.713764127426806
Ref-01B-B-0p10mps,3.2060000000000004,0.07835000000000003,0.1,0.0,0.08314999999999997,0.2574303405572754,0.0005289774440206321,5.187496651404932,19.907499499999997,-14.720002848595065,0.0,14.720002848595065,14.720002848595065
Ref-01B-B-0p10mps,3.2070000000000003,0.07845000000000002,0.1,0.0,0.08304999999999998,0.2571207430340557,0.0005283412715082803,5.181257930236677,19.907499499999997,-14.72624156976332,0.0,14.72624156976332,14.72624156976332
Ref-01B-B-0p10mps,3.208,0.07855000000000001,0.1,0.0,0.08295,0.2568111455108359,0.0005277050989959285,5.175019209068422,19.907499499999997,-14.732480290931575,0.0,14.732480290931575,14.732480290931575
Ref-01B-B-0p10mps,3.209,0.07865,0.1,0.0,0.08285000000000001,0.2565015479876161,0.0005270689264835766,5.168780487900166,19.907499499999997,-14.73871901209983,0.0,14.73871901209983,14.73871901209983
Ref-01B-B-0p10mps,3.21,0.07874999999999999,0.1,0.0,0.08275000000000002,0.25619195046439636,0.0005264327539712247,5.162541766731911,19.907499499999997,-14.744957733268086,0.0,14.744957733268086,14.744957733268086
Ref-01B-B-0p10mps,3.2110000000000003,0.07885000000000003,0.1,0.0,0.08264999999999997,0.2558823529411764,0.0005257965814588725,5.156303045563652,19.907499499999997,-14.751196454436345,0.0,14.751196454436345,14.751196454436345
Ref-01B-B-0p10mps,3.212,0.07895000000000002,0.1,0.0,0.08254999999999998,0.2555727554179566,0.0005251604089465206,5.150064324395396,19.907499499999997,-14.7574351756046,0.0,14.7574351756046,14.7574351756046
Ref-01B-B-0p10mps,3.213,0.07905000000000001,0.1,0.0,0.08245,0.2552631578947368,0.0005245242364341687,5.143825603227141,19.907499499999997,-14.763673896772856,0.0,14.763673896772856,14.763673896772856
Ref-01B-B-0p10mps,3.214,0.07915,0.1,0.0,0.08235,0.25495356037151706,0.0005238880639218169,5.137586882058885,19.907499499999997,-14.769912617941111,0.0,14.769912617941111,14.769912617941111
Ref-01B-B-0p10mps,3.215,0.07924999999999999,0.1,0.0,0.08225000000000002,0.25464396284829727,0.0005232518914094651,5.131348160890631,19.907499499999997,-14.776151339109365,0.0,14.776151339109365,14.776151339109365
Ref-01B-B-0p10mps,3.216,0.07935000000000003,0.1,0.0,0.08214999999999997,0.2543343653250773,0.0005226157188971129,5.1251094397223715,19.907499499999997,-14.782390060277624,0.0,14.782390060277624,14.782390060277624
Ref-01B-B-0p10mps,3.217,0.07945000000000002,0.1,0.0,0.08204999999999998,0.2540247678018575,0.000521979546384761,5.118870718554116,19.907499499999997,-14.78862878144588,0.0,14.78862878144588,14.78862878144588
Ref-01B-B-0p10mps,3.218,0.07955000000000001,0.1,0.0,0.08195,0.25371517027863777,0.0005213433738724091,5.1126319973858605,19.907499499999997,-14.794867502614135,0.0,14.794867502614135,14.794867502614135
Ref-01B-B-0p10mps,3.219,0.07965,0.1,0.0,0.08185,0.253405572755418,0.0005207072013600572,5.106393276217605,19.907499499999997,-14.80110622378239,0.0,14.80110622378239,14.80110622378239
Ref-01B-B-0p10mps,3.2199999999999998,0.07974999999999999,0.1,0.0,0.08175000000000002,0.2530959752321982,0.0005200710288477054,5.1001545550493494,19.907499499999997,-14.807344944950646,0.0,14.807344944950646,14.807344944950646
Ref-01B-B-0p10mps,3.2210000000000005,0.07985000000000003,0.1,0.0,0.08164999999999997,0.2527863777089782,0.0005194348563353531,5.09391583388109,19.907499499999997,-14.813583666118905,0.0,14.813583666118905,14.813583666118905
Ref-01B-B-0p10mps,3.2220000000000004,0.07995000000000002,0.1,0.0,0.08154999999999998,0.2524767801857585,0.0005187986838230013,5.087677112712835,19.907499499999997,-14.81982238728716,0.0,14.81982238728716,14.81982238728716
Ref-01B-B-0p10mps,3.2230000000000003,0.08005000000000001,0.1,0.0,0.08145,0.2521671826625387,0.0005181625113106495,5.08143839154458,19.907499499999997,-14.826061108455416,0.0,14.826061108455416,14.826061108455416
Ref-01B-B-0p10mps,3.224,0.08015,0.1,0.0,0.08135,0.2518575851393189,0.0005175263387982976,5.075199670376325,19.907499499999997,-14.832299829623672,0.0,14.832299829623672,14.832299829623672
Ref-01B-B-0p10mps,3.225,0.08024999999999999,0.1,0.0,0.08125000000000002,0.2515479876160991,0.0005168901662859457,5.068960949208069,19.907499499999997,-14.838538550791927,0.0,14.838538550791927,14.838538550791927
Ref-01B-B-0p10mps,3.2260000000000004,0.08035000000000003,0.1,0.0,0.08114999999999997,0.2512383900928792,0.0005162539937735935,5.062722228039811,19.907499499999997,-14.844777271960186,0.0,14.844777271960186,14.844777271960186
Ref-01B-B-0p10mps,3.2270000000000003,0.08045000000000002,0.1,0.0,0.08104999999999998,0.2509287925696594,0.0005156178212612416,5.0564835068715555,19.907499499999997,-14.851015993128442,0.0,14.851015993128442,14.851015993128442
Ref-01B-B-0p10mps,3.228,0.08055000000000001,0.1,0.0,0.08095,0.2506191950464396,0.0005149816487488898,5.0502447857033,19.907499499999997,-14.857254714296698,0.0,14.857254714296698,14.857254714296698
Ref-01B-B-0p10mps,3.229,0.08065,0.1,0.0,0.08085,0.2503095975232198,0.0005143454762365379,5.0440060645350435,19.907499499999997,-14.863493435464953,0.0,14.863493435464953,14.863493435464953
Ref-01B-B-0p10mps,3.23,0.08074999999999999,0.1,0.0,0.08075000000000002,0.25000000000000006,0.0005137093037241861,5.03776734336679,19.907499499999997,-14.869732156633207,0.0,14.869732156633207,14.869732156633207
Ref-01B-B-0p10mps,3.2310000000000003,0.08085000000000003,0.1,0.0,0.08064999999999997,0.2496904024767801,0.0005130731312118338,5.03152862219853,19.907499499999997,-14.875970877801468,0.0,14.875970877801468,14.875970877801468
Ref-01B-B-0p10mps,3.232,0.08095000000000002,0.1,0.0,0.08054999999999998,0.2493808049535603,0.000512436958699482,5.025289901030275,19.907499499999997,-14.882209598969721,0.0,14.882209598969721,14.882209598969721
Ref-01B-B-0p10mps,3.233,0.08105000000000001,0.1,0.0,0.08045,0.24907120743034053,0.0005118007861871301,5.01905117986202,19.907499499999997,-14.888448320137977,0.0,14.888448320137977,14.888448320137977
Ref-01B-B-0p10mps,3.234,0.08115,0.1,0.0,0.08035,0.24876160990712076,0.0005111646136747782,5.012812458693764,19.907499499999997,-14.894687041306232,0.0,14.894687041306232,14.894687041306232
Ref-01B-B-0p10mps,3.235,0.08124999999999999,0.1,0.0,0.08025000000000002,0.24845201238390097,0.0005105284411624264,5.006573737525509,19.907499499999997,-14.900925762474488,0.0,14.900925762474488,14.900925762474488
Ref-01B-B-0p10mps,3.236,0.08135000000000003,0.1,0.0,0.08014999999999997,0.24814241486068103,0.0005098922686500742,5.0003350163572495,19.907499499999997,-14.907164483642747,0.0,14.907164483642747,14.907164483642747
Ref-01B-B-0p10mps,3.237,0.08145000000000002,0.1,0.0,0.08004999999999998,0.24783281733746124,0.0005092560961377223,4.994096295188994,19.907499499999997,-14.913403204811003,0.0,14.913403204811003,14.913403204811003
Ref-01B-B-0p10mps,3.238,0.08155000000000001,0.1,0.0,0.07995,0.24752321981424147,0.0005086199236253704,4.9878575740207385,19.907499499999997,-14.919641925979258,0.0,14.919641925979258,14.919641925979258
Ref-01B-B-0p10mps,3.239,0.08165,0.1,0.0,0.07985,0.24721362229102167,0.0005079837511130186,4.981618852852484,19.907499499999997,-14.925880647147512,0.0,14.925880647147512,14.925880647147512
Ref-01B-B-0p10mps,3.2399999999999998,0.08174999999999999,0.1,0.0,0.07975000000000002,0.2469040247678019,0.0005073475786006667,4.975380131684228,19.907499499999997,-14.932119368315767,0.0,14.932119368315767,14.932119368315767
Ref-01B-B-0p10mps,3.2410000000000005,0.08185000000000003,0.1,0.0,0.07964999999999997,0.24659442724458194,0.0005067114060883145,4.969141410515969,19.907499499999997,-14.938358089484026,0.0,14.938358089484026,14.938358089484026
Ref-01B-B-0p10mps,3.2420000000000004,0.08195000000000002,0.1,0.0,0.07954999999999998,0.24628482972136218,0.0005060752335759626,4.962902689347714,19.907499499999997,-14.944596810652282,0.0,14.944596810652282,14.944596810652282
Ref-01B-B-0p10mps,3.2430000000000003,0.08205000000000001,0.1,0.0,0.07944999999999999,0.24597523219814238,0.0005054390610636108,4.956663968179458,19.907499499999997,-14.950835531820537,0.0,14.950835531820537,14.950835531820537
Ref-01B-B-0p10mps,3.244,0.08215,0.1,0.0,0.07935,0.2456656346749226,0.0005048028885512589,4.950425247011203,19.907499499999997,-14.957074252988793,0.0,14.957074252988793,14.957074252988793
Ref-01B-B-0p10mps,3.245,0.08224999999999999,0.1,0.0,0.07925000000000001,0.24535603715170282,0.000504166716038907,4.944186525842947,19.907499499999997,-14.963312974157049,0.0,14.963312974157049,14.963312974157049
Ref-01B-B-0p10mps,3.2460000000000004,0.08235000000000003,0.1,0.0,0.07914999999999997,0.24504643962848288,0.0005035305435265548,4.937947804674688,19.907499499999997,-14.969551695325308,0.0,14.969551695325308,14.969551695325308
Ref-01B-B-0p10mps,3.2470000000000003,0.08245000000000002,0.1,0.0,0.07904999999999998,0.24473684210526309,0.0005028943710142029,4.931709083506433,19.907499499999997,-14.975790416493563,0.0,14.975790416493563,14.975790416493563
Ref-01B-B-0p10mps,3.248,0.08255000000000001,0.1,0.0,0.07894999999999999,0.24442724458204332,0.0005022581985018511,4.925470362338178,19.907499499999997,-14.982029137661819,0.0,14.982029137661819,14.982029137661819
Ref-01B-B-0p10mps,3.249,0.08265,0.1,0.0,0.07885,0.24411764705882352,0.0005016220259894993,4.919231641169922,19.907499499999997,-14.988267858830074,0.0,14.988267858830074,14.988267858830074
Ref-01B-B-0p10mps,3.25,0.08274999999999999,0.1,0.0,0.07875000000000001,0.24380804953560375,0.0005009858534771474,4.912992920001667,19.907499499999997,-14.99450657999833,0.0,14.99450657999833,14.99450657999833
Ref-01B-B-0p10mps,3.2510000000000003,0.08285000000000003,0.1,0.0,0.07864999999999997,0.2434984520123838,0.0005003496809647952,4.906754198833409,19.907499499999997,-15.000745301166589,0.0,15.000745301166589,15.000745301166589
Ref-01B-B-0p10mps,3.2520000000000002,0.08295000000000002,0.1,0.0,0.07854999999999998,0.24318885448916402,0.0004997135084524433,4.900515477665152,19.907499499999997,-15.006984022334844,0.0,15.006984022334844,15.006984022334844
Ref-01B-B-0p10mps,3.253,0.08305000000000001,0.1,0.0,0.07844999999999999,0.24287925696594423,0.0004990773359400914,4.894276756496897,19.907499499999997,-15.0132227435031,0.0,15.0132227435031,15.0132227435031
Ref-01B-B-0p10mps,3.254,0.08315,0.1,0.0,0.07835,0.24256965944272446,0.0004984411634277395,4.888038035328641,19.907499499999997,-15.019461464671355,0.0,15.019461464671355,15.019461464671355
Ref-01B-B-0p10mps,3.255,0.08324999999999999,0.1,0.0,0.07825000000000001,0.2422600619195047,0.0004978049909153877,4.881799314160387,19.907499499999997,-15.02570018583961,0.0,15.02570018583961,15.02570018583961
Ref-01B-B-0p10mps,3.2560000000000002,0.08335000000000004,0.1,0.0,0.07814999999999997,0.24195046439628473,0.0004971688184030355,4.875560592992128,19.907499499999997,-15.031938907007868,0.0,15.031938907007868,15.031938907007868
Ref-01B-B-0p10mps,3.257,0.08345000000000002,0.1,0.0,0.07804999999999998,0.24164086687306494,0.0004965326458906837,4.869321871823873,19.907499499999997,-15.038177628176124,0.0,15.038177628176124,15.038177628176124
Ref-01B-B-0p10mps,3.258,0.08355000000000001,0.1,0.0,0.07794999999999999,0.24133126934984517,0.0004958964733783318,4.863083150655617,19.907499499999997,-15.04441634934438,0.0,15.04441634934438,15.04441634934438
Ref-01B-B-0p10mps,3.259,0.08365,0.1,0.0,0.07785,0.2410216718266254,0.0004952603008659799,4.856844429487362,19.907499499999997,-15.050655070512635,0.0,15.050655070512635,15.050655070512635
Ref-01B-B-0p10mps,3.26,0.08374999999999999,0.1,0.0,0.07775000000000001,0.2407120743034056,0.000494624128353628,4.850605708319106,19.907499499999997,-15.05689379168089,0.0,15.05689379168089,15.05689379168089
Ref-01B-B-0p10mps,3.2610000000000006,0.08385000000000004,0.1,0.0,0.07764999999999997,0.24040247678018564,0.0004939879558412758,4.844366987150847,19.907499499999997,-15.06313251284915,0.0,15.06313251284915,15.06313251284915
Ref-01B-B-0p10mps,3.2620000000000005,0.08395000000000002,0.1,0.0,0.07754999999999998,0.24009287925696587,0.0004933517833289239,4.838128265982592,19.907499499999997,-15.069371234017405,0.0,15.069371234017405,15.069371234017405
Ref-01B-B-0p10mps,3.2630000000000003,0.08405000000000001,0.1,0.0,0.07744999999999999,0.2397832817337461,0.0004927156108165721,4.831889544814337,19.907499499999997,-15.075609955185659,0.0,15.075609955185659,15.075609955185659
Ref-01B-B-0p10mps,3.2640000000000002,0.08415,0.1,0.0,0.07735,0.2394736842105263,0.0004920794383042203,4.8256508236460816,19.907499499999997,-15.081848676353914,0.0,15.081848676353914,15.081848676353914
Ref-01B-B-0p10mps,3.265,0.08424999999999999,0.1,0.0,0.07725000000000001,0.23916408668730654,0.0004914432657918684,4.819412102477826,19.907499499999997,-15.08808739752217,0.0,15.08808739752217,15.08808739752217
Ref-01B-B-0p10mps,3.2660000000000005,0.08435000000000004,0.1,0.0,0.07714999999999997,0.23885448916408658,0.0004908070932795162,4.813173381309567,19.907499499999997,-15.094326118690429,0.0,15.094326118690429,15.094326118690429
Ref-01B-B-0p10mps,3.2670000000000003,0.08445000000000003,0.1,0.0,0.07704999999999998,0.2385448916408668,0.0004901709207671643,4.806934660141311,19.907499499999997,-15.100564839858684,0.0,15.100564839858684,15.100564839858684
Ref-01B-B-0p10mps,3.2680000000000002,0.08455000000000001,0.1,0.0,0.07694999999999999,0.23823529411764702,0.0004895347482548124,4.800695938973056,19.907499499999997,-15.10680356102694,0.0,15.10680356102694,15.10680356102694
Ref-01B-B-0p10mps,3.269,0.08465,0.1,0.0,0.07685,0.23792569659442725,0.0004888985757424605,4.7944572178048,19.907499499999997,-15.113042282195195,0.0,15.113042282195195,15.113042282195195
Ref-01B-B-0p10mps,3.27,0.08474999999999999,0.1,0.0,0.07675000000000001,0.23761609907120745,0.0004882624032301087,4.788218496636545,19.907499499999997,-15.11928100336345,0.0,15.11928100336345,15.11928100336345
Ref-01B-B-0p10mps,3.271,0.08484999999999998,0.1,0.0,0.07665000000000002,0.23730650154798769,0.0004876262307177568,4.781979775468289,19.907499499999997,-15.125519724531706,0.0,15.125519724531706,15.125519724531706
Ref-01B-B-0p10mps,3.2720000000000002,0.08495000000000003,0.1,0.0,0.07654999999999998,0.23699690402476772,0.0004869900582054046,4.775741054300031,19.907499499999997,-15.131758445699965,0.0,15.131758445699965,15.131758445699965
Ref-01B-B-0p10mps,3.273,0.08505000000000001,0.1,0.0,0.07644999999999999,0.23668730650154796,0.0004863538856930528,4.769502333131776,19.907499499999997,-15.137997166868221,0.0,15.137997166868221,15.137997166868221
Ref-01B-B-0p10mps,3.274,0.08515,0.1,0.0,0.07635,0.23637770897832816,0.0004857177131807009,4.76326361196352,19.907499499999997,-15.144235888036476,0.0,15.144235888036476,15.144235888036476
Ref-01B-B-0p10mps,3.275,0.08524999999999999,0.1,0.0,0.07625000000000001,0.2360681114551084,0.000485081540668349,4.757024890795265,19.907499499999997,-15.150474609204732,0.0,15.150474609204732,15.150474609204732
Ref-01B-B-0p10mps,3.276,0.08534999999999998,0.1,0.0,0.07615000000000002,0.2357585139318886,0.0004844453681559972,4.75078616962701,19.907499499999997,-15.156713330372988,0.0,15.156713330372988,15.156713330372988
Ref-01B-B-0p10mps,3.277,0.08545000000000003,0.1,0.0,0.07604999999999998,0.23544891640866866,0.000483809195643645,4.744547448458751,19.907499499999997,-15.162952051541247,0.0,15.162952051541247,15.162952051541247
Ref-01B-B-0p10mps,3.278,0.08555000000000001,0.1,0.0,0.07594999999999999,0.23513931888544887,0.0004831730231312931,4.738308727290495,19.907499499999997,-15.169190772709502,0.0,15.169190772709502,15.169190772709502
Ref-01B-B-0p10mps,3.279,0.08565,0.1,0.0,0.07585,0.2348297213622291,0.0004825368506189412,4.73207000612224,19.907499499999997,-15.175429493877758,0.0,15.175429493877758,15.175429493877758
Ref-01B-B-0p10mps,3.28,0.08574999999999999,0.1,0.0,0.07575000000000001,0.23452012383900933,0.0004819006781065894,4.725831284953984,19.907499499999997,-15.181668215046013,0.0,15.181668215046013,15.181668215046013
Ref-01B-B-0p10mps,3.2809999999999997,0.08584999999999998,0.1,0.0,0.07565000000000002,0.23421052631578954,0.0004812645055942375,4.719592563785729,19.907499499999997,-15.187906936214269,0.0,15.187906936214269,15.187906936214269
Ref-01B-B-0p10mps,3.2820000000000005,0.08595000000000003,0.1,0.0,0.07554999999999998,0.23390092879256957,0.0004806283330818853,4.713353842617471,19.907499499999997,-15.194145657382526,0.0,15.194145657382526,15.194145657382526
Ref-01B-B-0p10mps,3.2830000000000004,0.08605000000000002,0.1,0.0,0.07544999999999999,0.2335913312693498,0.0004799921605695334,4.707115121449215,19.907499499999997,-15.200384378550782,0.0,15.200384378550782,15.200384378550782
Ref-01B-B-0p10mps,3.2840000000000003,0.08615,0.1,0.0,0.07535,0.23328173374613004,0.0004793559880571816,4.7008764002809595,19.907499499999997,-15.206623099719037,0.0,15.206623099719037,15.206623099719037
Ref-01B-B-0p10mps,3.285,0.08625,0.1,0.0,0.07525000000000001,0.23297213622291024,0.0004787198155448297,4.694637679112704,19.907499499999997,-15.212861820887293,0.0,15.212861820887293,15.212861820887293
Ref-01B-B-0p10mps,3.286,0.08634999999999998,0.1,0.0,0.07515000000000002,0.23266253869969047,0.0004780836430324778,4.6883989579444485,19.907499499999997,-15.219100542055548,0.0,15.219100542055548,15.219100542055548
Ref-01B-B-0p10mps,3.2870000000000004,0.08645000000000003,0.1,0.0,0.07504999999999998,0.2323529411764705,0.0004774474705201256,4.682160236776189,19.907499499999997,-15.225339263223807,0.0,15.225339263223807,15.225339263223807
Ref-01B-B-0p10mps,3.2880000000000003,0.08655000000000002,0.1,0.0,0.07494999999999999,0.23204334365325074,0.00047681129800777373,4.675921515607934,19.907499499999997,-15.231577984392063,0.0,15.231577984392063,15.231577984392063
Ref-01B-B-0p10mps,3.289,0.08665,0.1,0.0,0.07485,0.23173374613003095,0.0004761751254954219,4.669682794439679,19.907499499999997,-15.237816705560316,0.0,15.237816705560316,15.237816705560316
Ref-01B-B-0p10mps,3.29,0.08675,0.1,0.0,0.07475000000000001,0.23142414860681118,0.00047553895298307,4.663444073271424,19.907499499999997,-15.244055426728572,0.0,15.244055426728572,15.244055426728572
Ref-01B-B-0p10mps,3.291,0.08684999999999998,0.1,0.0,0.07465000000000002,0.23111455108359139,0.00047490278047071814,4.657205352103168,19.907499499999997,-15.250294147896827,0.0,15.250294147896827,15.250294147896827
Ref-01B-B-0p10mps,3.2920000000000003,0.08695000000000003,0.1,0.0,0.07454999999999998,0.23080495356037145,0.00047426660795836593,4.650966630934909,19.907499499999997,-15.256532869065087,0.0,15.256532869065087,15.256532869065087
Ref-01B-B-0p10mps,3.293,0.08705000000000002,0.1,0.0,0.07444999999999999,0.23049535603715166,0.0004736304354460141,4.644727909766654,19.907499499999997,-15.262771590233342,0.0,15.262771590233342,15.262771590233342
Ref-01B-B-0p10mps,3.294,0.08715,0.1,0.0,0.07435,0.2301857585139319,0.0004729942629336622,4.638489188598398,19.907499499999997,-15.269010311401598,0.0,15.269010311401598,15.269010311401598
Ref-01B-B-0p10mps,3.295,0.08725,0.1,0.0,0.07425000000000001,0.2298761609907121,0.00047235809042131034,4.632250467430143,19.907499499999997,-15.275249032569853,0.0,15.275249032569853,15.275249032569853
Ref-01B-B-0p10mps,3.296,0.08734999999999998,0.1,0.0,0.07415000000000002,0.22956656346749232,0.0004717219179089585,4.626011746261888,19.907499499999997,-15.281487753738109,0.0,15.281487753738109,15.281487753738109
Ref-01B-B-0p10mps,3.297,0.08745000000000003,0.1,0.0,0.07404999999999998,0.22925696594427236,0.0004710857453966063,4.619773025093629,19.907499499999997,-15.287726474906368,0.0,15.287726474906368,15.287726474906368
Ref-01B-B-0p10mps,3.298,0.08755000000000002,0.1,0.0,0.07394999999999999,0.2289473684210526,0.0004704495728842544,4.613534303925373,19.907499499999997,-15.293965196074623,0.0,15.293965196074623,15.293965196074623
Ref-01B-B-0p10mps,3.299,0.08765,0.1,0.0,0.07385,0.2286377708978328,0.00046981340037190254,4.607295582757118,19.907499499999997,-15.300203917242879,0.0,15.300203917242879,15.300203917242879
Ref-01B-B-0p10mps,3.3,0.08775,0.1,0.0,0.07375000000000001,0.22832817337461303,0.0004691772278595507,4.601056861588863,19.907499499999997,-15.306442638411134,0.0,15.306442638411134,15.306442638411134
Ref-01B-B-0p10mps,3.3009999999999997,0.08784999999999998,0.1,0.0,0.07365000000000002,0.22801857585139323,0.00046854105534719883,4.594818140420608,19.907499499999997,-15.31268135957939,0.0,15.31268135957939,15.31268135957939
Ref-01B-B-0p10mps,3.3020000000000005,0.08795000000000003,0.1,0.0,0.07354999999999998,0.2277089783281733,0.0004679048828348466,4.588579419252349,19.907499499999997,-15.318920080747649,0.0,15.318920080747649,15.318920080747649
Ref-01B-B-0p10mps,3.3030000000000004,0.08805000000000002,0.1,0.0,0.07344999999999999,0.2273993808049535,0.00046726871032249474,4.582340698084093,19.907499499999997,-15.325158801915904,0.0,15.325158801915904,15.325158801915904
Ref-01B-B-0p10mps,3.3040000000000003,0.08815,0.1,0.0,0.07335,0.22708978328173374,0.0004666325378101429,4.5761019769158375,19.907499499999997,-15.33139752308416,0.0,15.33139752308416,15.33139752308416
Ref-01B-B-0p10mps,3.305,0.08825,0.1,0.0,0.07325000000000001,0.22678018575851394,0.00046599636529779103,4.569863255747582,19.907499499999997,-15.337636244252415,0.0,15.337636244252415,15.337636244252415
Ref-01B-B-0p10mps,3.306,0.08834999999999998,0.1,0.0,0.07315000000000002,0.22647058823529417,0.00046536019278543915,4.5636245345793265,19.907499499999997,-15.343874965420671,0.0,15.343874965420671,15.343874965420671
Ref-01B-B-0p10mps,3.3070000000000004,0.08845000000000003,0.1,0.0,0.07304999999999998,0.2261609907120742,0.00046472402027308694,4.557385813411068,19.907499499999997,-15.350113686588928,0.0,15.350113686588928,15.350113686588928
Ref-01B-B-0p10mps,3.3080000000000003,0.08855000000000002,0.1,0.0,0.07294999999999999,0.22585139318885444,0.00046408784776073506,4.551147092242812,19.907499499999997,-15.356352407757186,0.0,15.356352407757186,15.356352407757186
Ref-01B-B-0p10mps,3.309,0.08865,0.1,0.0,0.07285,0.22554179566563468,0.00046345167524838323,4.544908371074557,19.907499499999997,-15.36259112892544,0.0,15.36259112892544,15.36259112892544
Ref-01B-B-0p10mps,3.31,0.08875,0.1,0.0,0.07275000000000001,0.22523219814241488,0.00046281550273603135,4.538669649906302,19.907499499999997,-15.368829850093695,0.0,15.368829850093695,15.368829850093695
Ref-01B-B-0p10mps,3.311,0.08884999999999998,0.1,0.0,0.07265000000000002,0.2249226006191951,0.0004621793302236795,4.532430928738046,19.907499499999997,-15.37506857126195,0.0,15.37506857126195,15.37506857126195
Ref-01B-B-0p10mps,3.3120000000000003,0.08895000000000003,0.1,0.0,0.07254999999999998,0.22461300309597515,0.00046154315771132726,4.526192207569787,19.907499499999997,-15.38130729243021,0.0,15.38130729243021,15.38130729243021
Ref-01B-B-0p10mps,3.313,0.08905000000000002,0.1,0.0,0.07244999999999999,0.22430340557275538,0.00046090698519897543,4.5199534864015325,19.907499499999997,-15.387546013598463,0.0,15.387546013598463,15.387546013598463
Ref-01B-B-0p10mps,3.314,0.08915000000000001,0.1,0.0,0.07235,0.2239938080495356,0.00046027081268662355,4.513714765233277,19.907499499999997,-15.393784734766719,0.0,15.393784734766719,15.393784734766719
Ref-01B-B-0p10mps,3.315,0.08925,0.1,0.0,0.07225000000000001,0.22368421052631582,0.00045963464017427166,4.5074760440650214,19.907499499999997,-15.400023455934974,0.0,15.400023455934974,15.400023455934974
Ref-01B-B-0p10mps,3.316,0.08934999999999998,0.1,0.0,0.07215000000000002,0.22337461300309602,0.00045899846766191984,4.501237322896766,19.907499499999997,-15.40626217710323,0.0,15.40626217710323,15.40626217710323
Ref-01B-B-0p10mps,3.317,0.08945000000000003,0.1,0.0,0.07204999999999998,0.2230650154798761,0.00045836229514956763,4.494998601728507,19.907499499999997,-15.412500898271489,0.0,15.412500898271489,15.412500898271489
Ref-01B-B-0p10mps,3.318,0.08955000000000002,0.1,0.0,0.07194999999999999,0.2227554179566563,0.00045772612263721575,4.488759880560251,19.907499499999997,-15.418739619439744,0.0,15.418739619439744,15.418739619439744
Ref-01B-B-0p10mps,3.319,0.08965000000000001,0.1,0.0,0.07185,0.22244582043343653,0.00045708995012486386,4.482521159391996,19.907499499999997,-15.424978340608,0.0,15.424978340608,15.424978340608
Ref-01B-B-0p10mps,3.32,0.08975,0.1,0.0,0.07175000000000001,0.22213622291021673,0.00045645377761251204,4.476282438223741,19.907499499999997,-15.431217061776255,0.0,15.431217061776255,15.431217061776255
Ref-01B-B-0p10mps,3.3209999999999997,0.08984999999999999,0.1,0.0,0.07165000000000002,0.22182662538699696,0.00045581760510016015,4.470043717055486,19.907499499999997,-15.437455782944511,0.0,15.437455782944511,15.437455782944511
Ref-01B-B-0p10mps,3.3220000000000005,0.08995000000000003,0.1,0.0,0.07154999999999997,0.221517027863777,0.00045518143258780795,4.463804995887227,19.907499499999997,-15.44369450411277,0.0,15.44369450411277,15.44369450411277
Ref-01B-B-0p10mps,3.3230000000000004,0.09005000000000002,0.1,0.0,0.07144999999999999,0.22120743034055723,0.00045454526007545606,4.457566274718971,19.907499499999997,-15.449933225281026,0.0,15.449933225281026,15.449933225281026
Ref-01B-B-0p10mps,3.3240000000000003,0.09015000000000001,0.1,0.0,0.07135,0.22089783281733744,0.00045390908756310424,4.451327553550716,19.907499499999997,-15.456171946449281,0.0,15.456171946449281,15.456171946449281
Ref-01B-B-0p10mps,3.325,0.09025,0.1,0.0,0.07125000000000001,0.22058823529411767,0.00045327291505075235,4.44508883238246,19.907499499999997,-15.462410667617537,0.0,15.462410667617537,15.462410667617537
Ref-01B-B-0p10mps,3.326,0.09034999999999999,0.1,0.0,0.07115000000000002,0.22027863777089787,0.00045263674253840047,4.4388501112142045,19.907499499999997,-15.468649388785792,0.0,15.468649388785792,15.468649388785792
Ref-01B-B-0p10mps,3.3270000000000004,0.09045000000000003,0.1,0.0,0.07104999999999997,0.21996904024767794,0.00045200057002604826,4.432611390045946,19.907499499999997,-15.474888109954051,0.0,15.474888109954051,15.474888109954051
Ref-01B-B-0p10mps,3.3280000000000003,0.09055000000000002,0.1,0.0,0.07094999999999999,0.21965944272445814,0.00045136439751369644,4.426372668877691,19.907499499999997,-15.481126831122307,0.0,15.481126831122307,15.481126831122307
Ref-01B-B-0p10mps,3.329,0.09065000000000001,0.1,0.0,0.07085,0.21934984520123837,0.00045072822500134455,4.420133947709435,19.907499499999997,-15.487365552290562,0.0,15.487365552290562,15.487365552290562
Ref-01B-B-0p10mps,3.33,0.09075,0.1,0.0,0.07075000000000001,0.21904024767801858,0.00045009205248899267,4.41389522654118,19.907499499999997,-15.493604273458818,0.0,15.493604273458818,15.493604273458818
Ref-01B-B-0p10mps,3.331,0.09084999999999999,0.1,0.0,0.07065000000000002,0.2187306501547988,0.00044945587997664084,4.407656505372925,19.907499499999997,-15.499842994627071,0.0,15.499842994627071,15.499842994627071
Ref-01B-B-0p10mps,3.3320000000000003,0.09095000000000003,0.1,0.0,0.07054999999999997,0.21842105263157885,0.0004488197074642886,4.401417784204665,19.907499499999997,-15.506081715795332,0.0,15.506081715795332,15.506081715795332
Ref-01B-B-0p10mps,3.333,0.09105000000000002,0.1,0.0,0.07044999999999998,0.21811145510835908,0.00044818353495193675,4.3951790630364105,19.907499499999997,-15.512320436963586,0.0,15.512320436963586,15.512320436963586
Ref-01B-B-0p10mps,3.334,0.09115000000000001,0.1,0.0,0.07035,0.2178018575851393,0.00044754736243958487,4.388940341868155,19.907499499999997,-15.518559158131842,0.0,15.518559158131842,15.518559158131842
Ref-01B-B-0p10mps,3.335,0.09125,0.1,0.0,0.07025,0.21749226006191952,0.000446911189927233,4.382701620699899,19.907499499999997,-15.524797879300097,0.0,15.524797879300097,15.524797879300097
Ref-01B-B-0p10mps,3.336,0.09134999999999999,0.1,0.0,0.07015000000000002,0.21718266253869975,0.00044627501741488116,4.376462899531644,19.907499499999997,-15.531036600468353,0.0,15.531036600468353,15.531036600468353
Ref-01B-B-0p10mps,3.337,0.09145000000000003,0.1,0.0,0.07004999999999997,0.2168730650154798,0.00044563884490252895,4.370224178363386,19.907499499999997,-15.53727532163661,0.0,15.53727532163661,15.53727532163661
Ref-01B-B-0p10mps,3.338,0.09155000000000002,0.1,0.0,0.06994999999999998,0.21656346749226002,0.00044500267239017707,4.36398545719513,19.907499499999997,-15.543514042804865,0.0,15.543514042804865,15.543514042804865
Ref-01B-B-0p10mps,3.339,0.09165000000000001,0.1,0.0,0.06985,0.21625386996904022,0.0004443664998778252,4.357746736026874,19.907499499999997,-15.549752763973123,0.0,15.549752763973123,15.549752763973123
Ref-01B-B-0p10mps,3.34,0.09175,0.1,0.0,0.06975,0.21594427244582046,0.00044373032736547336,4.351508014858619,19.907499499999997,-15.555991485141377,0.0,15.555991485141377,15.555991485141377
Ref-01B-B-0p10mps,3.3409999999999997,0.09184999999999999,0.1,0.0,0.06965000000000002,0.21563467492260066,0.0004430941548531215,4.345269293690364,19.907499499999997,-15.562230206309632,0.0,15.562230206309632,15.562230206309632
Ref-01B-B-0p10mps,3.3420000000000005,0.09195000000000003,0.1,0.0,0.06954999999999997,0.21532507739938073,0.00044245798234076927,4.339030572522105,19.907499499999997,-15.568468927477891,0.0,15.568468927477891,15.568468927477891
Ref-01B-B-0p10mps,3.3430000000000004,0.09205000000000002,0.1,0.0,0.06944999999999998,0.21501547987616093,0.0004418218098284174,4.332791851353849,19.907499499999997,-15.574707648646147,0.0,15.574707648646147,15.574707648646147
Ref-01B-B-0p10mps,3.3440000000000003,0.09215000000000001,0.1,0.0,0.06935,0.21470588235294116,0.00044118563731606556,4.326553130185594,19.907499499999997,-15.580946369814402,0.0,15.580946369814402,15.580946369814402
Ref-01B-B-0p10mps,3.345,0.09225,0.1,0.0,0.06925,0.21439628482972137,0.0004405494648037137,4.320314409017339,19.907499499999997,-15.587185090982658,0.0,15.587185090982658,15.587185090982658
Ref-01B-B-0p10mps,3.346,0.09234999999999999,0.1,0.0,0.06915000000000002,0.2140866873065016,0.0004399132922913618,4.314075687849083,19.907499499999997,-15.593423812150913,0.0,15.593423812150913,15.593423812150913
Ref-01B-B-0p10mps,3.3470000000000004,0.09245000000000003,0.1,0.0,0.06904999999999997,0.21377708978328164,0.0004392771197790096,4.307836966680824,19.907499499999997,-15.599662533319172,0.0,15.599662533319172,15.599662533319172
Ref-01B-B-0p10mps,3.3480000000000003,0.09255000000000002,0.1,0.0,0.06894999999999998,0.21346749226006187,0.00043864094726665776,4.301598245512569,19.907499499999997,-15.605901254487428,0.0,15.605901254487428,15.605901254487428
Ref-01B-B-0p10mps,3.349,0.09265000000000001,0.1,0.0,0.06885,0.21315789473684207,0.0004380047747543059,4.295359524344313,19.907499499999997,-15.612139975655683,0.0,15.612139975655683,15.612139975655683
Ref-01B-B-0p10mps,3.35,0.09275,0.1,0.0,0.06875,0.2128482972136223,0.000437368602241954,4.289120803176058,19.907499499999997,-15.618378696823939,0.0,15.618378696823939,15.618378696823939
Ref-01B-B-0p10mps,3.351,0.09284999999999999,0.1,0.0,0.06865000000000002,0.2125386996904025,0.00043673242972960217,4.282882082007803,19.907499499999997,-15.624617417992194,0.0,15.624617417992194,15.624617417992194
Ref-01B-B-0p10mps,3.3520000000000003,0.09295000000000003,0.1,0.0,0.06854999999999997,0.21222910216718258,0.0004360962572172499,4.276643360839544,19.907499499999997,-15.630856139160453,0.0,15.630856139160453,15.630856139160453
Ref-01B-B-0p10mps,3.353,0.09305000000000002,0.1,0.0,0.06844999999999998,0.21191950464396278,0.0004354600847048981,4.2704046396712885,19.907499499999997,-15.637094860328709,0.0,15.637094860328709,15.637094860328709
Ref-01B-B-0p10mps,3.354,0.09315000000000001,0.1,0.0,0.06835,0.211609907120743,0.0004348239121925462,4.264165918503033,19.907499499999997,-15.643333581496965,0.0,15.643333581496965,15.643333581496965
Ref-01B-B-0p10mps,3.355,0.09325,0.1,0.0,0.06825,0.21130030959752322,0.00043418773968019437,4.257927197334778,19.907499499999997,-15.649572302665218,0.0,15.649572302665218,15.649572302665218
Ref-01B-B-0p10mps,3.356,0.09334999999999999,0.1,0.0,0.06815000000000002,0.21099071207430345,0.0004335515671678425,4.251688476166523,19.907499499999997,-15.655811023833474,0.0,15.655811023833474,15.655811023833474
Ref-01B-B-0p10mps,3.357,0.09345000000000003,0.1,0.0,0.06804999999999997,0.2106811145510835,0.0004329153946554903,4.245449754998264,19.907499499999997,-15.662049745001733,0.0,15.662049745001733,15.662049745001733
Ref-01B-B-0p10mps,3.358,0.09355000000000002,0.1,0.0,0.06794999999999998,0.21037151702786372,0.0004322792221431384,4.239211033830008,19.907499499999997,-15.668288466169988,0.0,15.668288466169988,15.668288466169988
Ref-01B-B-0p10mps,3.359,0.09365000000000001,0.1,0.0,0.06785,0.21006191950464392,0.0004316430496307865,4.232972312661753,19.907499499999997,-15.674527187338244,0.0,15.674527187338244,15.674527187338244
Ref-01B-B-0p10mps,3.36,0.09375,0.1,0.0,0.06775,0.20975232198142416,0.0004310068771184347,4.226733591493497,19.907499499999997,-15.6807659085065,0.0,15.6807659085065,15.6807659085065
Ref-01B-B-0p10mps,3.3609999999999998,0.09384999999999999,0.1,0.0,0.06765000000000002,0.2094427244582044,0.0004303707046060828,4.220494870325242,19.907499499999997,-15.687004629674755,0.0,15.687004629674755,15.687004629674755
Ref-01B-B-0p10mps,3.3620000000000005,0.09395000000000003,0.1,0.0,0.06754999999999997,0.20913312693498443,0.0004297345320937306,4.214256149156983,19.907499499999997,-15.693243350843012,0.0,15.693243350843012,15.693243350843012
Ref-01B-B-0p10mps,3.3630000000000004,0.09405000000000002,0.1,0.0,0.06744999999999998,0.20882352941176466,0.0004290983595813787,4.208017427988727,19.907499499999997,-15.69948207201127,0.0,15.69948207201127,15.69948207201127
Ref-01B-B-0p10mps,3.3640000000000003,0.09415000000000001,0.1,0.0,0.06735,0.20851393188854486,0.0004284621870690269,4.201778706820472,19.907499499999997,-15.705720793179523,0.0,15.705720793179523,15.705720793179523
Ref-01B-B-0p10mps,3.365,0.09425,0.1,0.0,0.06725,0.2082043343653251,0.000427826014556675,4.195539985652217,19.907499499999997,-15.711959514347779,0.0,15.711959514347779,15.711959514347779
Ref-01B-B-0p10mps,3.366,0.09434999999999999,0.1,0.0,0.06715000000000002,0.2078947368421053,0.0004271898420443231,4.189301264483961,19.907499499999997,-15.718198235516034,0.0,15.718198235516034,15.718198235516034
Ref-01B-B-0p10mps,3.3670000000000004,0.09445000000000003,0.1,0.0,0.06704999999999997,0.20758513931888536,0.0004265536695319709,4.183062543315702,19.907499499999997,-15.724436956684293,0.0,15.724436956684293,15.724436956684293
Ref-01B-B-0p10mps,3.3680000000000003,0.09455000000000002,0.1,0.0,0.06694999999999998,0.20727554179566557,0.0004259174970196191,4.176823822147448,19.907499499999997,-15.730675677852549,0.0,15.730675677852549,15.730675677852549
Ref-01B-B-0p10mps,3.369,0.09465000000000001,0.1,0.0,0.06684999999999999,0.2069659442724458,0.0004252813245072672,4.170585100979192,19.907499499999997,-15.736914399020804,0.0,15.736914399020804,15.736914399020804
Ref-01B-B-0p10mps,3.37,0.09475,0.1,0.0,0.06675,0.206656346749226,0.0004246451519949153,4.164346379810937,19.907499499999997,-15.74315312018906,0.0,15.74315312018906,15.74315312018906
Ref-01B-B-0p10mps,3.371,0.09484999999999999,0.1,0.0,0.06665000000000001,0.20634674922600624,0.0004240089794825635,4.158107658642681,19.907499499999997,-15.749391841357316,0.0,15.749391841357316,15.749391841357316
Ref-01B-B-0p10mps,3.3720000000000003,0.09495000000000003,0.1,0.0,0.06654999999999997,0.20603715170278628,0.00042337280697021123,4.151868937474422,19.907499499999997,-15.755630562525575,0.0,15.755630562525575,15.755630562525575
Ref-01B-B-0p10mps,3.373,0.09505000000000002,0.1,0.0,0.06644999999999998,0.2057275541795665,0.0004227366344578594,4.1456302163061665,19.907499499999997,-15.76186928369383,0.0,15.76186928369383,15.76186928369383
Ref-01B-B-0p10mps,3.374,0.09515000000000001,0.1,0.0,0.06634999999999999,0.2054179566563467,0.0004221004619455075,4.139391495137911,19.907499499999997,-15.768108004862086,0.0,15.768108004862086,15.768108004862086
Ref-01B-B-0p10mps,3.375,0.09525,0.1,0.0,0.06625,0.20510835913312694,0.0004214642894331557,4.133152773969656,19.907499499999997,-15.774346726030341,0.0,15.774346726030341,15.774346726030341
Ref-01B-B-0p10mps,3.376,0.09534999999999999,0.1,0.0,0.06615000000000001,0.20479876160990715,0.0004208281169208038,4.126914052801401,19.907499499999997,-15.780585447198597,0.0,15.780585447198597,15.780585447198597
Ref-01B-B-0p10mps,3.3770000000000002,0.09545000000000003,0.1,0.0,0.06604999999999997,0.20448916408668721,0.0004201919444084516,4.120675331633142,19.907499499999997,-15.786824168366856,0.0,15.786824168366856,15.786824168366856
Ref-01B-B-0p10mps,3.378,0.09555000000000002,0.1,0.0,0.06594999999999998,0.20417956656346742,0.0004195557718960997,4.114436610464886,19.907499499999997,-15.793062889535111,0.0,15.793062889535111,15.793062889535111
Ref-01B-B-0p10mps,3.379,0.09565000000000001,0.1,0.0,0.06584999999999999,0.20386996904024765,0.00041891959938374784,4.108197889296631,19.907499499999997,-15.799301610703367,0.0,15.799301610703367,15.799301610703367
Ref-01B-B-0p10mps,3.38,0.09575,0.1,0.0,0.06575,0.20356037151702785,0.000418283426871396,4.101959168128375,19.907499499999997,-15.805540331871622,0.0,15.805540331871622,15.805540331871622
Ref-01B-B-0p10mps,3.381,0.09584999999999999,0.1,0.0,0.06565000000000001,0.2032507739938081,0.00041764725435904413,4.09572044696012,19.907499499999997,-15.811779053039878,0.0,15.811779053039878,15.811779053039878
Ref-01B-B-0p10mps,3.3820000000000006,0.09595000000000004,0.1,0.0,0.06554999999999997,0.20294117647058812,0.0004170110818466919,4.089481725791861,19.907499499999997,-15.818017774208135,0.0,15.818017774208135,15.818017774208135
Ref-01B-B-0p10mps,3.3830000000000005,0.09605000000000002,0.1,0.0,0.06544999999999998,0.20263157894736836,0.00041637490933434004,4.083243004623606,19.907499499999997,-15.82425649537639,0.0,15.82425649537639,15.82425649537639
Ref-01B-B-0p10mps,3.3840000000000003,0.09615000000000001,0.1,0.0,0.06534999999999999,0.20232198142414856,0.0004157387368219882,4.07700428345535,19.907499499999997,-15.830495216544646,0.0,15.830495216544646,15.830495216544646
Ref-01B-B-0p10mps,3.3850000000000002,0.09625,0.1,0.0,0.06525,0.2020123839009288,0.00041510256430963633,4.070765562287095,19.907499499999997,-15.836733937712902,0.0,15.836733937712902,15.836733937712902
Ref-01B-B-0p10mps,3.386,0.09634999999999999,0.1,0.0,0.06515000000000001,0.20170278637770903,0.00041446639179728445,4.064526841118839,19.907499499999997,-15.842972658881157,0.0,15.842972658881157,15.842972658881157
Ref-01B-B-0p10mps,3.3870000000000005,0.09645000000000004,0.1,0.0,0.06504999999999997,0.20139318885448906,0.00041383021928493224,4.05828811995058,19.907499499999997,-15.849211380049416,0.0,15.849211380049416,15.849211380049416
Ref-01B-B-0p10mps,3.3880000000000003,0.09655000000000002,0.1,0.0,0.06494999999999998,0.2010835913312693,0.0004131940467725804,4.052049398782326,19.907499499999997,-15.85545010121767,0.0,15.85545010121767,15.85545010121767
Ref-01B-B-0p10mps,3.3890000000000002,0.09665000000000001,0.1,0.0,0.06484999999999999,0.2007739938080495,0.00041255787426022853,4.04581067761407,19.907499499999997,-15.861688822385926,0.0,15.861688822385926,15.861688822385926
Ref-01B-B-0p10mps,3.39,0.09675,0.1,0.0,0.06475,0.20046439628482973,0.00041192170174787665,4.039571956445815,19.907499499999997,-15.867927543554181,0.0,15.867927543554181,15.867927543554181
Ref-01B-B-0p10mps,3.391,0.09684999999999999,0.1,0.0,0.06465000000000001,0.20015479876160994,0.0004112855292355248,4.033333235277559,19.907499499999997,-15.874166264722437,0.0,15.874166264722437,15.874166264722437
Ref-01B-B-0p10mps,3.3920000000000003,0.09695000000000004,0.1,0.0,0.06454999999999997,0.19984520123839,0.0004106493567231726,4.027094514109301,19.907499499999997,-15.880404985890696,0.0,15.880404985890696,15.880404985890696
Ref-01B-B-0p10mps,3.3930000000000002,0.09705000000000003,0.1,0.0,0.06444999999999998,0.1995356037151702,0.00041001318421082073,4.020855792941045,19.907499499999997,-15.886643707058951,0.0,15.886643707058951,15.886643707058951
Ref-01B-B-0p10mps,3.394,0.09715000000000001,0.1,0.0,0.06434999999999999,0.19922600619195044,0.00040937701169846885,4.01461707177279,19.907499499999997,-15.892882428227207,0.0,15.892882428227207,15.892882428227207
Ref-01B-B-0p10mps,3.395,0.09725,0.1,0.0,0.06425,0.19891640866873064,0.000408740839186117,4.008378350604534,19.907499499999997,-15.899121149395462,0.0,15.899121149395462,15.899121149395462
Ref-01B-B-0p10mps,3.396,0.09734999999999999,0.1,0.0,0.06415000000000001,0.19860681114551088,0.00040810466667376514,4.002139629436279,19.907499499999997,-15.905359870563718,0.0,15.905359870563718,15.905359870563718
Ref-01B-B-0p10mps,3.3970000000000002,0.09745000000000004,0.1,0.0,0.06404999999999997,0.1982972136222909,0.00040746849416141293,3.99590090826802,19.907499499999997,-15.911598591731977,0.0,15.911598591731977,15.911598591731977
Ref-01B-B-0p10mps,3.3979999999999997,0.09754999999999997,0.1,0.0,0.06395000000000003,0.1979876160990713,0.00040683232164906143,3.989662187099768,19.907499499999997,-15.917837312900229,0.0,15.917837312900229,15.917837312900229
Ref-01B-B-0p10mps,3.399,0.09765000000000001,0.1,0.0,0.06384999999999999,0.19767801857585135,0.00040619614913670917,3.9834234659315086,19.907499499999997,-15.924076034068488,0.0,15.924076034068488,15.924076034068488
Ref-01B-B-0p10mps,3.4,0.09775,0.1,0.0,0.06375,0.19736842105263158,0.00040555997662435734,3.9771847447632536,19.907499499999997,-15.930314755236743,0.0,15.930314755236743,15.930314755236743
Ref-01B-B-0p10mps,3.401,0.09784999999999999,0.1,0.0,0.06365000000000001,0.1970588235294118,0.00040492380411200546,3.970946023594998,19.907499499999997,-15.936553476404999,0.0,15.936553476404999,15.936553476404999
Ref-01B-B-0p10mps,3.4020000000000006,0.09795000000000004,0.1,0.0,0.06354999999999997,0.19674922600619185,0.00040428763159965325,3.9647073024267394,19.907499499999997,-15.942792197573258,0.0,15.942792197573258,15.942792197573258
Ref-01B-B-0p10mps,3.4029999999999996,0.09804999999999997,0.1,0.0,0.06345000000000003,0.19643962848297222,0.00040365145908730175,3.9584685812584874,19.907499499999997,-15.94903091874151,0.0,15.94903091874151,15.94903091874151
Ref-01B-B-0p10mps,3.4040000000000004,0.09815000000000002,0.1,0.0,0.06334999999999999,0.1961300309597523,0.00040301528657494954,3.952229860090229,19.907499499999997,-15.955269639909767,0.0,15.955269639909767,15.955269639909767
Ref-01B-B-0p10mps,3.4050000000000002,0.09825,0.1,0.0,0.06325,0.1958204334365325,0.00040237911406259766,3.9459911389219733,19.907499499999997,-15.961508361078023,0.0,15.961508361078023,15.961508361078023
Ref-01B-B-0p10mps,3.406,0.09834999999999999,0.1,0.0,0.06315000000000001,0.19551083591331272,0.0004017429415502458,3.9397524177537178,19.907499499999997,-15.967747082246278,0.0,15.967747082246278,15.967747082246278
Ref-01B-B-0p10mps,3.4070000000000005,0.09845000000000004,0.1,0.0,0.06304999999999997,0.19520123839009276,0.00040110676903789357,3.9335136965854587,19.907499499999997,-15.973985803414537,0.0,15.973985803414537,15.973985803414537
Ref-01B-B-0p10mps,3.408,0.09854999999999997,0.1,0.0,0.06295000000000003,0.19489164086687316,0.00040047059652554206,3.9272749754172067,19.907499499999997,-15.98022452458279,0.0,15.98022452458279,15.98022452458279
Ref-01B-B-0p10mps,3.4090000000000003,0.09865000000000002,0.1,0.0,0.06284999999999999,0.1945820433436532,0.00039983442401318986,3.921036254248948,19.907499499999997,-15.986463245751048,0.0,15.986463245751048,15.986463245751048
Ref-01B-B-0p10mps,3.41,0.09875,0.1,0.0,0.06275,0.19427244582043343,0.000399198251500838,3.9147975330806926,19.907499499999997,-15.992701966919304,0.0,15.992701966919304,15.992701966919304
Ref-01B-B-0p10mps,3.411,0.09885,0.1,0.0,0.06265000000000001,0.19396284829721366,0.00039856207898848615,3.9085588119124375,19.907499499999997,-15.99894068808756,0.0,15.99894068808756,15.99894068808756
Ref-01B-B-0p10mps,3.4120000000000004,0.09895000000000004,0.1,0.0,0.06254999999999997,0.1936532507739937,0.00039792590647613394,3.902320090744179,19.907499499999997,-16.005179409255817,0.0,16.005179409255817,16.005179409255817
Ref-01B-B-0p10mps,3.413,0.09904999999999997,0.1,0.0,0.06245000000000003,0.1933436532507741,0.0003972897339637824,3.8960813695759264,19.907499499999997,-16.01141813042407,0.0,16.01141813042407,16.01141813042407
Ref-01B-B-0p10mps,3.414,0.09915000000000002,0.1,0.0,0.06234999999999999,0.19303405572755414,0.0003966535614514302,3.8898426484076674,19.907499499999997,-16.017656851592328,0.0,16.017656851592328,16.017656851592328
Ref-01B-B-0p10mps,3.415,0.09925,0.1,0.0,0.06225,0.19272445820433437,0.00039601738893907835,3.8836039272394127,19.907499499999997,-16.023895572760583,0.0,16.023895572760583,16.023895572760583
Ref-01B-B-0p10mps,3.416,0.09935,0.1,0.0,0.06215000000000001,0.19241486068111457,0.00039538121642672646,3.8773652060711568,19.907499499999997,-16.03013429392884,0.0,16.03013429392884,16.03013429392884
Ref-01B-B-0p10mps,3.4170000000000003,0.09945000000000004,0.1,0.0,0.062049999999999966,0.19210526315789464,0.00039474504391437426,3.871126484902898,19.907499499999997,-16.036373015097098,0.0,16.036373015097098,16.036373015097098
Ref-01B-B-0p10mps,3.4179999999999997,0.09954999999999997,0.1,0.0,0.06195000000000003,0.191795665634675,0.00039410887140202275,3.864887763734646,19.907499499999997,-16.04261173626535,0.0,16.04261173626535,16.04261173626535
Ref-01B-B-0p10mps,3.419,0.09965000000000002,0.1,0.0,0.06184999999999999,0.19148606811145508,0.00039347269888967055,3.8586490425663875,19.907499499999997,-16.04885045743361,0.0,16.04885045743361,16.04885045743361
Ref-01B-B-0p10mps,3.42,0.09975,0.1,0.0,0.06175,0.19117647058823528,0.00039283652637731866,3.852410321398132,19.907499499999997,-16.055089178601865,0.0,16.055089178601865,16.055089178601865
Ref-01B-B-0p10mps,3.421,0.09985,0.1,0.0,0.06165000000000001,0.1908668730650155,0.0003922003538649668,3.8461716002298765,19.907499499999997,-16.06132789977012,0.0,16.06132789977012,16.06132789977012
Ref-01B-B-0p10mps,3.4220000000000006,0.09995000000000004,0.1,0.0,0.061549999999999966,0.19055727554179555,0.0003915641813526146,3.8399328790616174,19.907499499999997,-16.06756662093838,0.0,16.06756662093838,16.06756662093838
Ref-01B-B-0p10mps,3.4229999999999996,0.10004999999999997,0.1,0.0,0.06145000000000003,0.19024767801857595,0.00039092800884026307,3.833694157893366,19.907499499999997,-16.07380534210663,0.0,16.07380534210663,16.07380534210663
Ref-01B-B-0p10mps,3.4240000000000004,0.10015000000000002,0.1,0.0,0.06134999999999999,0.189938080495356,0.00039029183632791086,3.827455436725107,19.907499499999997,-16.08004406327489,0.0,16.08004406327489,16.08004406327489
Ref-01B-B-0p10mps,3.4250000000000003,0.10025,0.1,0.0,0.06125,0.18962848297213622,0.000389655663815559,3.8212167155568513,19.907499499999997,-16.086282784443146,0.0,16.086282784443146,16.086282784443146
Ref-01B-B-0p10mps,3.426,0.10035,0.1,0.0,0.06115000000000001,0.18931888544891642,0.00038901949130320715,3.814977994388596,19.907499499999997,-16.0925215056114,0.0,16.0925215056114,16.0925215056114
Ref-01B-B-0p10mps,3.4270000000000005,0.10045000000000004,0.1,0.0,0.061049999999999965,0.1890092879256965,0.0003883833187908549,3.808739273220337,19.907499499999997,-16.09876022677966,0.0,16.09876022677966,16.09876022677966
Ref-01B-B-0p10mps,3.428,0.10054999999999997,0.1,0.0,0.06095000000000003,0.18869969040247686,0.0003877471462785034,3.802500552052085,19.907499499999997,-16.104998947947912,0.0,16.104998947947912,16.104998947947912
Ref-01B-B-0p10mps,3.4290000000000003,0.10065000000000002,0.1,0.0,0.06084999999999999,0.18839009287925693,0.0003871109737661512,3.7962618308838265,19.907499499999997,-16.11123766911617,0.0,16.11123766911617,16.11123766911617
Ref-01B-B-0p10mps,3.43,0.10075,0.1,0.0,0.06075,0.18808049535603713,0.0003864748012537993,3.7900231097155705,19.907499499999997,-16.117476390284427,0.0,16.117476390284427,16.117476390284427
Ref-01B-B-0p10mps,3.431,0.10085,0.1,0.0,0.06065000000000001,0.18777089783281736,0.00038583862874144747,3.783784388547316,19.907499499999997,-16.123715111452682,0.0,16.123715111452682,16.123715111452682
Ref-01B-B-0p10mps,3.4320000000000004,0.10095000000000004,0.1,0.0,0.060549999999999965,0.1874613003095974,0.00038520245622909526,3.777545667379057,19.907499499999997,-16.12995383262094,0.0,16.12995383262094,16.12995383262094
Ref-01B-B-0p10mps,3.433,0.10104999999999997,0.1,0.0,0.06045000000000003,0.1871517027863778,0.0003845662837167437,3.7713069462108044,19.907499499999997,-16.136192553789193,0.0,16.136192553789193,16.136192553789193
Ref-01B-B-0p10mps,3.434,0.10115000000000002,0.1,0.0,0.06034999999999999,0.18684210526315784,0.0003839301112043915,3.765068225042546,19.907499499999997,-16.142431274957453,0.0,16.142431274957453,16.142431274957453
Ref-01B-B-0p10mps,3.435,0.10125,0.1,0.0,0.06025,0.18653250773993807,0.00038329393869203967,3.7588295038742907,19.907499499999997,-16.148669996125705,0.0,16.148669996125705,16.148669996125705
Ref-01B-B-0p10mps,3.436,0.10135,0.1,0.0,0.06015000000000001,0.1862229102167183,0.0003826577661796878,3.752590782706035,19.907499499999997,-16.15490871729396,0.0,16.15490871729396,16.15490871729396
Ref-01B-B-0p10mps,3.4370000000000003,0.10145000000000004,0.1,0.0,0.060049999999999965,0.18591331269349834,0.0003820215936673356,3.7463520615377766,19.907499499999997,-16.16114743846222,0.0,16.16114743846222,16.16114743846222
Ref-01B-B-0p10mps,3.4379999999999997,0.10154999999999997,0.1,0.0,0.05995000000000003,0.18560371517027874,0.0003813854211549841,3.7401133403695246,19.907499499999997,-16.16738615963047,0.0,16.16738615963047,16.16738615963047
Ref-01B-B-0p10mps,3.439,0.10165000000000002,0.1,0.0,0.05984999999999999,0.18529411764705878,0.00038074924864263187,3.7338746192012655,19.907499499999997,-16.17362488079873,0.0,16.17362488079873,16.17362488079873
Ref-01B-B-0p10mps,3.44,0.10175000000000001,0.1,0.0,0.05975,0.184984520123839,0.00038011307613028,3.72763589803301,19.907499499999997,-16.179863601966986,0.0,16.179863601966986,16.179863601966986
Ref-01B-B-0p10mps,3.441,0.10185,0.1,0.0,0.05965000000000001,0.1846749226006192,0.0003794769036179281,3.7213971768647545,19.907499499999997,-16.18610232313524,0.0,16.18610232313524,16.18610232313524
Ref-01B-B-0p10mps,3.4420000000000006,0.10195000000000004,0.1,0.0,0.059549999999999964,0.18436532507739928,0.0003788407311055759,3.715158455696496,19.907499499999997,-16.1923410443035,0.0,16.1923410443035,16.1923410443035
Ref-01B-B-0p10mps,3.4429999999999996,0.10204999999999997,0.1,0.0,0.05945000000000003,0.18405572755417965,0.0003782045585932244,3.708919734528244,19.907499499999997,-16.198579765471752,0.0,16.198579765471752,16.198579765471752
Ref-01B-B-0p10mps,3.4440000000000004,0.10215000000000002,0.1,0.0,0.059349999999999986,0.18374613003095971,0.0003775683860808722,3.7026810133599852,19.907499499999997,-16.20481848664001,0.0,16.20481848664001,16.20481848664001
Ref-01B-B-0p10mps,3.4450000000000003,0.10225000000000001,0.1,0.0,0.05925,0.18343653250773992,0.0003769322135685203,3.6964422921917297,19.907499499999997,-16.211057207808267,0.0,16.211057207808267,16.211057207808267
Ref-01B-B-0p10mps,3.446,0.10235,0.1,0.0,0.05915000000000001,0.18312693498452015,0.0003762960410561685,3.6902035710234746,19.907499499999997,-16.217295928976522,0.0,16.217295928976522,16.217295928976522
Ref-01B-B-0p10mps,3.4470000000000005,0.10245000000000004,0.1,0.0,0.059049999999999964,0.1828173374613002,0.0003756598685438162,3.683964849855215,19.907499499999997,-16.22353465014478,0.0,16.22353465014478,16.22353465014478
Ref-01B-B-0p10mps,3.448,0.10254999999999997,0.1,0.0,0.05895000000000003,0.1825077399380806,0.0003750236960314647,3.677726128686963,19.907499499999997,-16.229773371313033,0.0,16.229773371313033,16.229773371313033
Ref-01B-B-0p10mps,3.4490000000000003,0.10265000000000002,0.1,0.0,0.058849999999999986,0.18219814241486063,0.0003743875235191125,3.6714874075187045,19.907499499999997,-16.236012092481293,0.0,16.236012092481293,16.236012092481293
Ref-01B-B-0p10mps,3.45,0.10275000000000001,0.1,0.0,0.05875,0.18188854489164086,0.0003737513510067606,3.665248686350449,19.907499499999997,-16.242250813649548,0.0,16.242250813649548,16.242250813649548
Ref-01B-B-0p10mps,3.451,0.10285,0.1,0.0,0.05865000000000001,0.18157894736842106,0.0003731151784944088,3.659009965182194,19.907499499999997,-16.248489534817804,0.0,16.248489534817804,16.248489534817804
Ref-01B-B-0p10mps,3.4520000000000004,0.10295000000000004,0.1,0.0,0.05854999999999996,0.18126934984520113,0.0003724790059820566,3.6527712440139353,19.907499499999997,-16.254728255986063,0.0,16.254728255986063,16.254728255986063
Ref-01B-B-0p10mps,3.453,0.10304999999999997,0.1,0.0,0.05845000000000003,0.1809597523219815,0.0003718428334697051,3.6465325228456833,19.907499499999997,-16.260966977154315,0.0,16.260966977154315,16.260966977154315
Ref-01B-B-0p10mps,3.454,0.10315000000000002,0.1,0.0,0.058349999999999985,0.18065015479876156,0.0003712066609573528,3.640293801677424,19.907499499999997,-16.267205698322574,0.0,16.267205698322574,16.267205698322574
Ref-01B-B-0p10mps,3.455,0.10325000000000001,0.1,0.0,0.058249999999999996,0.18034055727554177,0.000370570488445001,3.6340550805091687,19.907499499999997,-16.27344441949083,0.0,16.27344441949083,16.27344441949083
Ref-01B-B-0p10mps,3.456,0.10335,0.1,0.0,0.05815000000000001,0.180030959752322,0.0003699343159326491,3.627816359340913,19.907499499999997,-16.279683140659085,0.0,16.279683140659085,16.279683140659085
Ref-01B-B-0p10mps,3.4570000000000003,0.10345000000000004,0.1,0.0,0.05804999999999996,0.17972136222910204,0.0003692981434202969,3.6215776381726545,19.907499499999997,-16.28592186182734,0.0,16.28592186182734,16.28592186182734
Ref-01B-B-0p10mps,3.4579999999999997,0.10354999999999998,0.1,0.0,0.05795000000000003,0.17941176470588244,0.0003686619709079454,3.6153389170044026,19.907499499999997,-16.292160582995592,0.0,16.292160582995592,16.292160582995592
Ref-01B-B-0p10mps,3.459,0.10365000000000002,0.1,0.0,0.057849999999999985,0.17910216718266248,0.0003680257983955932,3.609100195836144,19.907499499999997,-16.29839930416385,0.0,16.29839930416385,16.29839930416385
Ref-01B-B-0p10mps,3.46,0.10375000000000001,0.1,0.0,0.057749999999999996,0.1787925696594427,0.0003673896258832413,3.6028614746678884,19.907499499999997,-16.304638025332107,0.0,16.304638025332107,16.304638025332107
Ref-01B-B-0p10mps,3.461,0.10385,0.1,0.0,0.05765000000000001,0.17848297213622294,0.00036675345337088943,3.596622753499633,19.907499499999997,-16.310876746500362,0.0,16.310876746500362,16.310876746500362
Ref-01B-B-0p10mps,3.4620000000000006,0.10395000000000004,0.1,0.0,0.05754999999999996,0.17817337461300298,0.0003661172808585372,3.590384032331374,19.907499499999997,-16.31711546766862,0.0,16.31711546766862,16.31711546766862
Ref-01B-B-0p10mps,3.4629999999999996,0.10404999999999998,0.1,0.0,0.05745000000000003,0.17786377708978338,0.0003654811083461857,3.5841453111631223,19.907499499999997,-16.323354188836873,0.0,16.323354188836873,16.323354188836873
Ref-01B-B-0p10mps,3.4640000000000004,0.10415000000000002,0.1,0.0,0.057349999999999984,0.1775541795665634,0.0003648449358338335,3.577906589994863,19.907499499999997,-16.329592910005132,0.0,16.329592910005132,16.329592910005132
Ref-01B-B-0p10mps,3.4650000000000003,0.10425000000000001,0.1,0.0,0.057249999999999995,0.17724458204334365,0.00036420876332148163,3.5716678688266077,19.907499499999997,-16.335831631173388,0.0,16.335831631173388,16.335831631173388
Ref-01B-B-0p10mps,3.466,0.10435,0.1,0.0,0.057150000000000006,0.17693498452012385,0.0003635725908091298,3.5654291476583526,19.907499499999997,-16.342070352341644,0.0,16.342070352341644,16.342070352341644
Ref-01B-B-0p10mps,3.4670000000000005,0.10445000000000004,0.1,0.0,0.05704999999999996,0.1766253869969039,0.00036293641829677754,3.5591904264900935,19.907499499999997,-16.348309073509903,0.0,16.348309073509903,16.348309073509903
Ref-01B-B-0p10mps,3.468,0.10454999999999998,0.1,0.0,0.05695000000000003,0.1763157894736843,0.00036230024578442604,3.5529517053218416,19.907499499999997,-16.354547794678155,0.0,16.354547794678155,16.354547794678155
Ref-01B-B-0p10mps,3.4690000000000003,0.10465000000000002,0.1,0.0,0.056849999999999984,0.17600619195046435,0.00036166407327207383,3.5467129841535825,19.907499499999997,-16.360786515846414,0.0,16.360786515846414,16.360786515846414
Ref-01B-B-0p10mps,3.47,0.10475000000000001,0.1,0.0,0.056749999999999995,0.17569659442724456,0.00036102790075972195,3.540474262985327,19.907499499999997,-16.36702523701467,0.0,16.36702523701467,16.36702523701467
Ref-01B-B-0p10mps,3.471,0.10485,0.1,0.0,0.056650000000000006,0.1753869969040248,0.0003603917282473701,3.534235541817072,19.907499499999997,-16.373263958182925,0.0,16.373263958182925,16.373263958182925
Ref-01B-B-0p10mps,3.4720000000000004,0.10495000000000004,0.1,0.0,0.05654999999999996,0.17507739938080483,0.0003597555557350179,3.5279968206488133,19.907499499999997,-16.379502679351184,0.0,16.379502679351184,16.379502679351184
Ref-01B-B-0p10mps,3.473,0.10504999999999998,0.1,0.0,0.05645000000000003,0.17476780185758523,0.0003591193832226664,3.5217580994805613,19.907499499999997,-16.385741400519436,0.0,16.385741400519436,16.385741400519436
Ref-01B-B-0p10mps,3.474,0.10515000000000002,0.1,0.0,0.05634999999999998,0.17445820433436526,0.00035848321071031415,3.515519378312302,19.907499499999997,-16.391980121687695,0.0,16.391980121687695,16.391980121687695
Ref-01B-B-0p10mps,3.475,0.10525000000000001,0.1,0.0,0.056249999999999994,0.1741486068111455,0.0003578470381979623,3.509280657144047,19.907499499999997,-16.39821884285595,0.0,16.39821884285595,16.39821884285595
Ref-01B-B-0p10mps,3.476,0.10535,0.1,0.0,0.056150000000000005,0.1738390092879257,0.00035721086568561044,3.5030419359757916,19.907499499999997,-16.404457564024206,0.0,16.404457564024206,16.404457564024206
Ref-01B-B-0p10mps,3.4770000000000003,0.10545000000000004,0.1,0.0,0.05604999999999996,0.17352941176470577,0.00035657469317325823,3.4968032148075325,19.907499499999997,-16.410696285192465,0.0,16.410696285192465,16.410696285192465
Ref-01B-B-0p10mps,3.4779999999999998,0.10554999999999998,0.1,0.0,0.05595000000000003,0.17321981424148614,0.00035593852066090673,3.490564493639281,19.907499499999997,-16.416935006360717,0.0,16.416935006360717,16.416935006360717
Ref-01B-B-0p10mps,3.479,0.10565000000000002,0.1,0.0,0.05584999999999998,0.1729102167182662,0.0003553023481485545,3.484325772471022,19.907499499999997,-16.423173727528976,0.0,16.423173727528976,16.423173727528976
Ref-01B-B-0p10mps,3.48,0.10575000000000001,0.1,0.0,0.055749999999999994,0.1726006191950464,0.00035466617563620264,3.4780870513027664,19.907499499999997,-16.42941244869723,0.0,16.42941244869723,16.42941244869723
Ref-01B-B-0p10mps,3.481,0.10585,0.1,0.0,0.055650000000000005,0.17229102167182664,0.00035403000312385076,3.471848330134511,19.907499499999997,-16.435651169865487,0.0,16.435651169865487,16.435651169865487
Ref-01B-B-0p10mps,3.4820000000000007,0.10595000000000004,0.1,0.0,0.05554999999999996,0.17198142414860668,0.00035339383061149855,3.4656096089662523,19.907499499999997,-16.441889891033746,0.0,16.441889891033746,16.441889891033746
Ref-01B-B-0p10mps,3.4829999999999997,0.10604999999999998,0.1,0.0,0.05545000000000003,0.17167182662538708,0.00035275765809914705,3.4593708877980003,19.907499499999997,-16.448128612201998,0.0,16.448128612201998,16.448128612201998
Ref-01B-B-0p10mps,3.4840000000000004,0.10615000000000002,0.1,0.0,0.05534999999999998,0.1713622291021671,0.00035212148558679484,3.4531321666297417,19.907499499999997,-16.454367333370254,0.0,16.454367333370254,16.454367333370254
Ref-01B-B-0p10mps,3.4850000000000003,0.10625000000000001,0.1,0.0,0.055249999999999994,0.17105263157894735,0.00035148531307444296,3.4468934454614857,19.907499499999997,-16.46060605453851,0.0,16.46060605453851,16.46060605453851
Ref-01B-B-0p10mps,3.486,0.10635,0.1,0.0,0.055150000000000005,0.17074303405572758,0.00035084914056209113,3.440654724293231,19.907499499999997,-16.466844775706765,0.0,16.466844775706765,16.466844775706765
Ref-01B-B-0p10mps,3.4870000000000005,0.10645000000000004,0.1,0.0,0.05504999999999996,0.17043343653250762,0.00035021296804973887,3.4344160031249715,19.907499499999997,-16.473083496875024,0.0,16.473083496875024,16.473083496875024
Ref-01B-B-0p10mps,3.488,0.10654999999999998,0.1,0.0,0.05495000000000003,0.170123839009288,0.00034957679553738736,3.4281772819567196,19.907499499999997,-16.479322218043276,0.0,16.479322218043276,16.479322218043276
Ref-01B-B-0p10mps,3.4890000000000003,0.10665000000000002,0.1,0.0,0.05484999999999998,0.16981424148606805,0.00034894062302503516,3.421938560788461,19.907499499999997,-16.485560939211535,0.0,16.485560939211535,16.485560939211535
Ref-01B-B-0p10mps,3.49,0.10675000000000001,0.1,0.0,0.05474999999999999,0.16950464396284828,0.00034830445051268333,3.415699839620206,19.907499499999997,-16.49179966037979,0.0,16.49179966037979,16.49179966037979
Ref-01B-B-0p10mps,3.491,0.10685,0.1,0.0,0.054650000000000004,0.1691950464396285,0.00034766827800033145,3.4094611184519503,19.907499499999997,-16.498038381548046,0.0,16.498038381548046,16.498038381548046
Ref-01B-B-0p10mps,3.4920000000000004,0.10695000000000005,0.1,0.0,0.05454999999999996,0.16888544891640853,0.00034703210548797924,3.4032223972836917,19.907499499999997,-16.504277102716305,0.0,16.504277102716305,16.504277102716305
Ref-01B-B-0p10mps,3.493,0.10704999999999998,0.1,0.0,0.054450000000000026,0.16857585139318892,0.00034639593297562774,3.3969836761154397,19.907499499999997,-16.510515823884557,0.0,16.510515823884557,16.510515823884557
Ref-01B-B-0p10mps,3.494,0.10715000000000002,0.1,0.0,0.05434999999999998,0.168266253869969,0.0003457597604632755,3.39074495494718,19.907499499999997,-16.516754545052816,0.0,16.516754545052816,16.516754545052816
Ref-01B-B-0p10mps,3.495,0.10725000000000001,0.1,0.0,0.05424999999999999,0.1679566563467492,0.00034512358795092365,3.384506233778925,19.907499499999997,-16.52299326622107,0.0,16.52299326622107,16.52299326622107
Ref-01B-B-0p10mps,3.496,0.10735,0.1,0.0,0.054150000000000004,0.16764705882352943,0.00034448741543857176,3.3782675126106696,19.907499499999997,-16.529231987389327,0.0,16.529231987389327,16.529231987389327
Ref-01B-B-0p10mps,3.4970000000000003,0.10745000000000005,0.1,0.0,0.05404999999999996,0.16733746130030946,0.00034385124292621956,3.372028791442411,19.907499499999997,-16.535470708557586,0.0,16.535470708557586,16.535470708557586
Ref-01B-B-0p10mps,3.4979999999999998,0.10754999999999998,0.1,0.0,0.053950000000000026,0.16702786377708986,0.00034321507041386805,3.365790070274159,19.907499499999997,-16.541709429725838,0.0,16.541709429725838,16.541709429725838
Ref-01B-B-0p10mps,3.499,0.10765000000000002,0.1,0.0,0.05384999999999998,0.1667182662538699,0.00034257889790151585,3.3595513491059004,19.907499499999997,-16.547948150894097,0.0,16.547948150894097,16.547948150894097
Ref-01B-B-0p10mps,3.5,0.10775000000000001,0.1,0.0,0.05374999999999999,0.16640866873065013,0.00034194272538916396,3.353312627937645,19.907499499999997,-16.554186872062353,0.0,16.554186872062353,16.554186872062353
Ref-01B-B-0p10mps,3.501,0.10785,0.1,0.0,0.05365,0.16609907120743034,0.0003413065528768121,3.347073906769389,19.907499499999997,-16.560425593230608,0.0,16.560425593230608,16.560425593230608
Ref-01B-B-0p10mps,3.5020000000000007,0.10795000000000005,0.1,0.0,0.05354999999999996,0.1657894736842104,0.0003406703803644599,3.3408351856011302,19.907499499999997,-16.566664314398867,0.0,16.566664314398867,16.566664314398867
Ref-01B-B-0p10mps,3.5029999999999997,0.10804999999999998,0.1,0.0,0.053450000000000025,0.16547987616099077,0.00034003420785210837,3.3345964644328783,19.907499499999997,-16.57290303556712,0.0,16.57290303556712,16.57290303556712
Ref-01B-B-0p10mps,3.5040000000000004,0.10815000000000002,0.1,0.0,0.05334999999999998,0.16517027863777084,0.00033939803533975616,3.3283577432646196,19.907499499999997,-16.57914175673538,0.0,16.57914175673538,16.57914175673538
Ref-01B-B-0p10mps,3.5050000000000003,0.10825000000000001,0.1,0.0,0.05324999999999999,0.16486068111455104,0.0003387618628274043,3.322119022096364,19.907499499999997,-16.585380477903634,0.0,16.585380477903634,16.585380477903634
Ref-01B-B-0p10mps,3.5060000000000002,0.10835,0.1,0.0,0.05315,0.16455108359133128,0.00033812569031505245,3.315880300928109,19.907499499999997,-16.591619199071886,0.0,16.591619199071886,16.591619199071886
Ref-01B-B-0p10mps,3.5070000000000006,0.10845000000000005,0.1,0.0,0.05304999999999996,0.16424148606811131,0.00033748951780270025,3.3096415797598504,19.907499499999997,-16.597857920240145,0.0,16.597857920240145,16.597857920240145
Ref-01B-B-0p10mps,3.508,0.10854999999999998,0.1,0.0,0.052950000000000025,0.1639318885448917,0.0003368533452903487,3.303402858591598,19.907499499999997,-16.604096641408397,0.0,16.604096641408397,16.604096641408397
Ref-01B-B-0p10mps,3.5090000000000003,0.10865000000000002,0.1,0.0,0.05284999999999998,0.16362229102167175,0.0003362171727779965,3.297164137423339,19.907499499999997,-16.610335362576656,0.0,16.610335362576656,16.610335362576656
Ref-01B-B-0p10mps,3.5100000000000002,0.10875000000000001,0.1,0.0,0.05274999999999999,0.16331269349845198,0.00033558100026564465,3.290925416255084,19.907499499999997,-16.61657408374491,0.0,16.61657408374491,16.61657408374491
Ref-01B-B-0p10mps,3.511,0.10885,0.1,0.0,0.05265,0.1630030959752322,0.00033494482775329277,3.2846866950868283,19.907499499999997,-16.622812804913167,0.0,16.622812804913167,16.622812804913167
Ref-01B-B-0p10mps,3.5120000000000005,0.10895000000000005,0.1,0.0,0.05254999999999996,0.16269349845201225,0.00033430865524094056,3.2784479739185697,19.907499499999997,-16.629051526081426,0.0,16.629051526081426,16.629051526081426
Ref-01B-B-0p10mps,3.513,0.10904999999999998,0.1,0.0,0.052450000000000024,0.16238390092879265,0.00033367248272858906,3.2722092527503177,19.907499499999997,-16.635290247249678,0.0,16.635290247249678,16.635290247249678
Ref-01B-B-0p10mps,3.5140000000000002,0.10915000000000002,0.1,0.0,0.05234999999999998,0.1620743034055727,0.0003330363102162368,3.2659705315820586,19.907499499999997,-16.641528968417937,0.0,16.641528968417937,16.641528968417937
Ref-01B-B-0p10mps,3.515,0.10925000000000001,0.1,0.0,0.05224999999999999,0.16176470588235292,0.00033240013770388497,3.2597318104138036,19.907499499999997,-16.647767689586193,0.0,16.647767689586193,16.647767689586193
Ref-01B-B-0p10mps,3.516,0.10935,0.1,0.0,0.05215,0.16145510835913313,0.0003317639651915331,3.253493089245548,19.907499499999997,-16.654006410754448,0.0,16.654006410754448,16.654006410754448
Ref-01B-B-0p10mps,3.5170000000000003,0.10945000000000005,0.1,0.0,0.05204999999999996,0.16114551083591316,0.0003311277926791809,3.247254368077289,19.907499499999997,-16.660245131922707,0.0,16.660245131922707,16.660245131922707
Ref-01B-B-0p10mps,3.518,0.10954999999999998,0.1,0.0,0.051950000000000024,0.16083591331269356,0.0003304916201668294,3.2410156469090374,19.907499499999997,-16.66648385309096,0.0,16.66648385309096,16.66648385309096
Ref-01B-B-0p10mps,3.519,0.10965000000000003,0.1,0.0,0.05184999999999998,0.16052631578947363,0.00032985544765447717,3.2347769257407784,19.907499499999997,-16.672722574259218,0.0,16.672722574259218,16.672722574259218
Ref-01B-B-0p10mps,3.5199999999999996,0.10974999999999996,0.1,0.0,0.051750000000000046,0.160216718266254,0.00032921927514212567,3.2285382045725264,19.907499499999997,-16.67896129542747,0.0,16.67896129542747,16.67896129542747
Ref-01B-B-0p10mps,3.521,0.10985,0.1,0.0,0.05165,0.15990712074303406,0.0003285831026297734,3.2222994834042673,19.907499499999997,-16.68520001659573,0.0,16.68520001659573,16.68520001659573
Ref-01B-B-0p10mps,3.5220000000000007,0.10995000000000005,0.1,0.0,0.05154999999999996,0.1595975232198141,0.0003279469301174212,3.2160607622360087,19.907499499999997,-16.69143873776399,0.0,16.69143873776399,16.69143873776399
Ref-01B-B-0p10mps,3.5229999999999997,0.11004999999999998,0.1,0.0,0.051450000000000023,0.1592879256965945,0.0003273107576050697,3.2098220410677567,19.907499499999997,-16.69767745893224,0.0,16.69767745893224,16.69767745893224
Ref-01B-B-0p10mps,3.5240000000000005,0.11015000000000003,0.1,0.0,0.05134999999999998,0.15897832817337454,0.0003266745850927175,3.203583319899498,19.907499499999997,-16.7039161801005,0.0,16.7039161801005,16.7039161801005
Ref-01B-B-0p10mps,3.5249999999999995,0.11024999999999996,0.1,0.0,0.051250000000000046,0.15866873065015494,0.000326038412580366,3.197344598731246,19.907499499999997,-16.71015490126875,0.0,16.71015490126875,16.71015490126875
Ref-01B-B-0p10mps,3.5260000000000002,0.11035,0.1,0.0,0.05115,0.15835913312693498,0.0003254022400680138,3.191105877562987,19.907499499999997,-16.71639362243701,0.0,16.71639362243701,16.71639362243701
Ref-01B-B-0p10mps,3.5270000000000006,0.11045000000000005,0.1,0.0,0.051049999999999957,0.15804953560371504,0.00032476606755566157,3.1848671563947284,19.907499499999997,-16.72263234360527,0.0,16.72263234360527,16.72263234360527
Ref-01B-B-0p10mps,3.528,0.11054999999999998,0.1,0.0,0.05095000000000002,0.1577399380804954,0.00032412989504331,3.178628435226476,19.907499499999997,-16.72887106477352,0.0,16.72887106477352,16.72887106477352
Ref-01B-B-0p10mps,3.5290000000000004,0.11065000000000003,0.1,0.0,0.05084999999999998,0.15743034055727548,0.0003234937225309578,3.1723897140582173,19.907499499999997,-16.73510978594178,0.0,16.73510978594178,16.73510978594178
Ref-01B-B-0p10mps,3.53,0.11074999999999996,0.1,0.0,0.050750000000000045,0.15712074303405588,0.0003228575500186063,3.1661509928899654,19.907499499999997,-16.741348507110033,0.0,16.741348507110033,16.741348507110033
Ref-01B-B-0p10mps,3.531,0.11085,0.1,0.0,0.05065,0.15681114551083591,0.0003222213775062541,3.1599122717217067,19.907499499999997,-16.74758722827829,0.0,16.74758722827829,16.74758722827829
Ref-01B-B-0p10mps,3.5320000000000005,0.11095000000000005,0.1,0.0,0.050549999999999956,0.15650154798761595,0.0003215852049939019,3.1536735505534477,19.907499499999997,-16.75382594944655,0.0,16.75382594944655,16.75382594944655
Ref-01B-B-0p10mps,3.533,0.11104999999999998,0.1,0.0,0.05045000000000002,0.15619195046439635,0.0003209490324815504,3.147434829385196,19.907499499999997,-16.7600646706148,0.0,16.7600646706148,16.7600646706148
Ref-01B-B-0p10mps,3.5340000000000003,0.11115000000000003,0.1,0.0,0.05034999999999998,0.1558823529411764,0.0003203128599691982,3.141196108216937,19.907499499999997,-16.766303391783058,0.0,16.766303391783058,16.766303391783058
Ref-01B-B-0p10mps,3.5349999999999997,0.11124999999999996,0.1,0.0,0.050250000000000045,0.1555727554179568,0.0003196766874568466,3.1349573870486847,19.907499499999997,-16.772542112951314,0.0,16.772542112951314,16.772542112951314
Ref-01B-B-0p10mps,3.536,0.11135,0.1,0.0,0.05015,0.15526315789473683,0.0003190405149444944,3.128718665880426,19.907499499999997,-16.77878083411957,0.0,16.77878083411957,16.77878083411957
Ref-01B-B-0p10mps,3.5370000000000004,0.11145000000000005,0.1,0.0,0.050049999999999956,0.1549535603715169,0.0003184043424321422,3.1224799447121674,19.907499499999997,-16.78501955528783,0.0,16.78501955528783,16.78501955528783
Ref-01B-B-0p10mps,3.538,0.11154999999999998,0.1,0.0,0.04995000000000002,0.1546439628482973,0.0003177681699197907,3.1162412235439154,19.907499499999997,-16.79125827645608,0.0,16.79125827645608,16.79125827645608
Ref-01B-B-0p10mps,3.539,0.11165000000000003,0.1,0.0,0.04984999999999998,0.15433436532507733,0.0003171319974074385,3.110002502375657,19.907499499999997,-16.79749699762434,0.0,16.79749699762434,16.79749699762434
Ref-01B-B-0p10mps,3.5399999999999996,0.11174999999999996,0.1,0.0,0.049750000000000044,0.15402476780185773,0.000316495824895087,3.103763781207405,19.907499499999997,-16.80373571879259,0.0,16.80373571879259,16.80373571879259
Ref-01B-B-0p10mps,3.541,0.11185,0.1,0.0,0.04965,0.15371517027863776,0.00031585965238273473,3.0975250600391453,19.907499499999997,-16.80997443996085,0.0,16.80997443996085,16.80997443996085
Ref-01B-B-0p10mps,3.5420000000000007,0.11195000000000005,0.1,0.0,0.049549999999999955,0.1534055727554178,0.0003152234798703825,3.0912863388708867,19.907499499999997,-16.81621316112911,0.0,16.81621316112911,16.81621316112911
Ref-01B-B-0p10mps,3.5429999999999997,0.11204999999999998,0.1,0.0,0.04945000000000002,0.1530959752321982,0.000314587307358031,3.0850476177026347,19.907499499999997,-16.82245188229736,0.0,16.82245188229736,16.82245188229736
Ref-01B-B-0p10mps,3.5440000000000005,0.11215000000000003,0.1,0.0,0.04934999999999998,0.15278637770897827,0.0003139511348456788,3.078808896534376,19.907499499999997,-16.82869060346562,0.0,16.82869060346562,16.82869060346562
Ref-01B-B-0p10mps,3.5449999999999995,0.11224999999999996,0.1,0.0,0.049250000000000044,0.15247678018575864,0.0003133149623333273,3.072570175366124,19.907499499999997,-16.834929324633872,0.0,16.834929324633872,16.834929324633872
Ref-01B-B-0p10mps,3.5460000000000003,0.11235,0.1,0.0,0.04915,0.1521671826625387,0.0003126787898209751,3.0663314541978655,19.907499499999997,-16.84116804580213,0.0,16.84116804580213,16.84116804580213
Ref-01B-B-0p10mps,3.5470000000000006,0.11245000000000005,0.1,0.0,0.049049999999999955,0.15185758513931874,0.0003120426173086229,3.060092733029607,19.907499499999997,-16.84740676697039,0.0,16.84740676697039,16.84740676697039
Ref-01B-B-0p10mps,3.548,0.11254999999999998,0.1,0.0,0.04895000000000002,0.15154798761609914,0.00031140644479627134,3.0538540118613544,19.907499499999997,-16.853645488138643,0.0,16.853645488138643,16.853645488138643
Ref-01B-B-0p10mps,3.5490000000000004,0.11265000000000003,0.1,0.0,0.04884999999999998,0.15123839009287918,0.00031077027228391913,3.0476152906930953,19.907499499999997,-16.8598842093069,0.0,16.8598842093069,16.8598842093069
Ref-01B-B-0p10mps,3.55,0.11274999999999996,0.1,0.0,0.04875000000000004,0.15092879256965958,0.00031013409977156763,3.041376569524844,19.907499499999997,-16.866122930475154,0.0,16.866122930475154,16.866122930475154
Ref-01B-B-0p10mps,3.551,0.11285,0.1,0.0,0.04865,0.1506191950464396,0.0003094979272592154,3.0351378483565847,19.907499499999997,-16.872361651643413,0.0,16.872361651643413,16.872361651643413
Ref-01B-B-0p10mps,3.5520000000000005,0.11295000000000005,0.1,0.0,0.048549999999999954,0.15030959752321968,0.0003088617547468632,3.028899127188326,19.907499499999997,-16.878600372811672,0.0,16.878600372811672,16.878600372811672
Ref-01B-B-0p10mps,3.553,0.11304999999999998,0.1,0.0,0.04845000000000002,0.15000000000000005,0.0003082255822345117,3.022660406020074,19.907499499999997,-16.884839093979924,0.0,16.884839093979924,16.884839093979924
Ref-01B-B-0p10mps,3.5540000000000003,0.11315000000000003,0.1,0.0,0.048349999999999976,0.14969040247678012,0.0003075894097221595,3.0164216848518155,19.907499499999997,-16.89107781514818,0.0,16.89107781514818,16.89107781514818
Ref-01B-B-0p10mps,3.5549999999999997,0.11324999999999996,0.1,0.0,0.04825000000000004,0.1493808049535605,0.00030695323720980795,3.010182963683563,19.907499499999997,-16.897316536316435,0.0,16.897316536316435,16.897316536316435
Ref-01B-B-0p10mps,3.556,0.11335,0.1,0.0,0.04815,0.14907120743034055,0.00030631706469745574,3.0039442425153045,19.907499499999997,-16.90355525748469,0.0,16.90355525748469,16.90355525748469
Ref-01B-B-0p10mps,3.5570000000000004,0.11345000000000005,0.1,0.0,0.048049999999999954,0.1487616099071206,0.00030568089218510353,2.9977055213470454,19.907499499999997,-16.90979397865295,0.0,16.90979397865295,16.90979397865295
Ref-01B-B-0p10mps,3.558,0.11354999999999998,0.1,0.0,0.04795000000000002,0.148452012383901,0.00030504471967275203,2.9914668001787934,19.907499499999997,-16.9160326998212,0.0,16.9160326998212,16.9160326998212
Ref-01B-B-0p10mps,3.559,0.11365000000000003,0.1,0.0,0.047849999999999976,0.14814241486068103,0.0003044085471603998,2.9852280790105348,19.907499499999997,-16.92227142098946,0.0,16.92227142098946,16.92227142098946
Ref-01B-B-0p10mps,3.5599999999999996,0.11374999999999996,0.1,0.0,0.04775000000000004,0.14783281733746143,0.0003037723746480483,2.978989357842283,19.907499499999997,-16.928510142157712,0.0,16.928510142157712,16.928510142157712
Ref-01B-B-0p10mps,3.561,0.11385,0.1,0.0,0.04765,0.14752321981424146,0.0003031362021356961,2.972750636674024,19.907499499999997,-16.93474886332597,0.0,16.93474886332597,16.93474886332597
Ref-01B-B-0p10mps,3.5620000000000007,0.11395000000000005,0.1,0.0,0.04754999999999995,0.14721362229102153,0.00030250002962334385,2.9665119155057647,19.907499499999997,-16.94098758449423,0.0,16.94098758449423,16.94098758449423
Ref-01B-B-0p10mps,3.5629999999999997,0.11404999999999998,0.1,0.0,0.04745000000000002,0.14690402476780193,0.00030186385711099235,2.960273194337513,19.907499499999997,-16.947226305662483,0.0,16.947226305662483,16.947226305662483
Ref-01B-B-0p10mps,3.5640000000000005,0.11415000000000003,0.1,0.0,0.047349999999999975,0.14659442724458197,0.00030122768459864014,2.954034473169254,19.907499499999997,-16.95346502683074,0.0,16.95346502683074,16.95346502683074
Ref-01B-B-0p10mps,3.5649999999999995,0.11424999999999996,0.1,0.0,0.04725000000000004,0.14628482972136236,0.00030059151208628864,2.9477957520010025,19.907499499999997,-16.959703747998994,0.0,16.959703747998994,16.959703747998994
Ref-01B-B-0p10mps,3.5660000000000003,0.11435000000000001,0.1,0.0,0.04715,0.1459752321981424,0.00029995533957393643,2.9415570308327434,19.907499499999997,-16.965942469167253,0.0,16.965942469167253,16.965942469167253
Ref-01B-B-0p10mps,3.5670000000000006,0.11445000000000005,0.1,0.0,0.04704999999999995,0.14566563467492244,0.0002993191670615842,2.935318309664485,19.907499499999997,-16.97218119033551,0.0,16.97218119033551,16.97218119033551
Ref-01B-B-0p10mps,3.568,0.11454999999999999,0.1,0.0,0.04695000000000002,0.14535603715170284,0.00029868299454923267,2.9290795884962324,19.907499499999997,-16.978419911503764,0.0,16.978419911503764,16.978419911503764
Ref-01B-B-0p10mps,3.5690000000000004,0.11465000000000003,0.1,0.0,0.046849999999999975,0.1450464396284829,0.00029804682203688046,2.9228408673279738,19.907499499999997,-16.984658632672023,0.0,16.984658632672023,16.984658632672023
Ref-01B-B-0p10mps,3.57,0.11474999999999996,0.1,0.0,0.04675000000000004,0.14473684210526327,0.00029741064952452896,2.916602146159722,19.907499499999997,-16.990897353840275,0.0,16.990897353840275,16.990897353840275
Ref-01B-B-0p10mps,3.571,0.11485000000000001,0.1,0.0,0.04665,0.14442724458204334,0.00029677447701217675,2.910363424991463,19.907499499999997,-16.997136075008534,0.0,16.997136075008534,16.997136075008534
Ref-01B-B-0p10mps,3.5720000000000005,0.11495000000000005,0.1,0.0,0.04654999999999995,0.14411764705882338,0.00029613830449982454,2.904124703823204,19.907499499999997,-17.003374796176793,0.0,17.003374796176793,17.003374796176793
Ref-01B-B-0p10mps,3.573,0.11504999999999999,0.1,0.0,0.04645000000000002,0.14380804953560378,0.00029550213198747304,2.8978859826549526,19.907499499999997,-17.009613517345045,0.0,17.009613517345045,17.009613517345045
Ref-01B-B-0p10mps,3.5740000000000003,0.11515000000000003,0.1,0.0,0.046349999999999975,0.14349845201238381,0.00029486595947512083,2.8916472614866935,19.907499499999997,-17.015852238513304,0.0,17.015852238513304,17.015852238513304
Ref-01B-B-0p10mps,3.5749999999999997,0.11524999999999996,0.1,0.0,0.04625000000000004,0.1431888544891642,0.0002942297869627693,2.885408540318441,19.907499499999997,-17.022090959681556,0.0,17.022090959681556,17.022090959681556
Ref-01B-B-0p10mps,3.576,0.11535000000000001,0.1,0.0,0.04615,0.14287925696594425,0.00029359361445041707,2.8791698191501824,19.907499499999997,-17.028329680849815,0.0,17.028329680849815,17.028329680849815
Ref-01B-B-0p10mps,3.5770000000000004,0.11545000000000005,0.1,0.0,0.04604999999999995,0.14256965944272432,0.00029295744193806486,2.872931097981924,19.907499499999997,-17.034568402018074,0.0,17.034568402018074,17.034568402018074
Ref-01B-B-0p10mps,3.578,0.11554999999999999,0.1,0.0,0.04595000000000002,0.1422600619195047,0.00029232126942571336,2.866692376813672,19.907499499999997,-17.040807123186326,0.0,17.040807123186326,17.040807123186326
Ref-01B-B-0p10mps,3.579,0.11565000000000003,0.1,0.0,0.045849999999999974,0.14195046439628475,0.00029168509691336115,2.860453655645413,19.907499499999997,-17.047045844354585,0.0,17.047045844354585,17.047045844354585
Ref-01B-B-0p10mps,3.5799999999999996,0.11574999999999996,0.1,0.0,0.04575000000000004,0.14164086687306512,0.00029104892440100965,2.8542149344771612,19.907499499999997,-17.053284565522837,0.0,17.053284565522837,17.053284565522837
Ref-01B-B-0p10mps,3.581,0.11585000000000001,0.1,0.0,0.045649999999999996,0.1413312693498452,0.00029041275188865744,2.847976213308902,19.907499499999997,-17.059523286691096,0.0,17.059523286691096,17.059523286691096
Ref-01B-B-0p10mps,3.5820000000000007,0.11595000000000005,0.1,0.0,0.04554999999999995,0.14102167182662523,0.0002897765793763052,2.841737492140643,19.907499499999997,-17.065762007859355,0.0,17.065762007859355,17.065762007859355
Ref-01B-B-0p10mps,3.5829999999999997,0.11604999999999999,0.1,0.0,0.04545000000000002,0.14071207430340563,0.0002891404068639537,2.835498770972391,19.907499499999997,-17.072000729027607,0.0,17.072000729027607,17.072000729027607
Ref-01B-B-0p10mps,3.5840000000000005,0.11615000000000003,0.1,0.0,0.045349999999999974,0.14040247678018566,0.00028850423435160147,2.8292600498041325,19.907499499999997,-17.078239450195863,0.0,17.078239450195863,17.078239450195863
Ref-01B-B-0p10mps,3.5849999999999995,0.11624999999999996,0.1,0.0,0.04525000000000004,0.14009287925696606,0.00028786806183924996,2.8230213286358805,19.907499499999997,-17.084478171364115,0.0,17.084478171364115,17.084478171364115
Ref-01B-B-0p10mps,3.5860000000000003,0.11635000000000001,0.1,0.0,0.045149999999999996,0.1397832817337461,0.00028723188932689776,2.816782607467622,19.907499499999997,-17.090716892532374,0.0,17.090716892532374,17.090716892532374
Ref-01B-B-0p10mps,3.5870000000000006,0.11645000000000005,0.1,0.0,0.04504999999999995,0.13947368421052617,0.00028659571681454555,2.810543886299363,19.907499499999997,-17.096955613700633,0.0,17.096955613700633,17.096955613700633
Ref-01B-B-0p10mps,3.588,0.11654999999999999,0.1,0.0,0.04495000000000002,0.13916408668730657,0.00028595954430219405,2.8043051651311113,19.907499499999997,-17.103194334868885,0.0,17.103194334868885,17.103194334868885
Ref-01B-B-0p10mps,3.5890000000000004,0.11665000000000003,0.1,0.0,0.04484999999999997,0.1388544891640866,0.0002853233717898418,2.7980664439628518,19.907499499999997,-17.109433056037144,0.0,17.109433056037144,17.109433056037144
Ref-01B-B-0p10mps,3.59,0.11674999999999996,0.1,0.0,0.04475000000000004,0.138544891640867,0.0002846871992774903,2.7918277227946,19.907499499999997,-17.115671777205396,0.0,17.115671777205396,17.115671777205396
Ref-01B-B-0p10mps,3.591,0.11685000000000001,0.1,0.0,0.044649999999999995,0.13823529411764704,0.0002840510267651381,2.785589001626341,19.907499499999997,-17.121910498373655,0.0,17.121910498373655,17.121910498373655
Ref-01B-B-0p10mps,3.5920000000000005,0.11695000000000005,0.1,0.0,0.04454999999999995,0.13792569659442708,0.00028341485425278587,2.7793502804580825,19.907499499999997,-17.128149219541914,0.0,17.128149219541914,17.128149219541914
Ref-01B-B-0p10mps,3.593,0.11704999999999999,0.1,0.0,0.04445000000000002,0.13761609907120748,0.00028277868174043436,2.7731115592898306,19.907499499999997,-17.134387940710166,0.0,17.134387940710166,17.134387940710166
Ref-01B-B-0p10mps,3.5940000000000003,0.11715000000000003,0.1,0.0,0.04434999999999997,0.13730650154798754,0.00028214250922808216,2.766872838121572,19.907499499999997,-17.140626661878425,0.0,17.140626661878425,17.140626661878425
Ref-01B-B-0p10mps,3.5949999999999998,0.11724999999999997,0.1,0.0,0.04425000000000004,0.1369969040247679,0.00028150633671573065,2.76063411695332,19.907499499999997,-17.146865383046677,0.0,17.146865383046677,17.146865383046677
Ref-01B-B-0p10mps,3.596,0.11735000000000001,0.1,0.0,0.044149999999999995,0.13668730650154798,0.0002808701642033784,2.7543953957850604,19.907499499999997,-17.153104104214936,0.0,17.153104104214936,17.153104104214936
Ref-01B-B-0p10mps,3.5970000000000004,0.11745000000000005,0.1,0.0,0.04404999999999995,0.13637770897832802,0.0002802339916910262,2.748156674616802,19.907499499999997,-17.159342825383195,0.0,17.159342825383195,17.159342825383195
Ref-01B-B-0p10mps,3.598,0.11754999999999999,0.1,0.0,0.04395000000000002,0.13606811145510841,0.0002795978191786747,2.74191795344855,19.907499499999997,-17.165581546551447,0.0,17.165581546551447,17.165581546551447
Ref-01B-B-0p10mps,3.599,0.11765000000000003,0.1,0.0,0.04384999999999997,0.13575851393188845,0.0002789616466663225,2.735679232280291,19.907499499999997,-17.171820267719706,0.0,17.171820267719706,17.171820267719706
Ref-01B-B-0p10mps,3.5999999999999996,0.11774999999999997,0.1,0.0,0.04375000000000004,0.13544891640866885,0.00027832547415397097,2.7294405111120392,19.907499499999997,-17.17805898888796,0.0,17.17805898888796,17.17805898888796
Ref-01B-B-0p10mps,3.601,0.11785000000000001,0.1,0.0,0.043649999999999994,0.1351393188854489,0.00027768930164161876,2.7232017899437806,19.907499499999997,-17.184297710056217,0.0,17.184297710056217,17.184297710056217
Ref-01B-B-0p10mps,3.6020000000000008,0.11795000000000005,0.1,0.0,0.04354999999999995,0.13482972136222895,0.0002770531291292665,2.716963068775521,19.907499499999997,-17.190536431224476,0.0,17.190536431224476,17.190536431224476
Ref-01B-B-0p10mps,3.6029999999999998,0.11804999999999999,0.1,0.0,0.043450000000000016,0.13452012383900933,0.000276416956616915,2.7107243476072695,19.907499499999997,-17.19677515239273,0.0,17.19677515239273,17.19677515239273
Ref-01B-B-0p10mps,3.6040000000000005,0.11815000000000003,0.1,0.0,0.04334999999999997,0.1342105263157894,0.0002757807841045628,2.7044856264390105,19.907499499999997,-17.203013873560987,0.0,17.203013873560987,17.203013873560987
Ref-01B-B-0p10mps,3.6049999999999995,0.11824999999999997,0.1,0.0,0.04325000000000004,0.13390092879256976,0.0002751446115922113,2.698246905270759,19.907499499999997,-17.209252594729236,0.0,17.209252594729236,17.209252594729236
Ref-01B-B-0p10mps,3.6060000000000003,0.11835000000000001,0.1,0.0,0.043149999999999994,0.13359133126934983,0.0002745084390798591,2.6920081841025,19.907499499999997,-17.215491315897495,0.0,17.215491315897495,17.215491315897495
Ref-01B-B-0p10mps,3.6070000000000007,0.11845000000000006,0.1,0.0,0.04304999999999995,0.13328173374612987,0.0002738722665675069,2.6857694629342412,19.907499499999997,-17.221730037065754,0.0,17.221730037065754,17.221730037065754
Ref-01B-B-0p10mps,3.608,0.11854999999999999,0.1,0.0,0.042950000000000016,0.13297213622291026,0.00027323609405515537,2.6795307417659893,19.907499499999997,-17.227968758234006,0.0,17.227968758234006,17.227968758234006
Ref-01B-B-0p10mps,3.6090000000000004,0.11865000000000003,0.1,0.0,0.04284999999999997,0.1326625386996903,0.0002725999215428031,2.67329202059773,19.907499499999997,-17.234207479402265,0.0,17.234207479402265,17.234207479402265
Ref-01B-B-0p10mps,3.61,0.11874999999999997,0.1,0.0,0.04275000000000004,0.1323529411764707,0.0002719637490304516,2.667053299429478,19.907499499999997,-17.240446200570517,0.0,17.240446200570517,17.240446200570517
Ref-01B-B-0p10mps,3.611,0.11885000000000001,0.1,0.0,0.042649999999999993,0.13204334365325074,0.0002713275765180994,2.6608145782612196,19.907499499999997,-17.246684921738776,0.0,17.246684921738776,17.246684921738776
Ref-01B-B-0p10mps,3.6120000000000005,0.11895000000000006,0.1,0.0,0.04254999999999995,0.1317337461300308,0.0002706914040057472,2.6545758570929605,19.907499499999997,-17.252923642907035,0.0,17.252923642907035,17.252923642907035
Ref-01B-B-0p10mps,3.613,0.11904999999999999,0.1,0.0,0.042450000000000015,0.1314241486068112,0.0002700552314933957,2.6483371359247085,19.907499499999997,-17.259162364075287,0.0,17.259162364075287,17.259162364075287
Ref-01B-B-0p10mps,3.6140000000000003,0.11915000000000003,0.1,0.0,0.04234999999999997,0.13111455108359124,0.0002694190589810435,2.64209841475645,19.907499499999997,-17.265401085243546,0.0,17.265401085243546,17.265401085243546
Ref-01B-B-0p10mps,3.6149999999999998,0.11924999999999997,0.1,0.0,0.04225000000000004,0.13080495356037164,0.000268782886468692,2.635859693588198,19.907499499999997,-17.271639806411798,0.0,17.271639806411798,17.271639806411798
Ref-01B-B-0p10mps,3.616,0.11935000000000001,0.1,0.0,0.04214999999999999,0.13049535603715168,0.0002681467139563397,2.629620972419939,19.907499499999997,-17.277878527580057,0.0,17.277878527580057,17.277878527580057
Ref-01B-B-0p10mps,3.6170000000000004,0.11945000000000006,0.1,0.0,0.04204999999999995,0.13018575851393172,0.0002675105414439875,2.6233822512516802,19.907499499999997,-17.284117248748316,0.0,17.284117248748316,17.284117248748316
Ref-01B-B-0p10mps,3.618,0.11954999999999999,0.1,0.0,0.041950000000000015,0.12987616099071211,0.000266874368931636,2.6171435300834283,19.907499499999997,-17.29035596991657,0.0,17.29035596991657,17.29035596991657
Ref-01B-B-0p10mps,3.619,0.11965000000000003,0.1,0.0,0.04184999999999997,0.12956656346749215,0.0002662381964192838,2.610904808915169,19.907499499999997,-17.296594691084827,0.0,17.296594691084827,17.296594691084827
Ref-01B-B-0p10mps,3.6199999999999997,0.11974999999999997,0.1,0.0,0.04175000000000004,0.12925696594427255,0.0002656020239069323,2.6046660877469177,19.907499499999997,-17.30283341225308,0.0,17.30283341225308,17.30283341225308
Ref-01B-B-0p10mps,3.621,0.11985000000000001,0.1,0.0,0.04164999999999999,0.12894736842105262,0.0002649658513945801,2.5984273665786586,19.907499499999997,-17.30907213342134,0.0,17.30907213342134,17.30907213342134
Ref-01B-B-0p10mps,3.6220000000000008,0.11995000000000006,0.1,0.0,0.04154999999999995,0.12863777089783265,0.00026432967888222783,2.5921886454103995,19.907499499999997,-17.315310854589598,0.0,17.315310854589598,17.315310854589598
Ref-01B-B-0p10mps,3.6229999999999998,0.12004999999999999,0.1,0.0,0.041450000000000015,0.12832817337461305,0.0002636935063698763,2.5859499242421475,19.907499499999997,-17.32154957575785,0.0,17.32154957575785,17.32154957575785
Ref-01B-B-0p10mps,3.6240000000000006,0.12015000000000003,0.1,0.0,0.04134999999999997,0.1280185758513931,0.0002630573338575241,2.579711203073889,19.907499499999997,-17.32778829692611,0.0,17.32778829692611,17.32778829692611
Ref-01B-B-0p10mps,3.6249999999999996,0.12024999999999997,0.1,0.0,0.04125000000000004,0.1277089783281735,0.0002624211613451726,2.573472481905637,19.907499499999997,-17.33402701809436,0.0,17.33402701809436,17.33402701809436
Ref-01B-B-0p10mps,3.6260000000000003,0.12035000000000001,0.1,0.0,0.04114999999999999,0.12739938080495353,0.0002617849888328204,2.5672337607373783,19.907499499999997,-17.34026573926262,0.0,17.34026573926262,17.34026573926262
Ref-01B-B-0p10mps,3.6270000000000007,0.12045000000000006,0.1,0.0,0.04104999999999995,0.1270897832817336,0.0002611488163204682,2.5609950395691192,19.907499499999997,-17.34650446043088,0.0,17.34650446043088,17.34650446043088
Ref-01B-B-0p10mps,3.628,0.12054999999999999,0.1,0.0,0.040950000000000014,0.12678018575851396,0.0002605126438081167,2.5547563184008677,19.907499499999997,-17.35274318159913,0.0,17.35274318159913,17.35274318159913
Ref-01B-B-0p10mps,3.6290000000000004,0.12065000000000003,0.1,0.0,0.04084999999999997,0.12647058823529403,0.00025987647129576444,2.548517597232608,19.907499499999997,-17.35898190276739,0.0,17.35898190276739,17.35898190276739
Ref-01B-B-0p10mps,3.63,0.12074999999999997,0.1,0.0,0.040750000000000036,0.1261609907120744,0.00025924029878341293,2.542278876064356,19.907499499999997,-17.36522062393564,0.0,17.36522062393564,17.36522062393564
Ref-01B-B-0p10mps,3.6310000000000002,0.12085000000000001,0.1,0.0,0.04064999999999999,0.12585139318885447,0.0002586041262710607,2.5360401548960976,19.907499499999997,-17.3714593451039,0.0,17.3714593451039,17.3714593451039
Ref-01B-B-0p10mps,3.6320000000000006,0.12095000000000006,0.1,0.0,0.04054999999999995,0.1255417956656345,0.0002579679537587085,2.529801433727839,19.907499499999997,-17.377698066272156,0.0,17.377698066272156,17.377698066272156
Ref-01B-B-0p10mps,3.633,0.12104999999999999,0.1,0.0,0.040450000000000014,0.1252321981424149,0.000257331781246357,2.523562712559587,19.907499499999997,-17.38393678744041,0.0,17.38393678744041,17.38393678744041
Ref-01B-B-0p10mps,3.6340000000000003,0.12115000000000004,0.1,0.0,0.04034999999999997,0.12492260061919495,0.0002566956087340048,2.5173239913913283,19.907499499999997,-17.390175508608667,0.0,17.390175508608667,17.390175508608667
Ref-01B-B-0p10mps,3.635,0.12124999999999997,0.1,0.0,0.040250000000000036,0.12461300309597534,0.0002560594362216533,2.5110852702230764,19.907499499999997,-17.39641422977692,0.0,17.39641422977692,17.39641422977692
Ref-01B-B-0p10mps,3.636,0.12135000000000001,0.1,0.0,0.04014999999999999,0.12430340557275539,0.00025542326370930104,2.504846549054817,19.907499499999997,-17.40265295094518,0.0,17.40265295094518,17.40265295094518
Ref-01B-B-0p10mps,3.6370000000000005,0.12145000000000006,0.1,0.0,0.04004999999999995,0.12399380804953544,0.00025478709119694884,2.498607827886558,19.907499499999997,-17.408891672113437,0.0,17.408891672113437,17.408891672113437
Ref-01B-B-0p10mps,3.638,0.12154999999999999,0.1,0.0,0.03995000000000001,0.12368421052631583,0.00025415091868459733,2.4923691067183062,19.907499499999997,-17.41513039328169,0.0,17.41513039328169,17.41513039328169
Ref-01B-B-0p10mps,3.6390000000000002,0.12165000000000004,0.1,0.0,0.03984999999999997,0.12337461300309588,0.0002535147461722451,2.4861303855500476,19.907499499999997,-17.42136911444995,0.0,17.42136911444995,17.42136911444995
Ref-01B-B-0p10mps,3.6399999999999997,0.12174999999999997,0.1,0.0,0.039750000000000035,0.12306501547987626,0.0002528785736598936,2.4798916643817956,19.907499499999997,-17.4276078356182,0.0,17.4276078356182,17.4276078356182
Ref-01B-B-0p10mps,3.641,0.12185000000000001,0.1,0.0,0.03964999999999999,0.12275541795665632,0.0002522424011475414,2.473652943213537,19.907499499999997,-17.43384655678646,0.0,17.43384655678646,17.43384655678646
Ref-01B-B-0p10mps,3.642000000000001,0.12195000000000006,0.1,0.0,0.039549999999999946,0.12244582043343637,0.0002516062286351892,2.467414222045278,19.907499499999997,-17.44008527795472,0.0,17.44008527795472,17.44008527795472
Ref-01B-B-0p10mps,3.643,0.12204999999999999,0.1,0.0,0.03945000000000001,0.12213622291021675,0.00025097005612283765,2.461175500877026,19.907499499999997,-17.44632399912297,0.0,17.44632399912297,17.44632399912297
Ref-01B-B-0p10mps,3.6440000000000006,0.12215000000000004,0.1,0.0,0.03934999999999997,0.1218266253869968,0.00025033388361048544,2.454936779708767,19.907499499999997,-17.45256272029123,0.0,17.45256272029123,17.45256272029123
Ref-01B-B-0p10mps,3.6449999999999996,0.12224999999999997,0.1,0.0,0.039250000000000035,0.12151702786377719,0.00024969771109813394,2.448698058540515,19.907499499999997,-17.45880144145948,0.0,17.45880144145948,17.45880144145948
Ref-01B-B-0p10mps,3.6460000000000004,0.12235000000000001,0.1,0.0,0.03914999999999999,0.12120743034055724,0.00024906153858578173,2.4424593373722563,19.907499499999997,-17.46504016262774,0.0,17.46504016262774,17.46504016262774
Ref-01B-B-0p10mps,3.6470000000000007,0.12245000000000006,0.1,0.0,0.039049999999999946,0.12089783281733729,0.0002484253660734295,2.4362206162039977,19.907499499999997,-17.471278883796,0.0,17.471278883796,17.471278883796
Ref-01B-B-0p10mps,3.648,0.12254999999999999,0.1,0.0,0.03895000000000001,0.12058823529411768,0.000247789193561078,2.4299818950357457,19.907499499999997,-17.47751760496425,0.0,17.47751760496425,17.47751760496425
Ref-01B-B-0p10mps,3.6490000000000005,0.12265000000000004,0.1,0.0,0.03884999999999997,0.12027863777089773,0.00024715302104872576,2.4237431738674866,19.907499499999997,-17.48375632613251,0.0,17.48375632613251,17.48375632613251
Ref-01B-B-0p10mps,3.65,0.12274999999999997,0.1,0.0,0.038750000000000034,0.11996904024767813,0.00024651684853637426,2.4175044526992346,19.907499499999997,-17.489995047300763,0.0,17.489995047300763,17.489995047300763
Ref-01B-B-0p10mps,3.6510000000000002,0.12285000000000001,0.1,0.0,0.03864999999999999,0.11965944272445816,0.00024588067602402205,2.4112657315309756,19.907499499999997,-17.496233768469022,0.0,17.496233768469022,17.496233768469022
Ref-01B-B-0p10mps,3.6520000000000006,0.12295000000000006,0.1,0.0,0.038549999999999945,0.11934984520123822,0.00024524450351166984,2.405027010362717,19.907499499999997,-17.50247248963728,0.0,17.50247248963728,17.50247248963728
Ref-01B-B-0p10mps,3.653,0.12304999999999999,0.1,0.0,0.03845000000000001,0.11904024767801862,0.00024460833099931834,2.398788289194465,19.907499499999997,-17.508711210805533,0.0,17.508711210805533,17.508711210805533
Ref-01B-B-0p10mps,3.6540000000000004,0.12315000000000004,0.1,0.0,0.03834999999999997,0.11873065015479865,0.0002439721584869661,2.392549568026206,19.907499499999997,-17.514949931973792,0.0,17.514949931973792,17.514949931973792
Ref-01B-B-0p10mps,3.655,0.12324999999999997,0.1,0.0,0.038250000000000034,0.11842105263157905,0.0002433359859746146,2.3863108468579544,19.907499499999997,-17.52118865314204,0.0,17.52118865314204,17.52118865314204
Ref-01B-B-0p10mps,3.656,0.12335000000000002,0.1,0.0,0.03814999999999999,0.1181114551083591,0.0002426998134622624,2.3800721256896953,19.907499499999997,-17.5274273743103,0.0,17.5274273743103,17.5274273743103
Ref-01B-B-0p10mps,3.6570000000000005,0.12345000000000006,0.1,0.0,0.038049999999999945,0.11780185758513914,0.0002420636409499102,2.3738334045214367,19.907499499999997,-17.53366609547856,0.0,17.53366609547856,17.53366609547856
Ref-01B-B-0p10mps,3.658,0.12355,0.1,0.0,0.03795000000000001,0.11749226006191954,0.00024142746843755866,2.3675946833531847,19.907499499999997,-17.53990481664681,0.0,17.53990481664681,17.53990481664681
Ref-01B-B-0p10mps,3.6590000000000003,0.12365000000000004,0.1,0.0,0.03784999999999997,0.11718266253869958,0.00024079129592520645,2.3613559621849256,19.907499499999997,-17.54614353781507,0.0,17.54614353781507,17.54614353781507
Ref-01B-B-0p10mps,3.6599999999999997,0.12374999999999997,0.1,0.0,0.037750000000000034,0.11687306501547998,0.00024015512341285495,2.355117241016674,19.907499499999997,-17.55238225898332,0.0,17.55238225898332,17.55238225898332
Ref-01B-B-0p10mps,3.661,0.12385000000000002,0.1,0.0,0.03764999999999999,0.11656346749226003,0.0002395189509005027,2.348878519848415,19.907499499999997,-17.55862098015158,0.0,17.55862098015158,17.55862098015158
Ref-01B-B-0p10mps,3.662,0.12395,0.1,0.0,0.03755,0.11625386996904025,0.00023888277838815086,2.3426397986801595,19.907499499999997,-17.564859701319836,0.0,17.564859701319836,17.564859701319836
Ref-01B-B-0p10mps,3.663,0.12405,0.1,0.0,0.03745000000000001,0.11594427244582046,0.000238246605875799,2.3364010775119044,19.907499499999997,-17.57109842248809,0.0,17.57109842248809,17.57109842248809
Ref-01B-B-0p10mps,3.6640000000000006,0.12415000000000004,0.1,0.0,0.03734999999999997,0.11563467492260052,0.0002376104333634468,2.3301623563436453,19.907499499999997,-17.57733714365635,0.0,17.57733714365635,17.57733714365635
Ref-01B-B-0p10mps,3.6649999999999996,0.12424999999999997,0.1,0.0,0.03725000000000003,0.1153250773993809,0.00023697426085109527,2.3239236351753934,19.907499499999997,-17.583575864824603,0.0,17.583575864824603,17.583575864824603
Ref-01B-B-0p10mps,3.6660000000000004,0.12435000000000002,0.1,0.0,0.03714999999999999,0.11501547987616095,0.00023633808833874306,2.3176849140071347,19.907499499999997,-17.589814585992862,0.0,17.589814585992862,17.589814585992862
Ref-01B-B-0p10mps,3.6670000000000003,0.12445,0.1,0.0,0.03705,0.11470588235294117,0.0002357019158263912,2.311446192838879,19.907499499999997,-17.596053307161117,0.0,17.596053307161117,17.596053307161117
Ref-01B-B-0p10mps,3.668,0.12455,0.1,0.0,0.03695000000000001,0.11439628482972139,0.00023506574331403932,2.3052074716706237,19.907499499999997,-17.602292028329373,0.0,17.602292028329373,17.602292028329373
Ref-01B-B-0p10mps,3.6690000000000005,0.12465000000000004,0.1,0.0,0.036849999999999966,0.11408668730650144,0.0002344295708016871,2.298968750502365,19.907499499999997,-17.608530749497632,0.0,17.608530749497632,17.608530749497632
Ref-01B-B-0p10mps,3.67,0.12474999999999997,0.1,0.0,0.03675000000000003,0.11377708978328183,0.0002337933982893356,2.292730029334113,19.907499499999997,-17.614769470665884,0.0,17.614769470665884,17.614769470665884
Ref-01B-B-0p10mps,3.6710000000000003,0.12485000000000002,0.1,0.0,0.03664999999999999,0.11346749226006188,0.00023315722577698338,2.286491308165854,19.907499499999997,-17.621008191834143,0.0,17.621008191834143,17.621008191834143
Ref-01B-B-0p10mps,3.672,0.12495,0.1,0.0,0.03655,0.1131578947368421,0.00023252105326463152,2.2802525869975985,19.907499499999997,-17.6272469130024,0.0,17.6272469130024,17.6272469130024
Ref-01B-B-0p10mps,3.673,0.12505,0.1,0.0,0.03645000000000001,0.11284829721362231,0.00023188488075227967,2.2740138658293434,19.907499499999997,-17.633485634170654,0.0,17.633485634170654,17.633485634170654
Ref-01B-B-0p10mps,3.6740000000000004,0.12515000000000004,0.1,0.0,0.036349999999999966,0.11253869969040237,0.00023124870823992746,2.2677751446610843,19.907499499999997,-17.639724355338913,0.0,17.639724355338913,17.639724355338913
Ref-01B-B-0p10mps,3.675,0.12524999999999997,0.1,0.0,0.03625000000000003,0.11222910216718276,0.00023061253572757593,2.2615364234928323,19.907499499999997,-17.645963076507165,0.0,17.645963076507165,17.645963076507165
Ref-01B-B-0p10mps,3.676,0.12535000000000002,0.1,0.0,0.03614999999999999,0.1119195046439628,0.00022997636321522372,2.2552977023245737,19.907499499999997,-17.652201797675424,0.0,17.652201797675424,17.652201797675424
Ref-01B-B-0p10mps,3.677,0.12545,0.1,0.0,0.03605,0.11160990712074302,0.00022934019070287187,2.249058981156318,19.907499499999997,-17.65844051884368,0.0,17.65844051884368,17.65844051884368
Ref-01B-B-0p10mps,3.678,0.12555,0.1,0.0,0.03595000000000001,0.11130030959752325,0.00022870401819051998,2.2428202599880627,19.907499499999997,-17.664679240011935,0.0,17.664679240011935,17.664679240011935
Ref-01B-B-0p10mps,3.6790000000000003,0.12565000000000004,0.1,0.0,0.035849999999999965,0.11099071207430329,0.00022806784567816778,2.236581538819804,19.907499499999997,-17.670917961180194,0.0,17.670917961180194,17.670917961180194
Ref-01B-B-0p10mps,3.6799999999999997,0.12574999999999997,0.1,0.0,0.03575000000000003,0.11068111455108369,0.00022743167316581627,2.230342817651552,19.907499499999997,-17.677156682348446,0.0,17.677156682348446,17.677156682348446
Ref-01B-B-0p10mps,3.681,0.12585000000000002,0.1,0.0,0.03564999999999999,0.11037151702786373,0.00022679550065346407,2.2241040964832934,19.907499499999997,-17.683395403516702,0.0,17.683395403516702,17.683395403516702
Ref-01B-B-0p10mps,3.682,0.12595,0.1,0.0,0.03555,0.11006191950464396,0.00022615932814111218,2.217865375315038,19.907499499999997,-17.689634124684957,0.0,17.689634124684957,17.689634124684957
Ref-01B-B-0p10mps,3.683,0.12605,0.1,0.0,0.03545000000000001,0.10975232198142418,0.00022552315562876033,2.2116266541467824,19.907499499999997,-17.695872845853213,0.0,17.695872845853213,17.695872845853213
Ref-01B-B-0p10mps,3.6840000000000006,0.12615000000000004,0.1,0.0,0.035349999999999965,0.10944272445820422,0.00022488698311640812,2.2053879329785238,19.907499499999997,-17.702111567021472,0.0,17.702111567021472,17.702111567021472
Ref-01B-B-0p10mps,3.6849999999999996,0.12624999999999997,0.1,0.0,0.03525000000000003,0.10913312693498461,0.0002242508106040566,2.1991492118102713,19.907499499999997,-17.708350288189724,0.0,17.708350288189724,17.708350288189724
Ref-01B-B-0p10mps,3.6860000000000004,0.12635000000000002,0.1,0.0,0.03514999999999999,0.10882352941176467,0.00022361463809170438,2.1929104906420127,19.907499499999997,-17.714589009357983,0.0,17.714589009357983,17.714589009357983
Ref-01B-B-0p10mps,3.6870000000000003,0.12645,0.1,0.0,0.03505,0.10851393188854488,0.00022297846557935253,2.186671769473757,19.907499499999997,-17.72082773052624,0.0,17.72082773052624,17.72082773052624
Ref-01B-B-0p10mps,3.688,0.12655,0.1,0.0,0.03495000000000001,0.1082043343653251,0.00022234229306700065,2.1804330483055017,19.907499499999997,-17.727066451694494,0.0,17.727066451694494,17.727066451694494
Ref-01B-B-0p10mps,3.6890000000000005,0.12665000000000004,0.1,0.0,0.034849999999999964,0.10789473684210515,0.00022170612055464844,2.174194327137243,19.907499499999997,-17.733305172862753,0.0,17.733305172862753,17.733305172862753
Ref-01B-B-0p10mps,3.69,0.12674999999999997,0.1,0.0,0.03475000000000003,0.10758513931888554,0.00022106994804229694,2.167955605968991,19.907499499999997,-17.739543894031005,0.0,17.739543894031005,17.739543894031005
Ref-01B-B-0p10mps,3.6910000000000003,0.12685000000000002,0.1,0.0,0.034649999999999986,0.10727554179566559,0.00022043377552994473,2.1617168848007324,19.907499499999997,-17.745782615199264,0.0,17.745782615199264,17.745782615199264
Ref-01B-B-0p10mps,3.692,0.12695,0.1,0.0,0.03455,0.10696594427244581,0.00021979760301759285,2.155478163632477,19.907499499999997,-17.75202133636752,0.0,17.75202133636752,17.75202133636752
Ref-01B-B-0p10mps,3.693,0.12705,0.1,0.0,0.03445000000000001,0.10665634674922603,0.000219161430505241,2.1492394424642214,19.907499499999997,-17.758260057535775,0.0,17.758260057535775,17.758260057535775
Ref-01B-B-0p10mps,3.6940000000000004,0.12715000000000004,0.1,0.0,0.034349999999999964,0.10634674922600608,0.00021852525799288878,2.1430007212959628,19.907499499999997,-17.764498778704034,0.0,17.764498778704034,17.764498778704034
Ref-01B-B-0p10mps,3.695,0.12724999999999997,0.1,0.0,0.03425000000000003,0.10603715170278646,0.00021788908548053725,2.136762000127711,19.907499499999997,-17.770737499872286,0.0,17.770737499872286,17.770737499872286
Ref-01B-B-0p10mps,3.696,0.12735000000000002,0.1,0.0,0.034149999999999986,0.10572755417956652,0.00021725291296818505,2.1305232789594517,19.907499499999997,-17.776976221040545,0.0,17.776976221040545,17.776976221040545
Ref-01B-B-0p10mps,3.697,0.12745,0.1,0.0,0.03405,0.10541795665634673,0.0002166167404558332,2.1242845577911966,19.907499499999997,-17.7832149422088,0.0,17.7832149422088,17.7832149422088
Ref-01B-B-0p10mps,3.698,0.12755,0.1,0.0,0.03395000000000001,0.10510835913312695,0.0002159805679434813,2.118045836622941,19.907499499999997,-17.789453663377056,0.0,17.789453663377056,17.789453663377056
Ref-01B-B-0p10mps,3.6990000000000003,0.12765000000000004,0.1,0.0,0.03384999999999996,0.104798761609907,0.0002153443954311291,2.111807115454682,19.907499499999997,-17.795692384545315,0.0,17.795692384545315,17.795692384545315
Ref-01B-B-0p10mps,3.6999999999999997,0.12774999999999997,0.1,0.0,0.03375000000000003,0.1044891640866874,0.0002147082229187776,2.10556839428643,19.907499499999997,-17.801931105713567,0.0,17.801931105713567,17.801931105713567
Ref-01B-B-0p10mps,3.701,0.12785000000000002,0.1,0.0,0.033649999999999985,0.10417956656346744,0.0002140720504064254,2.0993296731181714,19.907499499999997,-17.808169826881826,0.0,17.808169826881826,17.808169826881826
Ref-01B-B-0p10mps,3.702,0.12795,0.1,0.0,0.033549999999999996,0.10386996904024766,0.0002134358778940735,2.093090951949916,19.907499499999997,-17.814408548050082,0.0,17.814408548050082,17.814408548050082
Ref-01B-B-0p10mps,3.703,0.12805,0.1,0.0,0.03345000000000001,0.10356037151702788,0.00021279970538172165,2.0868522307816604,19.907499499999997,-17.820647269218338,0.0,17.820647269218338,17.820647269218338
Ref-01B-B-0p10mps,3.7040000000000006,0.12815000000000004,0.1,0.0,0.03334999999999996,0.10325077399380793,0.00021216353286936945,2.0806135096134017,19.907499499999997,-17.826885990386593,0.0,17.826885990386593,17.826885990386593
Ref-01B-B-0p10mps,3.7049999999999996,0.12824999999999998,0.1,0.0,0.03325000000000003,0.10294117647058833,0.00021152736035701792,2.0743747884451498,19.907499499999997,-17.833124711554845,0.0,17.833124711554845,17.833124711554845
Ref-01B-B-0p10mps,3.7060000000000004,0.12835000000000002,0.1,0.0,0.033149999999999985,0.10263157894736837,0.0002108911878446657,2.0681360672768907,19.907499499999997,-17.839363432723104,0.0,17.839363432723104,17.839363432723104
Ref-01B-B-0p10mps,3.7070000000000003,0.12845,0.1,0.0,0.033049999999999996,0.1023219814241486,0.00021025501533231385,2.0618973461086356,19.907499499999997,-17.84560215389136,0.0,17.84560215389136,17.84560215389136
Ref-01B-B-0p10mps,3.708,0.12855,0.1,0.0,0.03295000000000001,0.10201238390092882,0.000209618842819962,2.05565862494038,19.907499499999997,-17.851840875059615,0.0,17.851840875059615,17.851840875059615
Ref-01B-B-0p10mps,3.7090000000000005,0.12865000000000004,0.1,0.0,0.03284999999999996,0.10170278637770885,0.00020898267030760976,2.049419903772121,19.907499499999997,-17.858079596227874,0.0,17.858079596227874,17.858079596227874
Ref-01B-B-0p10mps,3.71,0.12874999999999998,0.1,0.0,0.03275000000000003,0.10139318885448925,0.00020834649779525826,2.0431811826038695,19.907499499999997,-17.864318317396126,0.0,17.864318317396126,17.864318317396126
Ref-01B-B-0p10mps,3.7110000000000003,0.12885000000000002,0.1,0.0,0.032649999999999985,0.1010835913312693,0.00020771032528290605,2.0369424614356104,19.907499499999997,-17.870557038564385,0.0,17.870557038564385,17.870557038564385
Ref-01B-B-0p10mps,3.712,0.12895,0.1,0.0,0.032549999999999996,0.10077399380804952,0.00020707415277055417,2.030703740267355,19.907499499999997,-17.87679575973264,0.0,17.87679575973264,17.87679575973264
Ref-01B-B-0p10mps,3.713,0.12905,0.1,0.0,0.03245000000000001,0.10046439628482974,0.00020643798025820232,2.0244650190991,19.907499499999997,-17.883034480900896,0.0,17.883034480900896,17.883034480900896
Ref-01B-B-0p10mps,3.7140000000000004,0.12915000000000004,0.1,0.0,0.03234999999999996,0.10015479876160979,0.0002058018077458501,2.0182262979308407,19.907499499999997,-17.889273202069155,0.0,17.889273202069155,17.889273202069155
Ref-01B-B-0p10mps,3.715,0.12924999999999998,0.1,0.0,0.03225000000000003,0.09984520123839018,0.00020516563523349858,2.0119875767625888,19.907499499999997,-17.895511923237407,0.0,17.895511923237407,17.895511923237407
Ref-01B-B-0p10mps,3.716,0.12935000000000002,0.1,0.0,0.032149999999999984,0.09953560371517023,0.00020452946272114637,2.00574885559433,19.907499499999997,-17.901750644405666,0.0,17.901750644405666,17.901750644405666
Ref-01B-B-0p10mps,3.717,0.12945,0.1,0.0,0.032049999999999995,0.09922600619195045,0.00020389329020879452,1.9995101344260746,19.907499499999997,-17.907989365573922,0.0,17.907989365573922,17.907989365573922
Ref-01B-B-0p10mps,3.718,0.12955,0.1,0.0,0.031950000000000006,0.09891640866873067,0.00020325711769644266,1.9932714132578193,19.907499499999997,-17.914228086742177,0.0,17.914228086742177,17.914228086742177
Ref-01B-B-0p10mps,3.7190000000000003,0.12965000000000004,0.1,0.0,0.03184999999999996,0.09860681114551072,0.00020262094518409043,1.9870326920895602,19.907499499999997,-17.920466807910437,0.0,17.920466807910437,17.920466807910437
Ref-01B-B-0p10mps,3.7199999999999998,0.12974999999999998,0.1,0.0,0.03175000000000003,0.0982972136222911,0.00020198477267173892,1.9807939709213085,19.907499499999997,-17.92670552907869,0.0,17.92670552907869,17.92670552907869
Ref-01B-B-0p10mps,3.721,0.12985000000000002,0.1,0.0,0.031649999999999984,0.09798761609907115,0.00020134860015938672,1.9745552497530496,19.907499499999997,-17.932944250246948,0.0,17.932944250246948,17.932944250246948
Ref-01B-B-0p10mps,3.722,0.12995,0.1,0.0,0.031549999999999995,0.09767801857585137,0.00020071242764703483,1.9683165285847941,19.907499499999997,-17.939182971415203,0.0,17.939182971415203,17.939182971415203
Ref-01B-B-0p10mps,3.723,0.13005,0.1,0.0,0.031450000000000006,0.09736842105263159,0.00020007625513468298,1.9620778074165388,19.907499499999997,-17.94542169258346,0.0,17.94542169258346,17.94542169258346
Ref-01B-B-0p10mps,3.7240000000000006,0.13015000000000004,0.1,0.0,0.03134999999999996,0.09705882352941164,0.00019944008262233077,1.95583908624828,19.907499499999997,-17.951660413751718,0.0,17.951660413751718,17.951660413751718
Ref-01B-B-0p10mps,3.7249999999999996,0.13024999999999998,0.1,0.0,0.03125000000000003,0.09674922600619203,0.00019880391010997927,1.9496003650800282,19.907499499999997,-17.95789913491997,0.0,17.95789913491997,17.95789913491997
Ref-01B-B-0p10mps,3.7260000000000004,0.13035000000000002,0.1,0.0,0.031149999999999983,0.09643962848297208,0.00019816773759762703,1.9433616439117691,19.907499499999997,-17.96413785608823,0.0,17.96413785608823,17.96413785608823
Ref-01B-B-0p10mps,3.7270000000000003,0.13045,0.1,0.0,0.031049999999999994,0.0961300309597523,0.00019753156508527518,1.9371229227435138,19.907499499999997,-17.970376577256484,0.0,17.970376577256484,17.970376577256484
Ref-01B-B-0p10mps,3.728,0.13055,0.1,0.0,0.030950000000000005,0.09582043343653251,0.00019689539257292332,1.9308842015752585,19.907499499999997,-17.97661529842474,0.0,17.97661529842474,17.97661529842474
Ref-01B-B-0p10mps,3.7290000000000005,0.13065000000000004,0.1,0.0,0.03084999999999996,0.09551083591331257,0.0001962592200605711,1.9246454804069995,19.907499499999997,-17.982854019593,0.0,17.982854019593,17.982854019593
Ref-01B-B-0p10mps,3.73,0.13074999999999998,0.1,0.0,0.030750000000000027,0.09520123839009297,0.0001956230475482196,1.9184067592387475,19.907499499999997,-17.98909274076125,0.0,17.98909274076125,17.98909274076125
Ref-01B-B-0p10mps,3.7310000000000003,0.13085000000000002,0.1,0.0,0.030649999999999983,0.094891640866873,0.00019498687503586738,1.9121680380704889,19.907499499999997,-17.995331461929506,0.0,17.995331461929506,17.995331461929506
Ref-01B-B-0p10mps,3.732,0.13095,0.1,0.0,0.030549999999999994,0.09458204334365324,0.0001943507025235155,1.905929316902233,19.907499499999997,-18.001570183097762,0.0,18.001570183097762,18.001570183097762
Ref-01B-B-0p10mps,3.733,0.13105,0.1,0.0,0.030450000000000005,0.09427244582043345,0.00019371453001116364,1.8996905957339778,19.907499499999997,-18.007808904266017,0.0,18.007808904266017,18.007808904266017
Ref-01B-B-0p10mps,3.7340000000000004,0.13115000000000004,0.1,0.0,0.03034999999999996,0.09396284829721349,0.00019307835749881143,1.8934518745657192,19.907499499999997,-18.014047625434277,0.0,18.014047625434277,18.014047625434277
Ref-01B-B-0p10mps,3.735,0.13124999999999998,0.1,0.0,0.030250000000000027,0.09365325077399389,0.00019244218498645993,1.8872131533974672,19.907499499999997,-18.02028634660253,0.0,18.02028634660253,18.02028634660253
Ref-01B-B-0p10mps,3.736,0.13135000000000002,0.1,0.0,0.030149999999999982,0.09334365325077394,0.0001918060124741077,1.8809744322292081,19.907499499999997,-18.026525067770788,0.0,18.026525067770788,18.026525067770788
Ref-01B-B-0p10mps,3.737,0.13145,0.1,0.0,0.030049999999999993,0.09303405572755416,0.00019116983996175584,1.8747357110609528,19.907499499999997,-18.032763788939043,0.0,18.032763788939043,18.032763788939043
Ref-01B-B-0p10mps,3.738,0.13155,0.1,0.0,0.029950000000000004,0.09272445820433438,0.000190533667449404,1.8684969898926975,19.907499499999997,-18.0390025101073,0.0,18.0390025101073,18.0390025101073
Ref-01B-B-0p10mps,3.7390000000000003,0.13165000000000004,0.1,0.0,0.02984999999999996,0.09241486068111443,0.00018989749493705175,1.8622582687244384,19.907499499999997,-18.045241231275558,0.0,18.045241231275558,18.045241231275558
Ref-01B-B-0p10mps,3.7399999999999998,0.13174999999999998,0.1,0.0,0.029750000000000026,0.09210526315789481,0.00018926132242470025,1.8560195475561867,19.907499499999997,-18.05147995244381,0.0,18.05147995244381,18.05147995244381
Ref-01B-B-0p10mps,3.741,0.13185000000000002,0.1,0.0,0.029649999999999982,0.09179566563467487,0.00018862514991234804,1.8497808263879278,19.907499499999997,-18.05771867361207,0.0,18.05771867361207,18.05771867361207
Ref-01B-B-0p10mps,3.742,0.13195,0.1,0.0,0.029549999999999993,0.09148606811145508,0.00018798897739999616,1.8435421052196723,19.907499499999997,-18.063957394780324,0.0,18.063957394780324,18.063957394780324
Ref-01B-B-0p10mps,3.743,0.13205,0.1,0.0,0.029450000000000004,0.0911764705882353,0.0001873528048876443,1.837303384051417,19.907499499999997,-18.07019611594858,0.0,18.07019611594858,18.07019611594858
Ref-01B-B-0p10mps,3.7440000000000007,0.13215000000000005,0.1,0.0,0.02934999999999996,0.09086687306501535,0.0001867166323752921,1.8310646628831582,19.907499499999997,-18.07643483711684,0.0,18.07643483711684,18.07643483711684
Ref-01B-B-0p10mps,3.7449999999999997,0.13224999999999998,0.1,0.0,0.029250000000000026,0.09055727554179574,0.0001860804598629406,1.8248259417149064,19.907499499999997,-18.08267355828509,0.0,18.08267355828509,18.08267355828509
Ref-01B-B-0p10mps,3.7460000000000004,0.13235000000000002,0.1,0.0,0.02914999999999998,0.09024767801857579,0.00018544428735058836,1.8185872205466473,19.907499499999997,-18.08891227945335,0.0,18.08891227945335,18.08891227945335
Ref-01B-B-0p10mps,3.7470000000000003,0.13245,0.1,0.0,0.029049999999999992,0.08993808049535601,0.0001848081148382365,1.812348499378392,19.907499499999997,-18.095151000621605,0.0,18.095151000621605,18.095151000621605
Ref-01B-B-0p10mps,3.748,0.13255,0.1,0.0,0.028950000000000004,0.08962848297213623,0.00018417194232588465,1.8061097782101367,19.907499499999997,-18.10138972178986,0.0,18.10138972178986,18.10138972178986
Ref-01B-B-0p10mps,3.7490000000000006,0.13265000000000005,0.1,0.0,0.02884999999999996,0.08931888544891628,0.00018353576981353242,1.7998710570418777,19.907499499999997,-18.10762844295812,0.0,18.10762844295812,18.10762844295812
Ref-01B-B-0p10mps,3.75,0.13274999999999998,0.1,0.0,0.028750000000000026,0.08900928792569666,0.0001828995973011809,1.7936323358736257,19.907499499999997,-18.113867164126372,0.0,18.113867164126372,18.113867164126372
Ref-01B-B-0p10mps,3.7510000000000003,0.13285000000000002,0.1,0.0,0.02864999999999998,0.08869969040247672,0.0001822634247888287,1.787393614705367,19.907499499999997,-18.12010588529463,0.0,18.12010588529463,18.12010588529463
Ref-01B-B-0p10mps,3.7520000000000002,0.13295,0.1,0.0,0.028549999999999992,0.08839009287925693,0.00018162725227647685,1.7811548935371115,19.907499499999997,-18.126344606462887,0.0,18.126344606462887,18.126344606462887
Ref-01B-B-0p10mps,3.753,0.13305,0.1,0.0,0.028450000000000003,0.08808049535603715,0.00018099107976412497,1.774916172368856,19.907499499999997,-18.132583327631142,0.0,18.132583327631142,18.132583327631142
Ref-01B-B-0p10mps,3.7540000000000004,0.13315000000000005,0.1,0.0,0.02834999999999996,0.0877708978328172,0.00018035490725177276,1.7686774512005974,19.907499499999997,-18.138822048799398,0.0,18.138822048799398,18.138822048799398
Ref-01B-B-0p10mps,3.755,0.13324999999999998,0.1,0.0,0.028250000000000025,0.0874613003095976,0.00017971873473942126,1.7624387300323454,19.907499499999997,-18.14506076996765,0.0,18.14506076996765,18.14506076996765
Ref-01B-B-0p10mps,3.7560000000000002,0.13335000000000002,0.1,0.0,0.02814999999999998,0.08715170278637764,0.00017908256222706902,1.7562000088640863,19.907499499999997,-18.15129949113591,0.0,18.15129949113591,18.15129949113591
Ref-01B-B-0p10mps,3.757,0.13345,0.1,0.0,0.02804999999999999,0.08684210526315786,0.00017844638971471717,1.749961287695831,19.907499499999997,-18.157538212304164,0.0,18.157538212304164,18.157538212304164
Ref-01B-B-0p10mps,3.758,0.13355,0.1,0.0,0.027950000000000003,0.08653250773993809,0.0001778102172023653,1.7437225665275757,19.907499499999997,-18.16377693347242,0.0,18.16377693347242,18.16377693347242
Ref-01B-B-0p10mps,3.7590000000000003,0.13365000000000005,0.1,0.0,0.027849999999999958,0.08622291021671813,0.00017717404469001308,1.7374838453593167,19.907499499999997,-18.17001565464068,0.0,18.17001565464068,18.17001565464068
Ref-01B-B-0p10mps,3.76,0.13374999999999998,0.1,0.0,0.027750000000000025,0.08591331269349853,0.00017653787217766158,1.731245124191065,19.907499499999997,-18.17625437580893,0.0,18.17625437580893,18.17625437580893
Ref-01B-B-0p10mps,3.761,0.13385000000000002,0.1,0.0,0.02764999999999998,0.08560371517027858,0.00017590169966530937,1.725006403022806,19.907499499999997,-18.18249309697719,0.0,18.18249309697719,18.18249309697719
Ref-01B-B-0p10mps,3.762,0.13395,0.1,0.0,0.02754999999999999,0.0852941176470588,0.0001752655271529575,1.7187676818545508,19.907499499999997,-18.188731818145445,0.0,18.188731818145445,18.188731818145445
Ref-01B-B-0p10mps,3.763,0.13405,0.1,0.0,0.027450000000000002,0.08498452012383902,0.00017462935464060563,1.7125289606862952,19.907499499999997,-18.1949705393137,0.0,18.1949705393137,18.1949705393137
Ref-01B-B-0p10mps,3.7640000000000007,0.13415000000000005,0.1,0.0,0.027349999999999958,0.08467492260061907,0.00017399318212825342,1.7062902395180364,19.907499499999997,-18.20120926048196,0.0,18.20120926048196,18.20120926048196
Ref-01B-B-0p10mps,3.7649999999999997,0.13424999999999998,0.1,0.0,0.027250000000000024,0.08436532507739945,0.00017335700961590192,1.7000515183497844,19.907499499999997,-18.207447981650212,0.0,18.207447981650212,18.207447981650212
Ref-01B-B-0p10mps,3.7660000000000005,0.13435000000000002,0.1,0.0,0.02714999999999998,0.0840557275541795,0.00017272083710354969,1.6938127971815256,19.907499499999997,-18.21368670281847,0.0,18.21368670281847,18.21368670281847
Ref-01B-B-0p10mps,3.7670000000000003,0.13445000000000001,0.1,0.0,0.02704999999999999,0.08374613003095972,0.00017208466459119783,1.6875740760132703,19.907499499999997,-18.219925423986727,0.0,18.219925423986727,18.219925423986727
Ref-01B-B-0p10mps,3.7680000000000002,0.13455,0.1,0.0,0.02695,0.08343653250773994,0.00017144849207884598,1.6813353548450147,19.907499499999997,-18.226164145154982,0.0,18.226164145154982,18.226164145154982
Ref-01B-B-0p10mps,3.7690000000000006,0.13465000000000005,0.1,0.0,0.026849999999999957,0.08312693498451999,0.00017081231956649374,1.6750966336767559,19.907499499999997,-18.23240286632324,0.0,18.23240286632324,18.23240286632324
Ref-01B-B-0p10mps,3.77,0.13474999999999998,0.1,0.0,0.026750000000000024,0.08281733746130038,0.00017017614705414224,1.668857912508504,19.907499499999997,-18.238641587491493,0.0,18.238641587491493,18.238641587491493
Ref-01B-B-0p10mps,3.7710000000000004,0.13485000000000003,0.1,0.0,0.02664999999999998,0.08250773993808043,0.00016953997454179003,1.662619191340245,19.907499499999997,-18.244880308659752,0.0,18.244880308659752,18.244880308659752
Ref-01B-B-0p10mps,3.7720000000000002,0.13495000000000001,0.1,0.0,0.02654999999999999,0.08219814241486065,0.00016890380202943818,1.6563804701719897,19.907499499999997,-18.251119029828008,0.0,18.251119029828008,18.251119029828008
Ref-01B-B-0p10mps,3.773,0.13505,0.1,0.0,0.02645,0.08188854489164087,0.0001682676295170863,1.6501417490037342,19.907499499999997,-18.257357750996263,0.0,18.257357750996263,18.257357750996263
Ref-01B-B-0p10mps,3.7740000000000005,0.13515000000000005,0.1,0.0,0.026349999999999957,0.08157894736842092,0.00016763145700473409,1.6439030278354754,19.907499499999997,-18.263596472164522,0.0,18.263596472164522,18.263596472164522
Ref-01B-B-0p10mps,3.775,0.13524999999999998,0.1,0.0,0.026250000000000023,0.0812693498452013,0.00016699528449238258,1.6376643066672236,19.907499499999997,-18.269835193332774,0.0,18.269835193332774,18.269835193332774
Ref-01B-B-0p10mps,3.7760000000000002,0.13535000000000003,0.1,0.0,0.02614999999999998,0.08095975232198135,0.00016635911198003035,1.6314255854989645,19.907499499999997,-18.276073914501033,0.0,18.276073914501033,18.276073914501033
Ref-01B-B-0p10mps,3.777,0.13545000000000001,0.1,0.0,0.02604999999999999,0.08065015479876157,0.0001657229394676785,1.6251868643307092,19.907499499999997,-18.28231263566929,0.0,18.28231263566929,18.28231263566929
Ref-01B-B-0p10mps,3.778,0.13555,0.1,0.0,0.02595,0.08034055727554179,0.00016508676695532664,1.618948143162454,19.907499499999997,-18.288551356837544,0.0,18.288551356837544,18.288551356837544
Ref-01B-B-0p10mps,3.7790000000000004,0.13565000000000005,0.1,0.0,0.025849999999999956,0.08003095975232184,0.0001644505944429744,1.6127094219941949,19.907499499999997,-18.294790078005803,0.0,18.294790078005803,18.294790078005803
Ref-01B-B-0p10mps,3.78,0.13574999999999998,0.1,0.0,0.025750000000000023,0.07972136222910224,0.0001638144219306229,1.6064707008259431,19.907499499999997,-18.301028799174052,0.0,18.301028799174052,18.301028799174052
Ref-01B-B-0p10mps,3.781,0.13585000000000003,0.1,0.0,0.02564999999999998,0.07941176470588228,0.0001631782494182707,1.6002319796576843,19.907499499999997,-18.30726752034231,0.0,18.30726752034231,18.30726752034231
Ref-01B-B-0p10mps,3.782,0.13595000000000002,0.1,0.0,0.02554999999999999,0.0791021671826625,0.00016254207690591884,1.593993258489429,19.907499499999997,-18.313506241510566,0.0,18.313506241510566,18.313506241510566
Ref-01B-B-0p10mps,3.783,0.13605,0.1,0.0,0.02545,0.07879256965944273,0.00016190590439356696,1.5877545373211732,19.907499499999997,-18.319744962678822,0.0,18.319744962678822,18.319744962678822
Ref-01B-B-0p10mps,3.7840000000000007,0.13615000000000005,0.1,0.0,0.025349999999999956,0.07848297213622277,0.00016126973188121475,1.5815158161529146,19.907499499999997,-18.32598368384708,0.0,18.32598368384708,18.32598368384708
Ref-01B-B-0p10mps,3.7849999999999997,0.13624999999999998,0.1,0.0,0.025250000000000022,0.07817337461300317,0.00016063355936886325,1.5752770949846626,19.907499499999997,-18.332222405015333,0.0,18.332222405015333,18.332222405015333
Ref-01B-B-0p10mps,3.7860000000000005,0.13635000000000003,0.1,0.0,0.025149999999999978,0.07786377708978322,0.000159997386856511,1.5690383738164035,19.907499499999997,-18.338461126183592,0.0,18.338461126183592,18.338461126183592
Ref-01B-B-0p10mps,3.7870000000000004,0.13645000000000002,0.1,0.0,0.02504999999999999,0.07755417956656344,0.00015936121434415916,1.5627996526481482,19.907499499999997,-18.344699847351848,0.0,18.344699847351848,18.344699847351848
Ref-01B-B-0p10mps,3.7880000000000003,0.13655,0.1,0.0,0.02495,0.07724458204334365,0.0001587250418318073,1.556560931479893,19.907499499999997,-18.350938568520103,0.0,18.350938568520103,18.350938568520103
Ref-01B-B-0p10mps,3.789,0.13665,0.1,0.0,0.02485000000000001,0.07693498452012387,0.00015808886931945545,1.5503222103116376,19.907499499999997,-18.35717728968836,0.0,18.35717728968836,18.35717728968836
Ref-01B-B-0p10mps,3.79,0.13674999999999998,0.1,0.0,0.024750000000000022,0.07662538699690409,0.00015745269680710356,1.5440834891433821,19.907499499999997,-18.363416010856614,0.0,18.363416010856614,18.363416010856614
Ref-01B-B-0p10mps,3.7910000000000004,0.13685000000000003,0.1,0.0,0.024649999999999977,0.07631578947368414,0.00015681652429475136,1.5378447679751233,19.907499499999997,-18.369654732024873,0.0,18.369654732024873,18.369654732024873
Ref-01B-B-0p10mps,3.7920000000000003,0.13695000000000002,0.1,0.0,0.02454999999999999,0.07600619195046436,0.0001561803517823995,1.531606046806868,19.907499499999997,-18.37589345319313,0.0,18.37589345319313,18.37589345319313
Ref-01B-B-0p10mps,3.793,0.13705,0.1,0.0,0.02445,0.07569659442724458,0.00015554417927004762,1.5253673256386124,19.907499499999997,-18.382132174361384,0.0,18.382132174361384,18.382132174361384
Ref-01B-B-0p10mps,3.794,0.13715,0.1,0.0,0.02435000000000001,0.0753869969040248,0.00015490800675769576,1.5191286044703571,19.907499499999997,-18.38837089552964,0.0,18.38837089552964,18.38837089552964
Ref-01B-B-0p10mps,3.795,0.13724999999999998,0.1,0.0,0.02425000000000002,0.07507739938080502,0.0001542718342453439,1.5128898833021018,19.907499499999997,-18.394609616697895,0.0,18.394609616697895,18.394609616697895
Ref-01B-B-0p10mps,3.7960000000000003,0.13735000000000003,0.1,0.0,0.024149999999999977,0.07476780185758507,0.00015363566173299167,1.5066511621338428,19.907499499999997,-18.400848337866154,0.0,18.400848337866154,18.400848337866154
Ref-01B-B-0p10mps,3.797,0.13745000000000002,0.1,0.0,0.024049999999999988,0.07445820433436529,0.00015299948922063982,1.5004124409655875,19.907499499999997,-18.40708705903441,0.0,18.40708705903441,18.40708705903441
Ref-01B-B-0p10mps,3.798,0.13755,0.1,0.0,0.02395,0.0741486068111455,0.00015236331670828796,1.4941737197973322,19.907499499999997,-18.413325780202666,0.0,18.413325780202666,18.413325780202666
Ref-01B-B-0p10mps,3.799,0.13765,0.1,0.0,0.02385000000000001,0.07383900928792572,0.0001517271441959361,1.4879349986290769,19.907499499999997,-18.41956450137092,0.0,18.41956450137092,18.41956450137092
Ref-01B-B-0p10mps,3.8,0.13774999999999998,0.1,0.0,0.02375000000000002,0.07352941176470594,0.00015109097168358423,1.481696277460821,19.907499499999997,-18.425803222539177,0.0,18.425803222539177,18.425803222539177
Ref-01B-B-0p10mps,3.801,0.13785000000000003,0.1,0.0,0.023649999999999977,0.07321981424148599,0.00015045479917123202,1.4754575562925625,19.907499499999997,-18.432041943707436,0.0,18.432041943707436,18.432041943707436
Ref-01B-B-0p10mps,3.802,0.13795000000000002,0.1,0.0,0.023549999999999988,0.07291021671826621,0.00014981862665888016,1.4692188351243072,19.907499499999997,-18.43828066487569,0.0,18.43828066487569,18.43828066487569
Ref-01B-B-0p10mps,3.803,0.13805,0.1,0.0,0.02345,0.07260061919504643,0.00014918245414652828,1.4629801139560514,19.907499499999997,-18.444519386043947,0.0,18.444519386043947,18.444519386043947
Ref-01B-B-0p10mps,3.804,0.13815,0.1,0.0,0.02335000000000001,0.07229102167182665,0.00014854628163417643,1.4567413927877961,19.907499499999997,-18.450758107212202,0.0,18.450758107212202,18.450758107212202
Ref-01B-B-0p10mps,3.8049999999999997,0.13824999999999998,0.1,0.0,0.02325000000000002,0.07198142414860688,0.00014791010912182457,1.4505026716195408,19.907499499999997,-18.456996828380454,0.0,18.456996828380454,18.456996828380454
Ref-01B-B-0p10mps,3.8060000000000005,0.13835000000000003,0.1,0.0,0.023149999999999976,0.07167182662538692,0.00014727393660947236,1.4442639504512822,19.907499499999997,-18.463235549548713,0.0,18.463235549548713,18.463235549548713
Ref-01B-B-0p10mps,3.8070000000000004,0.13845000000000002,0.1,0.0,0.023049999999999987,0.07136222910216714,0.00014663776409712048,1.4380252292830265,19.907499499999997,-18.46947427071697,0.0,18.46947427071697,18.46947427071697
Ref-01B-B-0p10mps,3.8080000000000003,0.13855,0.1,0.0,0.022949999999999998,0.07105263157894737,0.00014600159158476863,1.4317865081147712,19.907499499999997,-18.475712991885224,0.0,18.475712991885224,18.475712991885224
Ref-01B-B-0p10mps,3.809,0.13865,0.1,0.0,0.02285000000000001,0.07074303405572759,0.00014536541907241677,1.4255477869465158,19.907499499999997,-18.48195171305348,0.0,18.48195171305348,18.48195171305348
Ref-01B-B-0p10mps,3.81,0.13874999999999998,0.1,0.0,0.02275000000000002,0.0704334365325078,0.0001447292465600649,1.4193090657782603,19.907499499999997,-18.488190434221735,0.0,18.488190434221735,18.488190434221735
Ref-01B-B-0p10mps,3.8110000000000004,0.13885000000000003,0.1,0.0,0.022649999999999976,0.07012383900928784,0.00014409307404771268,1.4130703446100015,19.907499499999997,-18.494429155389994,0.0,18.494429155389994,18.494429155389994
Ref-01B-B-0p10mps,3.8120000000000003,0.13895000000000002,0.1,0.0,0.022549999999999987,0.06981424148606807,0.00014345690153536083,1.4068316234417462,19.907499499999997,-18.50066787655825,0.0,18.50066787655825,18.50066787655825
Ref-01B-B-0p10mps,3.813,0.13905,0.1,0.0,0.022449999999999998,0.06950464396284829,0.00014282072902300894,1.4005929022734906,19.907499499999997,-18.506906597726505,0.0,18.506906597726505,18.506906597726505
Ref-01B-B-0p10mps,3.814,0.13915,0.1,0.0,0.02235000000000001,0.06919504643962851,0.0001421845565106571,1.3943541811052353,19.907499499999997,-18.51314531889476,0.0,18.51314531889476,18.51314531889476
Ref-01B-B-0p10mps,3.815,0.13924999999999998,0.1,0.0,0.02225000000000002,0.06888544891640873,0.00014154838399830523,1.38811545993698,19.907499499999997,-18.519384040063017,0.0,18.519384040063017,18.519384040063017
Ref-01B-B-0p10mps,3.8160000000000003,0.13935000000000003,0.1,0.0,0.022149999999999975,0.06857585139318878,0.00014091221148595303,1.3818767387687212,19.907499499999997,-18.525622761231276,0.0,18.525622761231276,18.525622761231276
Ref-01B-B-0p10mps,3.817,0.13945000000000002,0.1,0.0,0.022049999999999986,0.068266253869969,0.00014027603897360114,1.3756380176004657,19.907499499999997,-18.53186148239953,0.0,18.53186148239953,18.53186148239953
Ref-01B-B-0p10mps,3.818,0.13955,0.1,0.0,0.021949999999999997,0.06795665634674922,0.0001396398664612493,1.3693992964322104,19.907499499999997,-18.538100203567787,0.0,18.538100203567787,18.538100203567787
Ref-01B-B-0p10mps,3.819,0.13965,0.1,0.0,0.02185000000000001,0.06764705882352944,0.00013900369394889743,1.363160575263955,19.907499499999997,-18.544338924736042,0.0,18.544338924736042,18.544338924736042
Ref-01B-B-0p10mps,3.82,0.13974999999999999,0.1,0.0,0.02175000000000002,0.06733746130030965,0.00013836752143654555,1.3569218540956993,19.907499499999997,-18.550577645904298,0.0,18.550577645904298,18.550577645904298
Ref-01B-B-0p10mps,3.821,0.13985000000000003,0.1,0.0,0.021649999999999975,0.0670278637770897,0.00013773134892419334,1.3506831329274407,19.907499499999997,-18.556816367072557,0.0,18.556816367072557,18.556816367072557
Ref-01B-B-0p10mps,3.822,0.13995000000000002,0.1,0.0,0.021549999999999986,0.06671826625386992,0.0001370951764118415,1.3444444117591854,19.907499499999997,-18.563055088240812,0.0,18.563055088240812,18.563055088240812
Ref-01B-B-0p10mps,3.823,0.14005,0.1,0.0,0.021449999999999997,0.06640866873065014,0.0001364590038994896,1.3382056905909296,19.907499499999997,-18.569293809409068,0.0,18.569293809409068,18.569293809409068
Ref-01B-B-0p10mps,3.824,0.14015,0.1,0.0,0.021350000000000008,0.06609907120743036,0.00013582283138713775,1.3319669694226743,19.907499499999997,-18.575532530577323,0.0,18.575532530577323,18.575532530577323
Ref-01B-B-0p10mps,3.8249999999999997,0.14024999999999999,0.1,0.0,0.02125000000000002,0.06578947368421058,0.0001351866588747859,1.325728248254419,19.907499499999997,-18.58177125174558,0.0,18.58177125174558,18.58177125174558
Ref-01B-B-0p10mps,3.8260000000000005,0.14035000000000003,0.1,0.0,0.021149999999999974,0.06547987616099063,0.0001345504863624337,1.3194895270861602,19.907499499999997,-18.588009972913838,0.0,18.588009972913838,18.588009972913838
Ref-01B-B-0p10mps,3.8270000000000004,0.14045000000000002,0.1,0.0,0.021049999999999985,0.06517027863777085,0.0001339143138500818,1.3132508059179047,19.907499499999997,-18.594248694082093,0.0,18.594248694082093,18.594248694082093
Ref-01B-B-0p10mps,3.8280000000000003,0.14055,0.1,0.0,0.020949999999999996,0.06486068111455107,0.00013327814133772995,1.3070120847496494,19.907499499999997,-18.60048741525035,0.0,18.60048741525035,18.60048741525035
Ref-01B-B-0p10mps,3.829,0.14065,0.1,0.0,0.020850000000000007,0.06455108359133128,0.0001326419688253781,1.300773363581394,19.907499499999997,-18.6067261364186,0.0,18.6067261364186,18.6067261364186
Ref-01B-B-0p10mps,3.83,0.14075,0.1,0.0,0.02075000000000002,0.06424148606811152,0.00013200579631302621,1.2945346424131385,19.907499499999997,-18.612964857586856,0.0,18.612964857586856,18.612964857586856
Ref-01B-B-0p10mps,3.8310000000000004,0.14085000000000003,0.1,0.0,0.020649999999999974,0.06393188854489155,0.000131369623800674,1.2882959212448797,19.907499499999997,-18.619203578755116,0.0,18.619203578755116,18.619203578755116
Ref-01B-B-0p10mps,3.8320000000000003,0.14095000000000002,0.1,0.0,0.020549999999999985,0.06362229102167177,0.00013073345128832215,1.2820572000766244,19.907499499999997,-18.62544229992337,0.0,18.62544229992337,18.62544229992337
Ref-01B-B-0p10mps,3.833,0.14105,0.1,0.0,0.020449999999999996,0.06331269349845199,0.0001300972787759703,1.275818478908369,19.907499499999997,-18.631681021091627,0.0,18.631681021091627,18.631681021091627
Ref-01B-B-0p10mps,3.834,0.14115,0.1,0.0,0.020350000000000007,0.06300309597523222,0.00012946110626361841,1.2695797577401136,19.907499499999997,-18.637919742259882,0.0,18.637919742259882,18.637919742259882
Ref-01B-B-0p10mps,3.835,0.14125,0.1,0.0,0.020250000000000018,0.06269349845201244,0.00012882493375126656,1.2633410365718583,19.907499499999997,-18.644158463428138,0.0,18.644158463428138,18.644158463428138
Ref-01B-B-0p10mps,3.8360000000000003,0.14135000000000003,0.1,0.0,0.020149999999999973,0.062383900928792486,0.00012818876123891435,1.2571023154035994,19.907499499999997,-18.650397184596397,0.0,18.650397184596397,18.650397184596397
Ref-01B-B-0p10mps,3.837,0.14145000000000002,0.1,0.0,0.020049999999999985,0.062074303405572705,0.00012755258872656247,1.2508635942353439,19.907499499999997,-18.656635905764652,0.0,18.656635905764652,18.656635905764652
Ref-01B-B-0p10mps,3.838,0.14155,0.1,0.0,0.019949999999999996,0.06176470588235292,0.00012691641621421061,1.2446248730670886,19.907499499999997,-18.662874626932908,0.0,18.662874626932908,18.662874626932908
Ref-01B-B-0p10mps,3.839,0.14165,0.1,0.0,0.019850000000000007,0.06145510835913315,0.00012628024370185876,1.238386151898833,19.907499499999997,-18.669113348101163,0.0,18.669113348101163,18.669113348101163
Ref-01B-B-0p10mps,3.84,0.14175,0.1,0.0,0.019750000000000018,0.061145510835913366,0.00012564407118950688,1.2321474307305775,19.907499499999997,-18.67535206926942,0.0,18.67535206926942,18.67535206926942
Ref-01B-B-0p10mps,3.841,0.14185000000000003,0.1,0.0,0.019649999999999973,0.06083591331269341,0.00012500789867715467,1.225908709562319,19.907499499999997,-18.681590790437678,0.0,18.681590790437678,18.681590790437678
Ref-01B-B-0p10mps,3.842,0.14195000000000002,0.1,0.0,0.019549999999999984,0.060526315789473636,0.00012437172616480281,1.2196699883940634,19.907499499999997,-18.687829511605933,0.0,18.687829511605933,18.687829511605933
Ref-01B-B-0p10mps,3.843,0.14205,0.1,0.0,0.019449999999999995,0.060216718266253855,0.00012373555365245096,1.213431267225808,19.907499499999997,-18.69406823277419,0.0,18.69406823277419,18.69406823277419
Ref-01B-B-0p10mps,3.844,0.14215,0.1,0.0,0.019350000000000006,0.05990712074303407,0.00012309938114009908,1.2071925460575526,19.907499499999997,-18.700306953942444,0.0,18.700306953942444,18.700306953942444
Ref-01B-B-0p10mps,3.8449999999999998,0.14225,0.1,0.0,0.019250000000000017,0.05959752321981429,0.00012246320862774722,1.2009538248892973,19.907499499999997,-18.7065456751107,0.0,18.7065456751107,18.7065456751107
Ref-01B-B-0p10mps,3.8460000000000005,0.14235000000000003,0.1,0.0,0.019149999999999973,0.05928792569659434,0.000121827036115395,1.1947151037210384,19.907499499999997,-18.71278439627896,0.0,18.71278439627896,18.71278439627896
Ref-01B-B-0p10mps,3.8470000000000004,0.14245000000000002,0.1,0.0,0.019049999999999984,0.05897832817337456,0.00012119086360304315,1.188476382552783,19.907499499999997,-18.719023117447215,0.0,18.719023117447215,18.719023117447215
Ref-01B-B-0p10mps,3.8480000000000003,0.14255,0.1,0.0,0.018949999999999995,0.05866873065015478,0.00012055469109069128,1.1822376613845276,19.907499499999997,-18.72526183861547,0.0,18.72526183861547,18.72526183861547
Ref-01B-B-0p10mps,3.849,0.14265,0.1,0.0,0.018850000000000006,0.058359133126935,0.00011991851857833942,1.1759989402162723,19.907499499999997,-18.731500559783726,0.0,18.731500559783726,18.731500559783726
Ref-01B-B-0p10mps,3.85,0.14275,0.1,0.0,0.018750000000000017,0.05804953560371522,0.00011928234606598755,1.1697602190480167,19.907499499999997,-18.73773928095198,0.0,18.73773928095198,18.73773928095198
Ref-01B-B-0p10mps,3.8510000000000004,0.14285000000000003,0.1,0.0,0.018649999999999972,0.05773993808049527,0.00011864617355363533,1.163521497879758,19.907499499999997,-18.74397800212024,0.0,18.74397800212024,18.74397800212024
Ref-01B-B-0p10mps,3.8520000000000003,0.14295000000000002,0.1,0.0,0.018549999999999983,0.057430340557275486,0.00011801000104128348,1.1572827767115026,19.907499499999997,-18.750216723288496,0.0,18.750216723288496,18.750216723288496
Ref-01B-B-0p10mps,3.853,0.14305,0.1,0.0,0.018449999999999994,0.05712074303405571,0.00011737382852893161,1.151044055543247,19.907499499999997,-18.756455444456748,0.0,18.756455444456748,18.756455444456748
Ref-01B-B-0p10mps,3.854,0.14315,0.1,0.0,0.018350000000000005,0.05681114551083593,0.00011673765601657975,1.1448053343749918,19.907499499999997,-18.762694165625003,0.0,18.762694165625003,18.762694165625003
Ref-01B-B-0p10mps,3.855,0.14325,0.1,0.0,0.018250000000000016,0.05650154798761615,0.00011610148350422788,1.1385666132067362,19.907499499999997,-18.76893288679326,0.0,18.76893288679326,18.76893288679326
Ref-01B-B-0p10mps,3.8560000000000003,0.14335000000000003,0.1,0.0,0.01814999999999997,0.05619195046439619,0.00011546531099187566,1.1323278920384774,19.907499499999997,-18.775171607961518,0.0,18.775171607961518,18.775171607961518
Ref-01B-B-0p10mps,3.857,0.14345000000000002,0.1,0.0,0.018049999999999983,0.05588235294117642,0.00011482913847952381,1.126089170870222,19.907499499999997,-18.781410329129773,0.0,18.781410329129773,18.781410329129773
Ref-01B-B-0p10mps,3.858,0.14355,0.1,0.0,0.017949999999999994,0.055572755417956636,0.00011419296596717194,1.1198504497019666,19.907499499999997,-18.78764905029803,0.0,18.78764905029803,18.78764905029803
Ref-01B-B-0p10mps,3.859,0.14365,0.1,0.0,0.017850000000000005,0.055263157894736854,0.00011355679345482008,1.1136117285337113,19.907499499999997,-18.793887771466284,0.0,18.793887771466284,18.793887771466284
Ref-01B-B-0p10mps,3.86,0.14375,0.1,0.0,0.017750000000000016,0.05495356037151707,0.00011292062094246822,1.107373007365456,19.907499499999997,-18.80012649263454,0.0,18.80012649263454,18.80012649263454
Ref-01B-B-0p10mps,3.861,0.14385000000000003,0.1,0.0,0.01764999999999997,0.054643962848297124,0.000112284448430116,1.1011342861971969,19.907499499999997,-18.8063652138028,0.0,18.8063652138028,18.8063652138028
Ref-01B-B-0p10mps,3.862,0.14395000000000002,0.1,0.0,0.017549999999999982,0.05433436532507734,0.00011164827591776414,1.0948955650289416,19.907499499999997,-18.812603934971055,0.0,18.812603934971055,18.812603934971055
Ref-01B-B-0p10mps,3.863,0.14405,0.1,0.0,0.017449999999999993,0.05402476780185756,0.00011101210340541227,1.0886568438606863,19.907499499999997,-18.81884265613931,0.0,18.81884265613931,18.81884265613931
Ref-01B-B-0p10mps,3.864,0.14415,0.1,0.0,0.017350000000000004,0.053715170278637786,0.00011037593089306042,1.082418122692431,19.907499499999997,-18.825081377307566,0.0,18.825081377307566,18.825081377307566
Ref-01B-B-0p10mps,3.8649999999999998,0.14425,0.1,0.0,0.017250000000000015,0.053405572755418004,0.00010973975838070855,1.0761794015241755,19.907499499999997,-18.83132009847582,0.0,18.83132009847582,18.83132009847582
Ref-01B-B-0p10mps,3.8660000000000005,0.14435000000000003,0.1,0.0,0.01714999999999997,0.05309597523219805,0.00010910358586835633,1.0699406803559166,19.907499499999997,-18.83755881964408,0.0,18.83755881964408,18.83755881964408
Ref-01B-B-0p10mps,3.8670000000000004,0.14445000000000002,0.1,0.0,0.017049999999999982,0.05278637770897827,0.00010846741335600447,1.0637019591876613,19.907499499999997,-18.843797540812336,0.0,18.843797540812336,18.843797540812336
Ref-01B-B-0p10mps,3.8680000000000003,0.14455,0.1,0.0,0.016949999999999993,0.05247678018575849,0.0001078312408436526,1.0574632380194058,19.907499499999997,-18.85003626198059,0.0,18.85003626198059,18.85003626198059
Ref-01B-B-0p10mps,3.869,0.14465,0.1,0.0,0.016850000000000004,0.05216718266253871,0.00010719506833130075,1.0512245168511505,19.907499499999997,-18.856274983148847,0.0,18.856274983148847,18.856274983148847
Ref-01B-B-0p10mps,3.87,0.14475,0.1,0.0,0.016750000000000015,0.05185758513931893,0.00010655889581894888,1.044985795682895,19.907499499999997,-18.862513704317102,0.0,18.862513704317102,18.862513704317102
Ref-01B-B-0p10mps,3.8710000000000004,0.14485000000000003,0.1,0.0,0.01664999999999997,0.05154798761609898,0.00010592272330659667,1.038747074514636,19.907499499999997,-18.86875242548536,0.0,18.86875242548536,18.86875242548536
Ref-01B-B-0p10mps,3.8720000000000003,0.14495000000000002,0.1,0.0,0.01654999999999998,0.0512383900928792,0.0001052865507942448,1.0325083533463808,19.907499499999997,-18.874991146653617,0.0,18.874991146653617,18.874991146653617
Ref-01B-B-0p10mps,3.873,0.14505,0.1,0.0,0.016449999999999992,0.05092879256965942,0.00010465037828189293,1.0262696321781253,19.907499499999997,-18.881229867821872,0.0,18.881229867821872,18.881229867821872
Ref-01B-B-0p10mps,3.874,0.14515,0.1,0.0,0.016350000000000003,0.050619195046439636,0.00010401420576954108,1.02003091100987,19.907499499999997,-18.887468588990128,0.0,18.887468588990128,18.887468588990128
Ref-01B-B-0p10mps,3.875,0.14525,0.1,0.0,0.016250000000000014,0.05030959752321986,0.00010337803325718921,1.0137921898416145,19.907499499999997,-18.893707310158383,0.0,18.893707310158383,18.893707310158383
Ref-01B-B-0p10mps,3.8760000000000003,0.14535000000000003,0.1,0.0,0.01614999999999997,0.049999999999999906,0.000102741860744837,1.0075534686733558,19.907499499999997,-18.899946031326643,0.0,18.899946031326643,18.899946031326643
Ref-01B-B-0p10mps,3.8770000000000002,0.14545000000000002,0.1,0.0,0.01604999999999998,0.049690402476780124,0.00010210568823248513,1.0013147475051003,19.907499499999997,-18.906184752494894,0.0,18.906184752494894,18.906184752494894
Ref-01B-B-0p10mps,3.878,0.14555,0.1,0.0,0.015949999999999992,0.04938080495356034,0.00010146951572013327,0.9950760263368449,19.907499499999997,-18.91242347366315,0.0,18.91242347366315,18.91242347366315
Ref-01B-B-0p10mps,3.879,0.14565,0.1,0.0,0.015850000000000003,0.04907120743034057,0.00010083334320778141,0.9888373051685895,19.907499499999997,-18.918662194831406,0.0,18.918662194831406,18.918662194831406
Ref-01B-B-0p10mps,3.88,0.14575,0.1,0.0,0.015750000000000014,0.048761609907120786,0.00010019717069542954,0.9825985840003341,19.907499499999997,-18.92490091599966,0.0,18.92490091599966,18.92490091599966
Ref-01B-B-0p10mps,3.8810000000000002,0.14585000000000004,0.1,0.0,0.01564999999999997,0.04845201238390083,9.956099818307733e-05,0.9763598628320753,19.907499499999997,-18.93113963716792,0.0,18.93113963716792,18.93113963716792
Ref-01B-B-0p10mps,3.882,0.14595000000000002,0.1,0.0,0.01554999999999998,0.048142414860681056,9.892482567072547e-05,0.9701211416638198,19.907499499999997,-18.937378358336176,0.0,18.937378358336176,18.937378358336176
Ref-01B-B-0p10mps,3.883,0.14605,0.1,0.0,0.015449999999999992,0.047832817337461274,9.82886531583736e-05,0.9638824204955644,19.907499499999997,-18.94361707950443,0.0,18.94361707950443,18.94361707950443
Ref-01B-B-0p10mps,3.884,0.14615,0.1,0.0,0.015350000000000003,0.04752321981424149,9.765248064602174e-05,0.9576436993273091,19.907499499999997,-18.949855800672687,0.0,18.949855800672687,18.949855800672687
Ref-01B-B-0p10mps,3.885,0.14625,0.1,0.0,0.015250000000000014,0.04721362229102171,9.701630813366987e-05,0.9514049781590537,19.907499499999997,-18.956094521840942,0.0,18.956094521840942,18.956094521840942
Ref-01B-B-0p10mps,3.8860000000000006,0.14635000000000004,0.1,0.0,0.015149999999999969,0.04690402476780176,9.638013562131767e-05,0.9451662569907948,19.907499499999997,-18.9623332430092,0.0,18.9623332430092,18.9623332430092
Ref-01B-B-0p10mps,3.8870000000000005,0.14645000000000002,0.1,0.0,0.01504999999999998,0.04659442724458198,9.57439631089658e-05,0.9389275358225394,19.907499499999997,-18.968571964177457,0.0,18.968571964177457,18.968571964177457
Ref-01B-B-0p10mps,3.8880000000000003,0.14655,0.1,0.0,0.014949999999999991,0.0462848297213622,9.510779059661393e-05,0.932688814654284,19.907499499999997,-18.974810685345712,0.0,18.974810685345712,18.974810685345712
Ref-01B-B-0p10mps,3.8890000000000002,0.14665,0.1,0.0,0.014850000000000002,0.04597523219814242,9.447161808426207e-05,0.9264500934860286,19.907499499999997,-18.981049406513968,0.0,18.981049406513968,18.981049406513968
Ref-01B-B-0p10mps,3.89,0.14675,0.1,0.0,0.014750000000000013,0.04566563467492264,9.38354455719102e-05,0.9202113723177732,19.907499499999997,-18.987288127682223,0.0,18.987288127682223,18.987288127682223
Ref-01B-B-0p10mps,3.8910000000000005,0.14685000000000004,0.1,0.0,0.014649999999999969,0.04535603715170269,9.3199273059558e-05,0.9139726511495144,19.907499499999997,-18.993526848850482,0.0,18.993526848850482,18.993526848850482
Ref-01B-B-0p10mps,3.8920000000000003,0.14695000000000003,0.1,0.0,0.01454999999999998,0.045046439628482905,9.256310054720613e-05,0.9077339299812589,19.907499499999997,-18.999765570018738,0.0,18.999765570018738,18.999765570018738
Ref-01B-B-0p10mps,3.8930000000000002,0.14705000000000001,0.1,0.0,0.01444999999999999,0.04473684210526313,9.192692803485427e-05,0.9014952088130036,19.907499499999997,-19.006004291186994,0.0,19.006004291186994,19.006004291186994
Ref-01B-B-0p10mps,3.894,0.14715,0.1,0.0,0.014350000000000002,0.04442724458204335,9.12907555225024e-05,0.8952564876447482,19.907499499999997,-19.01224301235525,0.0,19.01224301235525,19.01224301235525
Ref-01B-B-0p10mps,3.895,0.14725,0.1,0.0,0.014250000000000013,0.04411764705882357,9.065458301015054e-05,0.8890177664764927,19.907499499999997,-19.018481733523505,0.0,19.018481733523505,19.018481733523505
Ref-01B-B-0p10mps,3.8960000000000004,0.14735000000000004,0.1,0.0,0.014149999999999968,0.04380804953560362,9.001841049779833e-05,0.8827790453082339,19.907499499999997,-19.024720454691764,0.0,19.024720454691764,19.024720454691764
Ref-01B-B-0p10mps,3.8970000000000002,0.14745000000000003,0.1,0.0,0.01404999999999998,0.04349845201238384,8.938223798544646e-05,0.8765403241399785,19.907499499999997,-19.03095917586002,0.0,19.03095917586002,19.03095917586002
Ref-01B-B-0p10mps,3.898,0.14755000000000001,0.1,0.0,0.01394999999999999,0.043188854489164055,8.87460654730946e-05,0.8703016029717232,19.907499499999997,-19.037197897028275,0.0,19.037197897028275,19.037197897028275
Ref-01B-B-0p10mps,3.899,0.14765,0.1,0.0,0.013850000000000001,0.042879256965944273,8.810989296074274e-05,0.8640628818034677,19.907499499999997,-19.04343661819653,0.0,19.04343661819653,19.04343661819653
Ref-01B-B-0p10mps,3.9,0.14775,0.1,0.0,0.013750000000000012,0.04256965944272449,8.747372044839087e-05,0.8578241606352123,19.907499499999997,-19.049675339364786,0.0,19.049675339364786,19.049675339364786
Ref-01B-B-0p10mps,3.9010000000000002,0.14785000000000004,0.1,0.0,0.013649999999999968,0.042260061919504543,8.683754793603866e-05,0.8515854394669535,19.907499499999997,-19.05591406053304,0.0,19.05591406053304,19.05591406053304
Ref-01B-B-0p10mps,3.902,0.14795000000000003,0.1,0.0,0.013549999999999979,0.04195046439628476,8.620137542368679e-05,0.845346718298698,19.907499499999997,-19.0621527817013,0.0,19.0621527817013,19.0621527817013
Ref-01B-B-0p10mps,3.903,0.14805000000000001,0.1,0.0,0.01344999999999999,0.04164086687306498,8.556520291133494e-05,0.8391079971304427,19.907499499999997,-19.068391502869552,0.0,19.068391502869552,19.068391502869552
Ref-01B-B-0p10mps,3.904,0.14815,0.1,0.0,0.01335,0.041331269349845205,8.492903039898307e-05,0.8328692759621873,19.907499499999997,-19.074630224037808,0.0,19.074630224037808,19.074630224037808
Ref-01B-B-0p10mps,3.905,0.14825,0.1,0.0,0.013250000000000012,0.041021671826625423,8.42928578866312e-05,0.8266305547939318,19.907499499999997,-19.080868945206063,0.0,19.080868945206063,19.080868945206063
Ref-01B-B-0p10mps,3.9060000000000006,0.14835000000000004,0.1,0.0,0.013149999999999967,0.04071207430340547,8.365668537427899e-05,0.820391833625673,19.907499499999997,-19.087107666374322,0.0,19.087107666374322,19.087107666374322
Ref-01B-B-0p10mps,3.9070000000000005,0.14845000000000003,0.1,0.0,0.013049999999999978,0.040402476780185693,8.302051286192712e-05,0.8141531124574176,19.907499499999997,-19.093346387542578,0.0,19.093346387542578,19.093346387542578
Ref-01B-B-0p10mps,3.9080000000000004,0.14855000000000002,0.1,0.0,0.01294999999999999,0.04009287925696591,8.238434034957527e-05,0.8079143912891623,19.907499499999997,-19.099585108710833,0.0,19.099585108710833,19.099585108710833
Ref-01B-B-0p10mps,3.9090000000000003,0.14865,0.1,0.0,0.01285,0.03978328173374613,8.17481678372234e-05,0.8016756701209068,19.907499499999997,-19.10582382987909,0.0,19.10582382987909,19.10582382987909
Ref-01B-B-0p10mps,3.91,0.14875,0.1,0.0,0.012750000000000011,0.03947368421052635,8.111199532487153e-05,0.7954369489526514,19.907499499999997,-19.112062551047345,0.0,19.112062551047345,19.112062551047345
Ref-01B-B-0p10mps,3.911,0.14884999999999998,0.1,0.0,0.012650000000000022,0.03916408668730657,8.047582281251967e-05,0.7891982277843961,19.907499499999997,-19.1183012722156,0.0,19.1183012722156,19.1183012722156
Ref-01B-B-0p10mps,3.9120000000000004,0.14895000000000003,0.1,0.0,0.012549999999999978,0.03885448916408662,7.983965030016745e-05,0.7829595066161371,19.907499499999997,-19.12453999338386,0.0,19.12453999338386,19.12453999338386
Ref-01B-B-0p10mps,3.9130000000000003,0.14905000000000002,0.1,0.0,0.012449999999999989,0.03854489164086684,7.92034777878156e-05,0.7767207854478818,19.907499499999997,-19.130778714552115,0.0,19.130778714552115,19.130778714552115
Ref-01B-B-0p10mps,3.914,0.14915,0.1,0.0,0.01235,0.038235294117647055,7.856730527546373e-05,0.7704820642796264,19.907499499999997,-19.13701743572037,0.0,19.13701743572037,19.13701743572037
Ref-01B-B-0p10mps,3.915,0.14925,0.1,0.0,0.012250000000000011,0.03792569659442728,7.793113276311187e-05,0.764243343111371,19.907499499999997,-19.143256156888626,0.0,19.143256156888626,19.143256156888626
Ref-01B-B-0p10mps,3.916,0.14934999999999998,0.1,0.0,0.012150000000000022,0.0376160990712075,7.729496025076e-05,0.7580046219431156,19.907499499999997,-19.14949487805688,0.0,19.14949487805688,19.14949487805688
Ref-01B-B-0p10mps,3.9170000000000003,0.14945000000000003,0.1,0.0,0.012049999999999977,0.03730650154798754,7.665878773840779e-05,0.7517659007748567,19.907499499999997,-19.15573359922514,0.0,19.15573359922514,19.15573359922514
Ref-01B-B-0p10mps,3.918,0.14955000000000002,0.1,0.0,0.011949999999999988,0.03699690402476777,7.602261522605593e-05,0.7455271796066013,19.907499499999997,-19.161972320393396,0.0,19.161972320393396,19.161972320393396
Ref-01B-B-0p10mps,3.919,0.14965,0.1,0.0,0.01185,0.03668730650154799,7.538644271370406e-05,0.7392884584383459,19.907499499999997,-19.16821104156165,0.0,19.16821104156165,19.16821104156165
Ref-01B-B-0p10mps,3.92,0.14975,0.1,0.0,0.01175000000000001,0.036377708978328205,7.47502702013522e-05,0.7330497372700906,19.907499499999997,-19.174449762729907,0.0,19.174449762729907,19.174449762729907
Ref-01B-B-0p10mps,3.921,0.14984999999999998,0.1,0.0,0.011650000000000021,0.03606811145510842,7.411409768900034e-05,0.7268110161018352,19.907499499999997,-19.180688483898162,0.0,19.180688483898162,19.180688483898162
Ref-01B-B-0p10mps,3.922,0.14995000000000003,0.1,0.0,0.011549999999999977,0.035758513931888475,7.347792517664812e-05,0.7205722949335762,19.907499499999997,-19.18692720506642,0.0,19.18692720506642,19.18692720506642
Ref-01B-B-0p10mps,3.923,0.15005000000000002,0.1,0.0,0.011449999999999988,0.03544891640866869,7.284175266429626e-05,0.7143335737653209,19.907499499999997,-19.193165926234677,0.0,19.193165926234677,19.193165926234677
Ref-01B-B-0p10mps,3.924,0.15015,0.1,0.0,0.011349999999999999,0.03513931888544891,7.220558015194439e-05,0.7080948525970655,19.907499499999997,-19.199404647402933,0.0,19.199404647402933,19.199404647402933
Ref-01B-B-0p10mps,3.925,0.15025,0.1,0.0,0.01125000000000001,0.03482972136222913,7.156940763959254e-05,0.7018561314288101,19.907499499999997,-19.205643368571188,0.0,19.205643368571188,19.205643368571188
Ref-01B-B-0p10mps,3.9259999999999997,0.15034999999999998,0.1,0.0,0.011150000000000021,0.034520123839009355,7.093323512724067e-05,0.6956174102605547,19.907499499999997,-19.211882089739444,0.0,19.211882089739444,19.211882089739444
Ref-01B-B-0p10mps,3.9270000000000005,0.15045000000000003,0.1,0.0,0.011049999999999977,0.0342105263157894,7.029706261488845e-05,0.6893786890922957,19.907499499999997,-19.2181208109077,0.0,19.2181208109077,19.2181208109077
Ref-01B-B-0p10mps,3.9280000000000004,0.15055000000000002,0.1,0.0,0.010949999999999988,0.03390092879256962,6.966089010253659e-05,0.6831399679240404,19.907499499999997,-19.224359532075955,0.0,19.224359532075955,19.224359532075955
Ref-01B-B-0p10mps,3.9290000000000003,0.15065,0.1,0.0,0.010849999999999999,0.03359133126934984,6.902471759018472e-05,0.676901246755785,19.907499499999997,-19.23059825324421,0.0,19.23059825324421,19.23059825324421
Ref-01B-B-0p10mps,3.93,0.15075,0.1,0.0,0.01075000000000001,0.03328173374613006,6.838854507783287e-05,0.6706625255875297,19.907499499999997,-19.236836974412466,0.0,19.236836974412466,19.236836974412466
Ref-01B-B-0p10mps,3.931,0.15084999999999998,0.1,0.0,0.01065000000000002,0.03297213622291028,6.7752372565481e-05,0.6644238044192742,19.907499499999997,-19.24307569558072,0.0,19.24307569558072,19.24307569558072
Ref-01B-B-0p10mps,3.9320000000000004,0.15095000000000003,0.1,0.0,0.010549999999999976,0.032662538699690324,6.711620005312878e-05,0.6581850832510153,19.907499499999997,-19.24931441674898,0.0,19.24931441674898,19.24931441674898
Ref-01B-B-0p10mps,3.9330000000000003,0.15105000000000002,0.1,0.0,0.010449999999999987,0.03235294117647055,6.648002754077692e-05,0.65194636208276,19.907499499999997,-19.255553137917236,0.0,19.255553137917236,19.255553137917236
Ref-01B-B-0p10mps,3.934,0.15115,0.1,0.0,0.010349999999999998,0.03204334365325077,6.584385502842506e-05,0.6457076409145045,19.907499499999997,-19.26179185908549,0.0,19.26179185908549,19.26179185908549
Ref-01B-B-0p10mps,3.935,0.15125,0.1,0.0,0.010250000000000009,0.031733746130030986,6.52076825160732e-05,0.6394689197462492,19.907499499999997,-19.268030580253747,0.0,19.268030580253747,19.268030580253747
Ref-01B-B-0p10mps,3.936,0.15134999999999998,0.1,0.0,0.01015000000000002,0.031424148606811204,6.457151000372133e-05,0.6332301985779938,19.907499499999997,-19.274269301422002,0.0,19.274269301422002,19.274269301422002
Ref-01B-B-0p10mps,3.9370000000000003,0.15145000000000003,0.1,0.0,0.010049999999999976,0.031114551083591256,6.393533749136911e-05,0.6269914774097348,19.907499499999997,-19.28050802259026,0.0,19.28050802259026,19.28050802259026
Ref-01B-B-0p10mps,3.938,0.15155000000000002,0.1,0.0,0.009949999999999987,0.030804953560371474,6.329916497901726e-05,0.6207527562414795,19.907499499999997,-19.286746743758517,0.0,19.286746743758517,19.286746743758517
Ref-01B-B-0p10mps,3.939,0.15165,0.1,0.0,0.009849999999999998,0.030495356037151696,6.266299246666539e-05,0.6145140350732241,19.907499499999997,-19.292985464926772,0.0,19.292985464926772,19.292985464926772
Ref-01B-B-0p10mps,3.94,0.15175,0.1,0.0,0.009750000000000009,0.030185758513931914,6.202681995431353e-05,0.6082753139049688,19.907499499999997,-19.299224186095028,0.0,19.299224186095028,19.299224186095028
Ref-01B-B-0p10mps,3.941,0.15184999999999998,0.1,0.0,0.00965000000000002,0.029876160990712133,6.139064744196166e-05,0.6020365927367133,19.907499499999997,-19.305462907263284,0.0,19.305462907263284,19.305462907263284
Ref-01B-B-0p10mps,3.942,0.15195000000000003,0.1,0.0,0.009549999999999975,0.02956656346749218,6.075447492960945e-05,0.5957978715684544,19.907499499999997,-19.311701628431543,0.0,19.311701628431543,19.311701628431543
Ref-01B-B-0p10mps,3.943,0.15205000000000002,0.1,0.0,0.009449999999999986,0.029256965944272403,6.011830241725759e-05,0.5895591504001991,19.907499499999997,-19.317940349599798,0.0,19.317940349599798,19.317940349599798
Ref-01B-B-0p10mps,3.944,0.15215,0.1,0.0,0.009349999999999997,0.02894736842105262,5.9482129904905725e-05,0.5833204292319437,19.907499499999997,-19.324179070768054,0.0,19.324179070768054,19.324179070768054
Ref-01B-B-0p10mps,3.945,0.15225,0.1,0.0,0.009250000000000008,0.028637770897832843,5.884595739255386e-05,0.5770817080636883,19.907499499999997,-19.33041779193631,0.0,19.33041779193631,19.33041779193631
Ref-01B-B-0p10mps,3.9459999999999997,0.15234999999999999,0.1,0.0,0.00915000000000002,0.02832817337461306,5.8209784880201994e-05,0.5708429868954329,19.907499499999997,-19.336656513104565,0.0,19.336656513104565,19.336656513104565
Ref-01B-B-0p10mps,3.9470000000000005,0.15245000000000003,0.1,0.0,0.009049999999999975,0.02801857585139311,5.757361236784978e-05,0.564604265727174,19.907499499999997,-19.342895234272824,0.0,19.342895234272824,19.342895234272824
Ref-01B-B-0p10mps,3.9480000000000004,0.15255000000000002,0.1,0.0,0.008949999999999986,0.02770897832817333,5.693743985549792e-05,0.5583655445589186,19.907499499999997,-19.34913395544108,0.0,19.34913395544108,19.34913395544108
Ref-01B-B-0p10mps,3.9490000000000003,0.15265,0.1,0.0,0.008849999999999997,0.02739938080495355,5.6301267343146056e-05,0.5521268233906632,19.907499499999997,-19.355372676609335,0.0,19.355372676609335,19.355372676609335
Ref-01B-B-0p10mps,3.95,0.15275,0.1,0.0,0.008750000000000008,0.02708978328173377,5.5665094830794194e-05,0.5458881022224079,19.907499499999997,-19.36161139777759,0.0,19.36161139777759,19.36161139777759
Ref-01B-B-0p10mps,3.951,0.15284999999999999,0.1,0.0,0.008650000000000019,0.02678018575851399,5.5028922318442326e-05,0.5396493810541524,19.907499499999997,-19.367850118945846,0.0,19.367850118945846,19.367850118945846
Ref-01B-B-0p10mps,3.9520000000000004,0.15295000000000003,0.1,0.0,0.008549999999999974,0.026470588235294037,5.439274980609011e-05,0.5334106598858935,19.907499499999997,-19.3740888401141,0.0,19.3740888401141,19.3740888401141
Ref-01B-B-0p10mps,3.9530000000000003,0.15305000000000002,0.1,0.0,0.008449999999999985,0.026160990712074256,5.375657729373825e-05,0.5271719387176382,19.907499499999997,-19.380327561282357,0.0,19.380327561282357,19.380327561282357
Ref-01B-B-0p10mps,3.954,0.15315,0.1,0.0,0.008349999999999996,0.025851393188854477,5.312040478138639e-05,0.5209332175493828,19.907499499999997,-19.386566282450612,0.0,19.386566282450612,19.386566282450612
Ref-01B-B-0p10mps,3.955,0.15325,0.1,0.0,0.008250000000000007,0.025541795665634696,5.2484232269034526e-05,0.5146944963811274,19.907499499999997,-19.392805003618868,0.0,19.392805003618868,19.392805003618868
Ref-01B-B-0p10mps,3.956,0.15335,0.1,0.0,0.008150000000000018,0.025232198142414917,5.1848059756682664e-05,0.508455775212872,19.907499499999997,-19.399043724787123,0.0,19.399043724787123,19.399043724787123
Ref-01B-B-0p10mps,3.9570000000000003,0.15345000000000003,0.1,0.0,0.008049999999999974,0.024922600619194966,5.121188724433044e-05,0.5022170540446131,19.907499499999997,-19.405282445955383,0.0,19.405282445955383,19.405282445955383
Ref-01B-B-0p10mps,3.958,0.15355000000000002,0.1,0.0,0.007949999999999985,0.024613003095975184,5.057571473197858e-05,0.49597833287635773,19.907499499999997,-19.411521167123638,0.0,19.411521167123638,19.411521167123638
Ref-01B-B-0p10mps,3.959,0.15365,0.1,0.0,0.007849999999999996,0.024303405572755406,4.993954221962672e-05,0.4897396117081023,19.907499499999997,-19.417759888291894,0.0,19.417759888291894,19.417759888291894
Ref-01B-B-0p10mps,3.96,0.15375,0.1,0.0,0.007750000000000007,0.023993808049535624,4.930336970727486e-05,0.48350089053984696,19.907499499999997,-19.42399860946015,0.0,19.42399860946015,19.42399860946015
Ref-01B-B-0p10mps,3.961,0.15385,0.1,0.0,0.007650000000000018,0.023684210526315846,4.8667197194922995e-05,0.47726216937159155,19.907499499999997,-19.430237330628405,0.0,19.430237330628405,19.430237330628405
Ref-01B-B-0p10mps,3.962,0.15395000000000003,0.1,0.0,0.007549999999999973,0.02337461300309589,4.8031024682570774e-05,0.47102344820333264,19.907499499999997,-19.436476051796664,0.0,19.436476051796664,19.436476051796664
Ref-01B-B-0p10mps,3.963,0.15405000000000002,0.1,0.0,0.007449999999999984,0.023065015479876112,4.739485217021891e-05,0.4647847270350773,19.907499499999997,-19.44271477296492,0.0,19.44271477296492,19.44271477296492
Ref-01B-B-0p10mps,3.964,0.15415,0.1,0.0,0.007349999999999995,0.02275541795665633,4.675867965786705e-05,0.45854600586682187,19.907499499999997,-19.448953494133175,0.0,19.448953494133175,19.448953494133175
Ref-01B-B-0p10mps,3.965,0.15425,0.1,0.0,0.0072500000000000064,0.022445820433436552,4.612250714551519e-05,0.4523072846985665,19.907499499999997,-19.45519221530143,0.0,19.45519221530143,19.45519221530143
Ref-01B-B-0p10mps,3.9659999999999997,0.15435,0.1,0.0,0.0071500000000000175,0.02213622291021677,4.5486334633163327e-05,0.4460685635303111,19.907499499999997,-19.461430936469686,0.0,19.461430936469686,19.461430936469686
Ref-01B-B-0p10mps,3.9670000000000005,0.15445000000000003,0.1,0.0,0.007049999999999973,0.02182662538699682,4.4850162120811105e-05,0.4398298423620522,19.907499499999997,-19.467669657637945,0.0,19.467669657637945,19.467669657637945
Ref-01B-B-0p10mps,3.9680000000000004,0.15455000000000002,0.1,0.0,0.006949999999999984,0.02151702786377704,4.4213989608459244e-05,0.43359112119379684,19.907499499999997,-19.4739083788062,0.0,19.4739083788062,19.4739083788062
Ref-01B-B-0p10mps,3.9690000000000003,0.15465,0.1,0.0,0.006849999999999995,0.02120743034055726,4.357781709610738e-05,0.4273524000255414,19.907499499999997,-19.480147099974456,0.0,19.480147099974456,19.480147099974456
Ref-01B-B-0p10mps,3.97,0.15475,0.1,0.0,0.006750000000000006,0.02089783281733748,4.294164458375552e-05,0.42111367885728607,19.907499499999997,-19.48638582114271,0.0,19.48638582114271,19.48638582114271
Ref-01B-B-0p10mps,3.971,0.15485,0.1,0.0,0.006650000000000017,0.0205882352941177,4.230547207140366e-05,0.41487495768903065,19.907499499999997,-19.492624542310967,0.0,19.492624542310967,19.492624542310967
Ref-01B-B-0p10mps,3.9720000000000004,0.15495000000000003,0.1,0.0,0.0065499999999999725,0.020278637770897747,4.166929955905144e-05,0.40863623652077175,19.907499499999997,-19.498863263479226,0.0,19.498863263479226,19.498863263479226
Ref-01B-B-0p10mps,3.9730000000000003,0.15505000000000002,0.1,0.0,0.0064499999999999835,0.019969040247677965,4.1033127046699575e-05,0.4023975153525164,19.907499499999997,-19.50510198464748,0.0,19.50510198464748,19.50510198464748
Ref-01B-B-0p10mps,3.974,0.15515,0.1,0.0,0.0063499999999999945,0.019659442724458187,4.039695453434771e-05,0.396158794184261,19.907499499999997,-19.511340705815737,0.0,19.511340705815737,19.511340705815737
Ref-01B-B-0p10mps,3.975,0.15525,0.1,0.0,0.0062500000000000056,0.019349845201238405,3.976078202199585e-05,0.3899200730160056,19.907499499999997,-19.517579426983993,0.0,19.517579426983993,19.517579426983993
Ref-01B-B-0p10mps,3.976,0.15535,0.1,0.0,0.0061500000000000166,0.019040247678018627,3.912460950964399e-05,0.3836813518477502,19.907499499999997,-19.523818148152245,0.0,19.523818148152245,19.523818148152245
Ref-01B-B-0p10mps,3.9770000000000003,0.15545000000000003,0.1,0.0,0.006049999999999972,0.018730650154798675,3.8488436997291775e-05,0.37744263067949135,19.907499499999997,-19.530056869320504,0.0,19.530056869320504,19.530056869320504
Ref-01B-B-0p10mps,3.978,0.15555000000000002,0.1,0.0,0.005949999999999983,0.018421052631578894,3.7852264484939906e-05,0.37120390951123594,19.907499499999997,-19.53629559048876,0.0,19.53629559048876,19.53629559048876
Ref-01B-B-0p10mps,3.979,0.15565,0.1,0.0,0.005849999999999994,0.018111455108359115,3.7216091972588044e-05,0.36496518834298053,19.907499499999997,-19.542534311657015,0.0,19.542534311657015,19.542534311657015
Ref-01B-B-0p10mps,3.98,0.15575,0.1,0.0,0.005750000000000005,0.017801857585139334,3.657991946023618e-05,0.35872646717472517,19.907499499999997,-19.54877303282527,0.0,19.54877303282527,19.54877303282527
Ref-01B-B-0p10mps,3.981,0.15585,0.1,0.0,0.005650000000000016,0.017492260061919555,3.594374694788432e-05,0.35248774600646976,19.907499499999997,-19.555011753993526,0.0,19.555011753993526,19.555011753993526
Ref-01B-B-0p10mps,3.982,0.15595000000000003,0.1,0.0,0.005549999999999972,0.017182662538699604,3.5307574435532106e-05,0.3462490248382109,19.907499499999997,-19.561250475161785,0.0,19.561250475161785,19.561250475161785
Ref-01B-B-0p10mps,3.983,0.15605000000000002,0.1,0.0,0.005449999999999983,0.016873065015479822,3.467140192318024e-05,0.34001030366995544,19.907499499999997,-19.56748919633004,0.0,19.56748919633004,19.56748919633004
Ref-01B-B-0p10mps,3.984,0.15615,0.1,0.0,0.005349999999999994,0.01656346749226004,3.4035229410828376e-05,0.3337715825017001,19.907499499999997,-19.573727917498296,0.0,19.573727917498296,19.573727917498296
Ref-01B-B-0p10mps,3.985,0.15625,0.1,0.0,0.005250000000000005,0.016253869969040262,3.3399056898476514e-05,0.32753286133344467,19.907499499999997,-19.57996663866655,0.0,19.57996663866655,19.57996663866655
Ref-01B-B-0p10mps,3.9859999999999998,0.15635,0.1,0.0,0.005150000000000016,0.01594427244582048,3.276288438612465e-05,0.3212941401651893,19.907499499999997,-19.586205359834807,0.0,19.586205359834807,19.586205359834807
Ref-01B-B-0p10mps,3.9870000000000005,0.15645000000000003,0.1,0.0,0.005049999999999971,0.01563467492260053,3.212671187377244e-05,0.31505541899693046,19.907499499999997,-19.592444081003066,0.0,19.592444081003066,19.592444081003066
Ref-01B-B-0p10mps,3.9880000000000004,0.15655000000000002,0.1,0.0,0.004949999999999982,0.01532507739938075,3.1490539361420576e-05,0.3088166978286751,19.907499499999997,-19.59868280217132,0.0,19.59868280217132,19.59868280217132
Ref-01B-B-0p10mps,3.9890000000000003,0.15665,0.1,0.0,0.004849999999999993,0.015015479876160968,3.085436684906871e-05,0.30257797666041963,19.907499499999997,-19.604921523339577,0.0,19.604921523339577,19.604921523339577
Ref-01B-B-0p10mps,3.99,0.15675,0.1,0.0,0.004750000000000004,0.014705882352941188,3.0218194336716845e-05,0.2963392554921642,19.907499499999997,-19.611160244507833,0.0,19.611160244507833,19.611160244507833
Ref-01B-B-0p10mps,3.991,0.15685,0.1,0.0,0.004650000000000015,0.014396284829721408,2.9582021824364983e-05,0.29010053432390887,19.907499499999997,-19.617398965676088,0.0,19.617398965676088,19.617398965676088
Ref-01B-B-0p10mps,3.9920000000000004,0.15695000000000003,0.1,0.0,0.004549999999999971,0.014086687306501457,2.894584931201277e-05,0.28386181315565,19.907499499999997,-19.623637686844347,0.0,19.623637686844347,19.623637686844347
Ref-01B-B-0p10mps,3.9930000000000003,0.15705000000000002,0.1,0.0,0.004449999999999982,0.013777089783281677,2.8309676799660904e-05,0.2776230919873946,19.907499499999997,-19.629876408012603,0.0,19.629876408012603,19.629876408012603
Ref-01B-B-0p10mps,3.994,0.15715,0.1,0.0,0.004349999999999993,0.013467492260061897,2.7673504287309042e-05,0.2713843708191392,19.907499499999997,-19.636115129180858,0.0,19.636115129180858,19.636115129180858
Ref-01B-B-0p10mps,3.995,0.15725,0.1,0.0,0.004250000000000004,0.013157894736842117,2.703733177495718e-05,0.26514564965088383,19.907499499999997,-19.642353850349114,0.0,19.642353850349114,19.642353850349114
Ref-01B-B-0p10mps,3.996,0.15735,0.1,0.0,0.004150000000000015,0.012848297213622337,2.6401159262605315e-05,0.2589069284826284,19.907499499999997,-19.64859257151737,0.0,19.64859257151737,19.64859257151737
Ref-01B-B-0p10mps,3.9970000000000003,0.15745000000000003,0.1,0.0,0.00404999999999997,0.012538699690402385,2.57649867502531e-05,0.25266820731436956,19.907499499999997,-19.65483129268563,0.0,19.65483129268563,19.65483129268563
Ref-01B-B-0p10mps,3.998,0.15755000000000002,0.1,0.0,0.003949999999999981,0.012229102167182605,2.5128814237901235e-05,0.24642948614611415,19.907499499999997,-19.661070013853884,0.0,19.661070013853884,19.661070013853884
Ref-01B-B-0p10mps,3.999,0.15765,0.1,0.0,0.0038499999999999923,0.011919504643962825,2.4492641725549373e-05,0.24019076497785874,19.907499499999997,-19.66730873502214,0.0,19.66730873502214,19.66730873502214
Ref-01B-B-0p10mps,4.0,0.15775,0.1,0.0,0.0037500000000000033,0.011609907120743043,2.385646921319751e-05,0.23395204380960335,19.907499499999997,-19.673547456190395,0.0,19.673547456190395,19.673547456190395
Ref-01B-B-0p10mps,4.0009999999999994,0.15785,0.1,0.0,0.0036500000000000143,0.011300309597523263,2.3220296700845646e-05,0.22771332264134794,19.907499499999997,-19.679786177358647,0.0,19.679786177358647,19.679786177358647
Ref-01B-B-0p10mps,4.002000000000001,0.15795000000000003,0.1,0.0,0.00354999999999997,0.010990712074303311,2.2584124188493432e-05,0.22147460147308912,19.907499499999997,-19.686024898526906,0.0,19.686024898526906,19.686024898526906
Ref-01B-B-0p10mps,4.003,0.15805000000000002,0.1,0.0,0.003449999999999981,0.010681114551083531,2.194795167614157e-05,0.21523588030483373,19.907499499999997,-19.69226361969516,0.0,19.69226361969516,19.69226361969516
Ref-01B-B-0p10mps,4.0040000000000004,0.15815,0.1,0.0,0.003349999999999992,0.010371517027863751,2.1311779163789705e-05,0.2089971591365783,19.907499499999997,-19.698502340863417,0.0,19.698502340863417,19.698502340863417
Ref-01B-B-0p10mps,4.005,0.15825,0.1,0.0,0.003250000000000003,0.010061919504643971,2.0675606651437843e-05,0.2027584379683229,19.907499499999997,-19.704741062031673,0.0,19.704741062031673,19.704741062031673
Ref-01B-B-0p10mps,4.006,0.15835,0.1,0.0,0.003150000000000014,0.009752321981424191,2.003943413908598e-05,0.19651971680006752,19.907499499999997,-19.710979783199928,0.0,19.710979783199928,19.710979783199928
Ref-01B-B-0p10mps,4.007000000000001,0.15845000000000004,0.1,0.0,0.0030499999999999694,0.00944272445820424,1.9403261626733763e-05,0.19028099563180864,19.907499499999997,-19.717218504368187,0.0,19.717218504368187,19.717218504368187
Ref-01B-B-0p10mps,4.008,0.15855000000000002,0.1,0.0,0.0029499999999999804,0.00913312693498446,1.87670891143819e-05,0.18404227446355326,19.907499499999997,-19.723457225536443,0.0,19.723457225536443,19.723457225536443
Ref-01B-B-0p10mps,4.009,0.15865,0.1,0.0,0.0028499999999999914,0.00882352941176468,1.8130916602030036e-05,0.17780355329529784,19.907499499999997,-19.729695946704698,0.0,19.729695946704698,19.729695946704698
Ref-01B-B-0p10mps,4.01,0.15875,0.1,0.0,0.0027500000000000024,0.0085139318885449,1.7494744089678174e-05,0.17156483212704246,19.907499499999997,-19.735934667872954,0.0,19.735934667872954,19.735934667872954
Ref-01B-B-0p10mps,4.011,0.15885,0.1,0.0,0.0026500000000000135,0.008204334365325118,1.6858571577326312e-05,0.16532611095878708,19.907499499999997,-19.74217338904121,0.0,19.74217338904121,19.74217338904121
Ref-01B-B-0p10mps,4.0120000000000005,0.15895000000000004,0.1,0.0,0.002549999999999969,0.007894736842105166,1.6222399064974095e-05,0.1590873897905282,19.907499499999997,-19.74841211020947,0.0,19.74841211020947,19.74841211020947
Ref-01B-B-0p10mps,4.013,0.15905000000000002,0.1,0.0,0.00244999999999998,0.007585139318885386,1.5586226552622233e-05,0.1528486686222728,19.907499499999997,-19.754650831377724,0.0,19.754650831377724,19.754650831377724
Ref-01B-B-0p10mps,4.014,0.15915,0.1,0.0,0.002349999999999991,0.007275541795665606,1.4950054040270369e-05,0.1466099474540174,19.907499499999997,-19.76088955254598,0.0,19.76088955254598,19.76088955254598
Ref-01B-B-0p10mps,4.015,0.15925,0.1,0.0,0.002250000000000002,0.006965944272445826,1.4313881527918507e-05,0.140371226285762,19.907499499999997,-19.767128273714235,0.0,19.767128273714235,19.767128273714235
Ref-01B-B-0p10mps,4.016,0.15935,0.1,0.0,0.002150000000000013,0.006656346749226046,1.3677709015566644e-05,0.13413250511750663,19.907499499999997,-19.77336699488249,0.0,19.77336699488249,19.77336699488249
Ref-01B-B-0p10mps,4.017,0.15945000000000004,0.1,0.0,0.0020499999999999685,0.0063467492260060945,1.3041536503214428e-05,0.12789378394924777,19.907499499999997,-19.77960571605075,0.0,19.77960571605075,19.77960571605075
Ref-01B-B-0p10mps,4.018,0.15955000000000003,0.1,0.0,0.0019499999999999795,0.0060371517027863145,1.2405363990862564e-05,0.12165506278099236,19.907499499999997,-19.785844437219005,0.0,19.785844437219005,19.785844437219005
Ref-01B-B-0p10mps,4.019,0.15965000000000001,0.1,0.0,0.0018499999999999905,0.005727554179566534,1.1769191478510702e-05,0.11541634161273698,19.907499499999997,-19.79208315838726,0.0,19.79208315838726,19.79208315838726
Ref-01B-B-0p10mps,4.02,0.15975,0.1,0.0,0.0017500000000000016,0.005417956656346754,1.1133018966158839e-05,0.10917762044448157,19.907499499999997,-19.798321879555516,0.0,19.798321879555516,19.798321879555516
Ref-01B-B-0p10mps,4.021,0.15985,0.1,0.0,0.0016500000000000126,0.005108359133126974,1.0496846453806975e-05,0.10293889927622617,19.907499499999997,-19.80456060072377,0.0,19.80456060072377,19.80456060072377
Ref-01B-B-0p10mps,4.022,0.15995000000000004,0.1,0.0,0.001549999999999968,0.004798761609907022,9.860673941454759e-06,0.09670017810796731,19.907499499999997,-19.81079932189203,0.0,19.81079932189203,19.81079932189203
Ref-01B-B-0p10mps,4.023000000000001,0.16005000000000003,0.1,0.0,0.001449999999999979,0.004489164086687242,9.224501429102895e-06,0.0904614569397119,19.907499499999997,-19.817038043060286,0.0,19.817038043060286,19.817038043060286
Ref-01B-B-0p10mps,4.024,0.16015000000000001,0.1,0.0,0.00134999999999999,0.004179566563467461,8.588328916751033e-06,0.08422273577145652,19.907499499999997,-19.82327676422854,0.0,19.82327676422854,19.82327676422854
Ref-01B-B-0p10mps,4.025,0.16025,0.1,0.0,0.0012500000000000011,0.0038699690402476815,7.95215640439917e-06,0.07798401460320112,19.907499499999997,-19.829515485396797,0.0,19.829515485396797,19.829515485396797
Ref-01B-B-0p10mps,4.026,0.16035,0.1,0.0,0.0011500000000000121,0.003560371517027901,7.315983892047307e-06,0.07174529343494572,19.907499499999997,-19.83575420656505,0.0,19.83575420656505,19.83575420656505
Ref-01B-B-0p10mps,4.027,0.16045000000000004,0.1,0.0,0.0010499999999999676,0.0032507739938079493,6.679811379695091e-06,0.06550657226668687,19.907499499999997,-19.84199292773331,0.0,19.84199292773331,19.84199292773331
Ref-01B-B-0p10mps,4.0280000000000005,0.16055000000000003,0.1,0.0,0.0009499999999999786,0.002941176470588169,6.0436388673432284e-06,0.05926785109843147,19.907499499999997,-19.848231648901564,0.0,19.848231648901564,19.848231648901564
Ref-01B-B-0p10mps,4.029,0.16065000000000002,0.1,0.0,0.0008499999999999897,0.002631578947368389,5.407466354991365e-06,0.05302912993017607,19.907499499999997,-19.85447037006982,0.0,19.85447037006982,19.85447037006982
Ref-01B-B-0p10mps,4.03,0.16075,0.1,0.0,0.0007500000000000007,0.002321981424148609,4.771293842639502e-06,0.04679040876192067,19.907499499999997,-19.860709091238075,0.0,19.860709091238075,19.860709091238075
Ref-01B-B-0p10mps,4.031,0.16085,0.1,0.0,0.0006500000000000117,0.0020123839009288285,4.135121330287639e-06,0.04055168759366528,19.907499499999997,-19.86694781240633,0.0,19.86694781240633,19.86694781240633
Ref-01B-B-0p10mps,4.032,0.16095000000000004,0.1,0.0,0.0005499999999999672,0.0017027863777088767,3.498948817935423e-06,0.03431296642540641,19.907499499999997,-19.87318653357459,0.0,19.87318653357459,19.87318653357459
Ref-01B-B-0p10mps,4.033,0.16105000000000003,0.1,0.0,0.0004499999999999782,0.0013931888544890965,2.8627763055835602e-06,0.02807424525715102,19.907499499999997,-19.879425254742845,0.0,19.879425254742845,19.879425254742845
Ref-01B-B-0p10mps,4.034,0.16115000000000002,0.1,0.0,0.0003499999999999892,0.0010835913312693163,2.226603793231697e-06,0.021835524088895622,19.907499499999997,-19.8856639759111,0.0,19.8856639759111,19.8856639759111
Ref-01B-B-0p10mps,4.035,0.16125,0.1,0.0,0.0002500000000000002,0.0007739938080495363,1.590431280879834e-06,0.015596802920640225,19.907499499999997,-19.891902697079356,0.0,19.891902697079356,19.891902697079356
Ref-01B-B-0p10mps,4.036,0.16135,0.1,0.0,0.00015000000000001124,0.00046439628482975614,9.542587685279711e-07,0.009358081752384827,19.907499499999997,-19.89814141824761,0.0,19.89814141824761,19.89814141824761
Ref-01B-B-0p10mps,4.037,0.16145000000000004,0.1,0.0,4.999999999996674e-05,0.00015479876160980413,3.180862561757549e-07,0.003119360584125967,19.907499499999997,-19.90438013941587,0.0,19.90438013941587,19.90438013941587
Ref-01B-B-0p10mps,4.037999999999999,0.16154999999999997,0.1,0.0,0.0,0.0,0.0,0.0,19.907499499999997,-19.907499499999997,0.0,19.907499499999997,19.907499499999997
Ref-01B-B-0p10mps,4.039,0.16165000000000002,0.1,0.0,0.0,0.0,0.0,0.0,19.907499499999997,-19.907499499999997,0.0,19.907499499999997,19.907499499999997
Ref-01B-B-0p10mps,4.04,0.16175,0.1,0.0,0.0,0.0,0.0,0.0,19.907499499999997,-19.907499499999997,0.0,19.907499499999997,19.907499499999997
Ref-01B-B-0p10mps,4.0409999999999995,0.16185,0.1,0.0,0.0,0.0,0.0,0.0,19.907499499999997,-19.907499499999997,0.0,19.907499499999997,19.907499499999997
Ref-01B-B-0p10mps,4.042000000000001,0.16195000000000004,0.1,0.0,0.0,0.0,0.0,0.0,19.907499499999997,-19.907499499999997,0.0,19.907499499999997,19.907499499999997
Ref-01B-B-0p10mps,4.042999999999999,0.16204999999999997,0.1,0.0,0.0,0.0,0.0,0.0,19.907499499999997,-19.907499499999997,0.0,19.907499499999997,19.907499499999997
Ref-01B-B-0p10mps,4.0440000000000005,0.16215000000000002,0.1,0.0,0.0,0.0,0.0,0.0,19.907499499999997,-19.907499499999997,0.0,19.907499499999997,19.907499499999997
Ref-01B-B-0p10mps,4.045,0.16225,0.1,0.0,0.0,0.0,0.0,0.0,19.907499499999997,-19.907499499999997,0.0,19.907499499999997,19.907499499999997
Ref-01B-B-0p10mps,4.046,0.16235,0.1,0.0,0.0,0.0,0.0,0.0,19.907499499999997,-19.907499499999997,0.0,19.907499499999997,19.907499499999997
Ref-01B-B-0p10mps,4.047000000000001,0.16245000000000004,0.1,0.0,0.0,0.0,0.0,0.0,19.907499499999997,-19.907499499999997,0.0,19.907499499999997,19.907499499999997
Ref-01B-B-0p10mps,4.048,0.16254999999999997,0.1,0.0,0.0,0.0,0.0,0.0,19.907499499999997,-19.907499499999997,0.0,19.907499499999997,19.907499499999997
Ref-01B-B-0p10mps,4.049,0.16265000000000002,0.1,0.0,0.0,0.0,0.0,0.0,19.907499499999997,-19.907499499999997,0.0,19.907499499999997,19.907499499999997
Ref-01B-B-0p10mps,4.05,0.16275,0.1,0.0,0.0,0.0,0.0,0.0,19.907499499999997,-19.907499499999997,0.0,19.907499499999997,19.907499499999997
Ref-01B-B-0p10mps,4.051,0.16285,0.1,0.0,0.0,0.0,0.0,0.0,19.907499499999997,-19.907499499999997,0.0,19.907499499999997,19.907499499999997
Ref-01B-B-0p10mps,4.0520000000000005,0.16295000000000004,0.1,0.0,0.0,0.0,0.0,0.0,19.907499499999997,-19.907499499999997,0.0,19.907499499999997,19.907499499999997
Ref-01B-B-0p10mps,4.053,0.16304999999999997,0.1,0.0,0.0,0.0,0.0,0.0,19.907499499999997,-19.907499499999997,0.0,19.907499499999997,19.907499499999997
Ref-01B-B-0p10mps,4.054,0.16315000000000002,0.1,0.0,0.0,0.0,0.0,0.0,19.907499499999997,-19.907499499999997,0.0,19.907499499999997,19.907499499999997
Ref-01B-B-0p10mps,4.055,0.16325,0.1,0.0,0.0,0.0,0.0,0.0,19.907499499999997,-19.907499499999997,0.0,19.907499499999997,19.907499499999997
Ref-01B-B-0p10mps,4.056,0.16335,0.1,0.0,0.0,0.0,0.0,0.0,19.907499499999997,-19.907499499999997,0.0,19.907499499999997,19.907499499999997
Ref-01B-B-0p10mps,4.057,0.16345000000000004,0.1,0.0,0.0,0.0,0.0,0.0,19.907499499999997,-19.907499499999997,0.0,19.907499499999997,19.907499499999997
Ref-01B-B-0p10mps,4.058,0.16354999999999997,0.1,0.0,0.0,0.0,0.0,0.0,19.907499499999997,-19.907499499999997,0.0,19.907499499999997,19.907499499999997
Ref-01B-B-0p10mps,4.059,0.16365000000000002,0.1,0.0,0.0,0.0,0.0,0.0,19.907499499999997,-19.907499499999997,0.0,19.907499499999997,19.907499499999997
Ref-01B-B-0p10mps,4.06,0.16375,0.1,0.0,0.0,0.0,0.0,0.0,19.907499499999997,-19.907499499999997,0.0,19.907499499999997,19.907499499999997
Ref-01B-B-0p10mps,4.061,0.16385,0.1,0.0,0.0,0.0,0.0,0.0,19.907499499999997,-19.907499499999997,0.0,19.907499499999997,19.907499499999997
Ref-01B-B-0p10mps,4.062,0.16395000000000004,0.1,0.0,0.0,0.0,0.0,0.0,19.907499499999997,-19.907499499999997,0.0,19.907499499999997,19.907499499999997
Ref-01B-B-0p10mps,4.063,0.16404999999999997,0.1,0.0,0.0,0.0,0.0,0.0,19.907499499999997,-19.907499499999997,0.0,19.907499499999997,19.907499499999997
Ref-01B-B-0p10mps,4.064,0.16415000000000002,0.1,0.0,0.0,0.0,0.0,0.0,19.907499499999997,-19.907499499999997,0.0,19.907499499999997,19.907499499999997
Ref-01B-B-0p10mps,4.065,0.16425,0.1,0.0,0.0,0.0,0.0,0.0,19.907499499999997,-19.907499499999997,0.0,19.907499499999997,19.907499499999997
Ref-01B-B-0p10mps,4.066,0.16435,0.1,0.0,0.0,0.0,0.0,0.0,19.907499499999997,-19.907499499999997,0.0,19.907499499999997,19.907499499999997
Ref-01B-B-0p10mps,4.067,0.16445000000000004,0.1,0.0,0.0,0.0,0.0,0.0,19.907499499999997,-19.907499499999997,0.0,19.907499499999997,19.907499499999997
Ref-01B-B-0p10mps,4.068,0.16454999999999997,0.1,0.0,0.0,0.0,0.0,0.0,19.907499499999997,-19.907499499999997,0.0,19.907499499999997,19.907499499999997
Ref-01B-B-0p10mps,4.069,0.16465000000000002,0.1,0.0,0.0,0.0,0.0,0.0,19.907499499999997,-19.907499499999997,0.0,19.907499499999997,19.907499499999997
Ref-01B-B-0p10mps,4.07,0.16475,0.1,0.0,0.0,0.0,0.0,0.0,19.907499499999997,-19.907499499999997,0.0,19.907499499999997,19.907499499999997
Ref-01B-B-0p10mps,4.071,0.16485,0.1,0.0,0.0,0.0,0.0,0.0,19.907499499999997,-19.907499499999997,0.0,19.907499499999997,19.907499499999997
Ref-01B-B-0p10mps,4.072,0.16495000000000004,0.1,0.0,0.0,0.0,0.0,0.0,19.907499499999997,-19.907499499999997,0.0,19.907499499999997,19.907499499999997
Ref-01B-B-0p10mps,4.0729999999999995,0.16504999999999997,0.1,0.0,0.0,0.0,0.0,0.0,19.907499499999997,-19.907499499999997,0.0,19.907499499999997,19.907499499999997
Ref-01B-B-0p10mps,4.074,0.16515000000000002,0.1,0.0,0.0,0.0,0.0,0.0,19.907499499999997,-19.907499499999997,0.0,19.907499499999997,19.907499499999997
Ref-01B-B-0p10mps,4.075,0.16525,0.1,0.0,0.0,0.0,0.0,0.0,19.907499499999997,-19.907499499999997,0.0,19.907499499999997,19.907499499999997
Ref-01B-B-0p10mps,4.076,0.16535,0.1,0.0,0.0,0.0,0.0,0.0,19.907499499999997,-19.907499499999997,0.0,19.907499499999997,19.907499499999997
Ref-01B-B-0p10mps,4.077,0.16545000000000004,0.1,0.0,0.0,0.0,0.0,0.0,19.907499499999997,-19.907499499999997,0.0,19.907499499999997,19.907499499999997
Ref-01B-B-0p10mps,4.077999999999999,0.16554999999999997,0.1,0.0,0.0,0.0,0.0,0.0,19.907499499999997,-19.907499499999997,0.0,19.907499499999997,19.907499499999997
Ref-01B-B-0p10mps,4.079,0.16565000000000002,0.1,0.0,0.0,0.0,0.0,0.0,19.907499499999997,-19.907499499999997,0.0,19.907499499999997,19.907499499999997
Ref-01B-B-0p10mps,4.08,0.16575,0.1,0.0,0.0,0.0,0.0,0.0,19.907499499999997,-19.907499499999997,0.0,19.907499499999997,19.907499499999997
Ref-01B-B-0p10mps,4.0809999999999995,0.16585,0.1,0.0,0.0,0.0,0.0,0.0,19.907499499999997,-19.907499499999997,0.0,19.907499499999997,19.907499499999997
Ref-01B-B-0p10mps,4.082000000000001,0.16595000000000004,0.1,0.0,0.0,0.0,0.0,0.0,19.907499499999997,-19.907499499999997,0.0,19.907499499999997,19.907499499999997
Ref-01B-B-0p10mps,4.082999999999999,0.16604999999999998,0.1,0.0,0.0,0.0,0.0,0.0,19.907499499999997,-19.907499499999997,0.0,19.907499499999997,19.907499499999997
Ref-01B-B-0p10mps,4.0840000000000005,0.16615000000000002,0.1,0.0,0.0,0.0,0.0,0.0,19.907499499999997,-19.907499499999997,0.0,19.907499499999997,19.907499499999997
Ref-01B-B-0p10mps,4.085,0.16625,0.1,0.0,0.0,0.0,0.0,0.0,19.907499499999997,-19.907499499999997,0.0,19.907499499999997,19.907499499999997
Ref-01B-B-0p10mps,4.086,0.16635,0.1,0.0,0.0,0.0,0.0,0.0,19.907499499999997,-19.907499499999997,0.0,19.907499499999997,19.907499499999997
Ref-01B-B-0p10mps,4.087000000000001,0.16645000000000004,0.1,0.0,0.0,0.0,0.0,0.0,19.907499499999997,-19.907499499999997,0.0,19.907499499999997,19.907499499999997
Ref-01B-B-0p10mps,4.088,0.16654999999999998,0.1,0.0,0.0,0.0,0.0,0.0,19.907499499999997,-19.907499499999997,0.0,19.907499499999997,19.907499499999997
Ref-01B-B-0p10mps,4.089,0.16665000000000002,0.1,0.0,0.0,0.0,0.0,0.0,19.907499499999997,-19.907499499999997,0.0,19.907499499999997,19.907499499999997
Ref-01B-B-0p10mps,4.09,0.16675,0.1,0.0,0.0,0.0,0.0,0.0,19.907499499999997,-19.907499499999997,0.0,19.907499499999997,19.907499499999997
Ref-01B-B-0p10mps,4.091,0.16685,0.1,0.0,0.0,0.0,0.0,0.0,19.907499499999997,-19.907499499999997,0.0,19.907499499999997,19.907499499999997
Ref-01B-B-0p10mps,4.0920000000000005,0.16695000000000004,0.1,0.0,0.0,0.0,0.0,0.0,19.907499499999997,-19.907499499999997,0.0,19.907499499999997,19.907499499999997
Ref-01B-B-0p10mps,4.093,0.16704999999999998,0.1,0.0,0.0,0.0,0.0,0.0,19.907499499999997,-19.907499499999997,0.0,19.907499499999997,19.907499499999997
Ref-01B-B-0p10mps,4.094,0.16715000000000002,0.1,0.0,0.0,0.0,0.0,0.0,19.907499499999997,-19.907499499999997,0.0,19.907499499999997,19.907499499999997
Ref-01B-B-0p10mps,4.095,0.16725,0.1,0.0,0.0,0.0,0.0,0.0,19.907499499999997,-19.907499499999997,0.0,19.907499499999997,19.907499499999997
Ref-01B-B-0p10mps,4.096,0.16735,0.1,0.0,0.0,0.0,0.0,0.0,19.907499499999997,-19.907499499999997,0.0,19.907499499999997,19.907499499999997
Ref-01B-B-0p10mps,4.097,0.16745000000000004,0.1,0.0,0.0,0.0,0.0,0.0,19.907499499999997,-19.907499499999997,0.0,19.907499499999997,19.907499499999997
Ref-01B-B-0p10mps,4.098,0.16754999999999998,0.1,0.0,0.0,0.0,0.0,0.0,19.907499499999997,-19.907499499999997,0.0,19.907499499999997,19.907499499999997
Ref-01B-B-0p10mps,4.099,0.16765000000000002,0.1,0.0,0.0,0.0,0.0,0.0,19.907499499999997,-19.907499499999997,0.0,19.907499499999997,19.907499499999997
Ref-01B-B-0p10mps,4.1,0.16775,0.1,0.0,0.0,0.0,0.0,0.0,19.907499499999997,-19.907499499999997,0.0,19.907499499999997,19.907499499999997
Ref-01B-B-0p10mps,4.101,0.16785,0.1,0.0,0.0,0.0,0.0,0.0,19.907499499999997,-19.907499499999997,0.0,19.907499499999997,19.907499499999997
Ref-01B-B-0p10mps,4.102,0.16795000000000004,0.1,0.0,0.0,0.0,0.0,0.0,19.907499499999997,-19.907499499999997,0.0,19.907499499999997,19.907499499999997
Ref-01B-B-0p10mps,4.103,0.16804999999999998,0.1,0.0,0.0,0.0,0.0,0.0,19.907499499999997,-19.907499499999997,0.0,19.907499499999997,19.907499499999997
Ref-01B-B-0p10mps,4.104,0.16815000000000002,0.1,0.0,0.0,0.0,0.0,0.0,19.907499499999997,-19.907499499999997,0.0,19.907499499999997,19.907499499999997
Ref-01B-B-0p10mps,4.105,0.16825,0.1,0.0,0.0,0.0,0.0,0.0,19.907499499999997,-19.907499499999997,0.0,19.907499499999997,19.907499499999997
Ref-01B-B-0p10mps,4.106,0.16835,0.1,0.0,0.0,0.0,0.0,0.0,19.907499499999997,-19.907499499999997,0.0,19.907499499999997,19.907499499999997
Ref-01B-B-0p10mps,4.107,0.16845000000000004,0.1,0.0,0.0,0.0,0.0,0.0,19.907499499999997,-19.907499499999997,0.0,19.907499499999997,19.907499499999997
Ref-01B-B-0p10mps,4.108,0.16854999999999998,0.1,0.0,0.0,0.0,0.0,0.0,19.907499499999997,-19.907499499999997,0.0,19.907499499999997,19.907499499999997
Ref-01B-B-0p10mps,4.109,0.16865000000000002,0.1,0.0,0.0,0.0,0.0,0.0,19.907499499999997,-19.907499499999997,0.0,19.907499499999997,19.907499499999997
Ref-01B-B-0p10mps,4.11,0.16875,0.1,0.0,0.0,0.0,0.0,0.0,19.907499499999997,-19.907499499999997,0.0,19.907499499999997,19.907499499999997
Ref-01B-B-0p10mps,4.111,0.16885,0.1,0.0,0.0,0.0,0.0,0.0,19.907499499999997,-19.907499499999997,0.0,19.907499499999997,19.907499499999997
Ref-01B-B-0p10mps,4.112,0.16895000000000004,0.1,0.0,0.0,0.0,0.0,0.0,19.907499499999997,-19.907499499999997,0.0,19.907499499999997,19.907499499999997
Ref-01B-B-0p10mps,4.1129999999999995,0.16904999999999998,0.1,0.0,0.0,0.0,0.0,0.0,19.907499499999997,-19.907499499999997,0.0,19.907499499999997,19.907499499999997
Ref-01B-B-0p10mps,4.114,0.16915000000000002,0.1,0.0,0.0,0.0,0.0,0.0,19.907499499999997,-19.907499499999997,0.0,19.907499499999997,19.907499499999997
Ref-01B-B-0p10mps,4.115,0.16925,0.1,0.0,0.0,0.0,0.0,0.0,19.907499499999997,-19.907499499999997,0.0,19.907499499999997,19.907499499999997
Ref-01B-B-0p10mps,4.116,0.16935,0.1,0.0,0.0,0.0,0.0,0.0,19.907499499999997,-19.907499499999997,0.0,19.907499499999997,19.907499499999997
Ref-01B-B-0p10mps,4.117,0.16945000000000005,0.1,0.0,0.0,0.0,0.0,0.0,19.907499499999997,-19.907499499999997,0.0,19.907499499999997,19.907499499999997
Ref-01B-B-0p10mps,4.117999999999999,0.16954999999999998,0.1,0.0,0.0,0.0,0.0,0.0,19.907499499999997,-19.907499499999997,0.0,19.907499499999997,19.907499499999997
Ref-01B-B-0p10mps,4.119,0.16965000000000002,0.1,0.0,0.0,0.0,0.0,0.0,19.907499499999997,-19.907499499999997,0.0,19.907499499999997,19.907499499999997
Ref-01B-B-0p10mps,4.12,0.16975,0.1,0.0,0.0,0.0,0.0,0.0,19.907499499999997,-19.907499499999997,0.0,19.907499499999997,19.907499499999997
Ref-01B-B-0p10mps,4.1209999999999996,0.16985,0.1,0.0,0.0,0.0,0.0,0.0,19.907499499999997,-19.907499499999997,0.0,19.907499499999997,19.907499499999997
Ref-01B-B-0p10mps,4.122000000000001,0.16995000000000005,0.1,0.0,0.0,0.0,0.0,0.0,19.907499499999997,-19.907499499999997,0.0,19.907499499999997,19.907499499999997
Ref-01B-B-0p10mps,4.122999999999999,0.17004999999999998,0.1,0.0,0.0,0.0,0.0,0.0,19.907499499999997,-19.907499499999997,0.0,19.907499499999997,19.907499499999997
Ref-01B-B-0p10mps,4.1240000000000006,0.17015000000000002,0.1,0.0,0.0,0.0,0.0,0.0,19.907499499999997,-19.907499499999997,0.0,19.907499499999997,19.907499499999997
Ref-01B-B-0p10mps,4.125,0.17025,0.1,0.0,0.0,0.0,0.0,0.0,19.907499499999997,-19.907499499999997,0.0,19.907499499999997,19.907499499999997
Ref-01B-B-0p10mps,4.126,0.17035,0.1,0.0,0.0,0.0,0.0,0.0,19.907499499999997,-19.907499499999997,0.0,19.907499499999997,19.907499499999997
Ref-01B-B-0p10mps,4.127000000000001,0.17045000000000005,0.1,0.0,0.0,0.0,0.0,0.0,19.907499499999997,-19.907499499999997,0.0,19.907499499999997,19.907499499999997
Ref-01B-B-0p10mps,4.128,0.17054999999999998,0.1,0.0,0.0,0.0,0.0,0.0,19.907499499999997,-19.907499499999997,0.0,19.907499499999997,19.907499499999997
Ref-01B-B-0p10mps,4.1290000000000004,0.17065000000000002,0.1,0.0,0.0,0.0,0.0,0.0,19.907499499999997,-19.907499499999997,0.0,19.907499499999997,19.907499499999997
Ref-01B-B-0p10mps,4.13,0.17075,0.1,0.0,0.0,0.0,0.0,0.0,19.907499499999997,-19.907499499999997,0.0,19.907499499999997,19.907499499999997
Ref-01B-B-0p10mps,4.131,0.17085,0.1,0.0,0.0,0.0,0.0,0.0,19.907499499999997,-19.907499499999997,0.0,19.907499499999997,19.907499499999997
Ref-01B-B-0p10mps,4.132000000000001,0.17095000000000005,0.1,0.0,0.0,0.0,0.0,0.0,19.907499499999997,-19.907499499999997,0.0,19.907499499999997,19.907499499999997
Ref-01B-B-0p10mps,4.133,0.17104999999999998,0.1,0.0,0.0,0.0,0.0,0.0,19.907499499999997,-19.907499499999997,0.0,19.907499499999997,19.907499499999997
Ref-01B-B-0p10mps,4.134,0.17115000000000002,0.1,0.0,0.0,0.0,0.0,0.0,19.907499499999997,-19.907499499999997,0.0,19.907499499999997,19.907499499999997
Ref-01B-B-0p10mps,4.135,0.17125,0.1,0.0,0.0,0.0,0.0,0.0,19.907499499999997,-19.907499499999997,0.0,19.907499499999997,19.907499499999997
Ref-01B-B-0p10mps,4.136,0.17135,0.1,0.0,0.0,0.0,0.0,0.0,19.907499499999997,-19.907499499999997,0.0,19.907499499999997,19.907499499999997
Ref-01B-B-0p10mps,4.1370000000000005,0.17145000000000005,0.1,0.0,0.0,0.0,0.0,0.0,19.907499499999997,-19.907499499999997,0.0,19.907499499999997,19.907499499999997
Ref-01B-B-0p10mps,4.138,0.17154999999999998,0.1,0.0,0.0,0.0,0.0,0.0,19.907499499999997,-19.907499499999997,0.0,19.907499499999997,19.907499499999997
Ref-01B-B-0p10mps,4.139,0.17165000000000002,0.1,0.0,0.0,0.0,0.0,0.0,19.907499499999997,-19.907499499999997,0.0,19.907499499999997,19.907499499999997
Ref-01B-B-0p10mps,4.14,0.17175,0.1,0.0,0.0,0.0,0.0,0.0,19.907499499999997,-19.907499499999997,0.0,19.907499499999997,19.907499499999997
Ref-01B-B-0p10mps,4.141,0.17185,0.1,0.0,0.0,0.0,0.0,0.0,19.907499499999997,-19.907499499999997,0.0,19.907499499999997,19.907499499999997
Ref-01B-B-0p10mps,4.142,0.17195000000000005,0.1,0.0,0.0,0.0,0.0,0.0,19.907499499999997,-19.907499499999997,0.0,19.907499499999997,19.907499499999997
Ref-01B-B-0p10mps,4.143,0.17204999999999998,0.1,0.0,0.0,0.0,0.0,0.0,19.907499499999997,-19.907499499999997,0.0,19.907499499999997,19.907499499999997
Ref-01B-B-0p10mps,4.144,0.17215000000000003,0.1,0.0,0.0,0.0,0.0,0.0,19.907499499999997,-19.907499499999997,0.0,19.907499499999997,19.907499499999997
Ref-01B-B-0p10mps,4.1450000000000005,0.17225000000000001,0.1,0.0,0.0,0.0,0.0,0.0,19.907499499999997,-19.907499499999997,0.0,19.907499499999997,19.907499499999997
Ref-01B-B-0p10mps,4.146,0.17235,0.1,0.0,0.0,0.0,0.0,0.0,19.907499499999997,-19.907499499999997,0.0,19.907499499999997,19.907499499999997
Ref-01B-B-0p10mps,4.147,0.17245000000000005,0.1,0.0,0.0,0.0,0.0,0.0,19.907499499999997,-19.907499499999997,0.0,19.907499499999997,19.907499499999997
Ref-01B-B-0p10mps,4.148,0.17254999999999998,0.1,0.0,0.0,0.0,0.0,0.0,19.907499499999997,-19.907499499999997,0.0,19.907499499999997,19.907499499999997
Ref-01B-B-0p10mps,4.149,0.17265000000000003,0.1,0.0,0.0,0.0,0.0,0.0,19.907499499999997,-19.907499499999997,0.0,19.907499499999997,19.907499499999997
Ref-01B-B-0p10mps,4.15,0.17275000000000001,0.1,0.0,0.0,0.0,0.0,0.0,19.907499499999997,-19.907499499999997,0.0,19.907499499999997,19.907499499999997
Ref-01B-B-0p10mps,4.151,0.17285,0.1,0.0,0.0,0.0,0.0,0.0,19.907499499999997,-19.907499499999997,0.0,19.907499499999997,19.907499499999997
Ref-01B-B-0p10mps,4.152,0.17295000000000005,0.1,0.0,0.0,0.0,0.0,0.0,19.907499499999997,-19.907499499999997,0.0,19.907499499999997,19.907499499999997
Ref-01B-B-0p10mps,4.153,0.17304999999999998,0.1,0.0,0.0,0.0,0.0,0.0,19.907499499999997,-19.907499499999997,0.0,19.907499499999997,19.907499499999997
Ref-01B-B-0p10mps,4.154,0.17315000000000003,0.1,0.0,0.0,0.0,0.0,0.0,19.907499499999997,-19.907499499999997,0.0,19.907499499999997,19.907499499999997
Ref-01B-B-0p10mps,4.155,0.17325000000000002,0.1,0.0,0.0,0.0,0.0,0.0,19.907499499999997,-19.907499499999997,0.0,19.907499499999997,19.907499499999997
Ref-01B-B-0p10mps,4.156,0.17335,0.1,0.0,0.0,0.0,0.0,0.0,19.907499499999997,-19.907499499999997,0.0,19.907499499999997,19.907499499999997
Ref-01B-B-0p10mps,4.157,0.17345000000000005,0.1,0.0,0.0,0.0,0.0,0.0,19.907499499999997,-19.907499499999997,0.0,19.907499499999997,19.907499499999997
Ref-01B-B-0p10mps,4.1579999999999995,0.17354999999999998,0.1,0.0,0.0,0.0,0.0,0.0,19.907499499999997,-19.907499499999997,0.0,19.907499499999997,19.907499499999997
Ref-01B-B-0p10mps,4.159,0.17365000000000003,0.1,0.0,0.0,0.0,0.0,0.0,19.907499499999997,-19.907499499999997,0.0,19.907499499999997,19.907499499999997
Ref-01B-B-0p10mps,4.16,0.17375000000000002,0.1,0.0,0.0,0.0,0.0,0.0,19.907499499999997,-19.907499499999997,0.0,19.907499499999997,19.907499499999997
Ref-01B-B-0p10mps,4.161,0.17385,0.1,0.0,0.0,0.0,0.0,0.0,19.907499499999997,-19.907499499999997,0.0,19.907499499999997,19.907499499999997
Ref-01B-B-0p10mps,4.162000000000001,0.17395000000000005,0.1,0.0,0.0,0.0,0.0,0.0,19.907499499999997,-19.907499499999997,0.0,19.907499499999997,19.907499499999997
Ref-01B-B-0p10mps,4.162999999999999,0.17404999999999998,0.1,0.0,0.0,0.0,0.0,0.0,19.907499499999997,-19.907499499999997,0.0,19.907499499999997,19.907499499999997
Ref-01B-B-0p10mps,4.164000000000001,0.17415000000000003,0.1,0.0,0.0,0.0,0.0,0.0,19.907499499999997,-19.907499499999997,0.0,19.907499499999997,19.907499499999997
Ref-01B-B-0p10mps,4.164999999999999,0.17424999999999996,0.1,0.0,0.0,0.0,0.0,0.0,19.907499499999997,-19.907499499999997,0.0,19.907499499999997,19.907499499999997
Ref-01B-B-0p10mps,4.166,0.17435,0.1,0.0,0.0,0.0,0.0,0.0,19.907499499999997,-19.907499499999997,0.0,19.907499499999997,19.907499499999997
Ref-01B-B-0p10mps,4.167000000000001,0.17445000000000005,0.1,0.0,0.0,0.0,0.0,0.0,19.907499499999997,-19.907499499999997,0.0,19.907499499999997,19.907499499999997
Ref-01B-B-0p10mps,4.168,0.17454999999999998,0.1,0.0,0.0,0.0,0.0,0.0,19.907499499999997,-19.907499499999997,0.0,19.907499499999997,19.907499499999997
Ref-01B-B-0p10mps,4.1690000000000005,0.17465000000000003,0.1,0.0,0.0,0.0,0.0,0.0,19.907499499999997,-19.907499499999997,0.0,19.907499499999997,19.907499499999997
Ref-01B-B-0p10mps,4.17,0.17474999999999996,0.1,0.0,0.0,0.0,0.0,0.0,19.907499499999997,-19.907499499999997,0.0,19.907499499999997,19.907499499999997
Ref-01B-B-0p10mps,4.171,0.17485,0.1,0.0,0.0,0.0,0.0,0.0,19.907499499999997,-19.907499499999997,0.0,19.907499499999997,19.907499499999997
Ref-01B-B-0p10mps,4.172000000000001,0.17495000000000005,0.1,0.0,0.0,0.0,0.0,0.0,19.907499499999997,-19.907499499999997,0.0,19.907499499999997,19.907499499999997
Ref-01B-B-0p10mps,4.173,0.17504999999999998,0.1,0.0,0.0,0.0,0.0,0.0,19.907499499999997,-19.907499499999997,0.0,19.907499499999997,19.907499499999997
Ref-01B-B-0p10mps,4.174,0.17515000000000003,0.1,0.0,0.0,0.0,0.0,0.0,19.907499499999997,-19.907499499999997,0.0,19.907499499999997,19.907499499999997
Ref-01B-B-0p10mps,4.175,0.17524999999999996,0.1,0.0,0.0,0.0,0.0,0.0,19.907499499999997,-19.907499499999997,0.0,19.907499499999997,19.907499499999997
Ref-01B-B-0p10mps,4.176,0.17535,0.1,0.0,0.0,0.0,0.0,0.0,19.907499499999997,-19.907499499999997,0.0,19.907499499999997,19.907499499999997
Ref-01B-B-0p10mps,4.1770000000000005,0.17545000000000005,0.1,0.0,0.0,0.0,0.0,0.0,19.907499499999997,-19.907499499999997,0.0,19.907499499999997,19.907499499999997
Ref-01B-B-0p10mps,4.178,0.17554999999999998,0.1,0.0,0.0,0.0,0.0,0.0,19.907499499999997,-19.907499499999997,0.0,19.907499499999997,19.907499499999997
Ref-01B-B-0p10mps,4.179,0.17565000000000003,0.1,0.0,0.0,0.0,0.0,0.0,19.907499499999997,-19.907499499999997,0.0,19.907499499999997,19.907499499999997
Ref-01B-B-0p10mps,4.18,0.17574999999999996,0.1,0.0,0.0,0.0,0.0,0.0,19.907499499999997,-19.907499499999997,0.0,19.907499499999997,19.907499499999997
Ref-01B-B-0p10mps,4.181,0.17585,0.1,0.0,0.0,0.0,0.0,0.0,19.907499499999997,-19.907499499999997,0.0,19.907499499999997,19.907499499999997
Ref-01B-B-0p10mps,4.182,0.17595000000000005,0.1,0.0,0.0,0.0,0.0,0.0,19.907499499999997,-19.907499499999997,0.0,19.907499499999997,19.907499499999997
Ref-01B-B-0p10mps,4.183,0.17604999999999998,0.1,0.0,0.0,0.0,0.0,0.0,19.907499499999997,-19.907499499999997,0.0,19.907499499999997,19.907499499999997
Ref-01B-B-0p10mps,4.184,0.17615000000000003,0.1,0.0,0.0,0.0,0.0,0.0,19.907499499999997,-19.907499499999997,0.0,19.907499499999997,19.907499499999997
Ref-01B-B-0p10mps,4.185,0.17624999999999996,0.1,0.0,0.0,0.0,0.0,0.0,19.907499499999997,-19.907499499999997,0.0,19.907499499999997,19.907499499999997
Ref-01B-B-0p10mps,4.186,0.17635,0.1,0.0,0.0,0.0,0.0,0.0,19.907499499999997,-19.907499499999997,0.0,19.907499499999997,19.907499499999997
Ref-01B-B-0p10mps,4.187,0.17645000000000005,0.1,0.0,0.0,0.0,0.0,0.0,19.907499499999997,-19.907499499999997,0.0,19.907499499999997,19.907499499999997
Ref-01B-B-0p10mps,4.188,0.17654999999999998,0.1,0.0,0.0,0.0,0.0,0.0,19.907499499999997,-19.907499499999997,0.0,19.907499499999997,19.907499499999997
Ref-01B-B-0p10mps,4.189,0.17665000000000003,0.1,0.0,0.0,0.0,0.0,0.0,19.907499499999997,-19.907499499999997,0.0,19.907499499999997,19.907499499999997
Ref-01B-B-0p10mps,4.1899999999999995,0.17674999999999996,0.1,0.0,0.0,0.0,0.0,0.0,19.907499499999997,-19.907499499999997,0.0,19.907499499999997,19.907499499999997
Ref-01B-B-0p10mps,4.191,0.17685,0.1,0.0,0.0,0.0,0.0,0.0,19.907499499999997,-19.907499499999997,0.0,19.907499499999997,19.907499499999997
Ref-01B-B-0p10mps,4.192,0.17695000000000005,0.1,0.0,0.0,0.0,0.0,0.0,19.907499499999997,-19.907499499999997,0.0,19.907499499999997,19.907499499999997
Ref-01B-B-0p10mps,4.193,0.17704999999999999,0.1,0.0,0.0,0.0,0.0,0.0,19.907499499999997,-19.907499499999997,0.0,19.907499499999997,19.907499499999997
Ref-01B-B-0p10mps,4.194,0.17715000000000003,0.1,0.0,0.0,0.0,0.0,0.0,19.907499499999997,-19.907499499999997,0.0,19.907499499999997,19.907499499999997
Ref-01B-B-0p10mps,4.194999999999999,0.17724999999999996,0.1,0.0,0.0,0.0,0.0,0.0,19.907499499999997,-19.907499499999997,0.0,19.907499499999997,19.907499499999997
Ref-01B-B-0p10mps,4.196,0.17735,0.1,0.0,0.0,0.0,0.0,0.0,19.907499499999997,-19.907499499999997,0.0,19.907499499999997,19.907499499999997
Ref-01B-B-0p10mps,4.197,0.17745000000000005,0.1,0.0,0.0,0.0,0.0,0.0,19.907499499999997,-19.907499499999997,0.0,19.907499499999997,19.907499499999997
Ref-01B-B-0p10mps,4.1979999999999995,0.17754999999999999,0.1,0.0,0.0,0.0,0.0,0.0,19.907499499999997,-19.907499499999997,0.0,19.907499499999997,19.907499499999997
Ref-01B-B-0p10mps,4.199,0.17765000000000003,0.1,0.0,0.0,0.0,0.0,0.0,19.907499499999997,-19.907499499999997,0.0,19.907499499999997,19.907499499999997
Ref-01B-B-0p10mps,4.199999999999999,0.17774999999999996,0.1,0.0,0.0,0.0,0.0,0.0,19.907499499999997,-19.907499499999997,0.0,19.907499499999997,19.907499499999997
Ref-01B-B-0p10mps,4.201,0.17785,0.1,0.0,0.0,0.0,0.0,0.0,19.907499499999997,-19.907499499999997,0.0,19.907499499999997,19.907499499999997
Ref-01B-B-0p10mps,4.202000000000001,0.17795000000000005,0.1,0.0,0.0,0.0,0.0,0.0,19.907499499999997,-19.907499499999997,0.0,19.907499499999997,19.907499499999997
Ref-01B-B-0p10mps,4.202999999999999,0.17804999999999999,0.1,0.0,0.0,0.0,0.0,0.0,19.907499499999997,-19.907499499999997,0.0,19.907499499999997,19.907499499999997
Ref-01B-B-0p10mps,4.204000000000001,0.17815000000000003,0.1,0.0,0.0,0.0,0.0,0.0,19.907499499999997,-19.907499499999997,0.0,19.907499499999997,19.907499499999997
Ref-01B-B-0p10mps,4.204999999999999,0.17824999999999996,0.1,0.0,0.0,0.0,0.0,0.0,19.907499499999997,-19.907499499999997,0.0,19.907499499999997,19.907499499999997
Ref-01B-B-0p10mps,4.206,0.17835,0.1,0.0,0.0,0.0,0.0,0.0,19.907499499999997,-19.907499499999997,0.0,19.907499499999997,19.907499499999997
Ref-01B-B-0p10mps,4.207000000000001,0.17845000000000005,0.1,0.0,0.0,0.0,0.0,0.0,19.907499499999997,-19.907499499999997,0.0,19.907499499999997,19.907499499999997
Ref-01B-B-0p10mps,4.208,0.17855,0.1,0.0,0.0,0.0,0.0,0.0,19.907499499999997,-19.907499499999997,0.0,19.907499499999997,19.907499499999997
Ref-01B-B-0p10mps,4.2090000000000005,0.17865000000000003,0.1,0.0,0.0,0.0,0.0,0.0,19.907499499999997,-19.907499499999997,0.0,19.907499499999997,19.907499499999997
Ref-01B-B-0p10mps,4.21,0.17874999999999996,0.1,0.0,0.0,0.0,0.0,0.0,19.907499499999997,-19.907499499999997,0.0,19.907499499999997,19.907499499999997
Ref-01B-B-0p10mps,4.211,0.17885,0.1,0.0,0.0,0.0,0.0,0.0,19.907499499999997,-19.907499499999997,0.0,19.907499499999997,19.907499499999997
Ref-01B-B-0p10mps,4.212000000000001,0.17895000000000005,0.1,0.0,0.0,0.0,0.0,0.0,19.907499499999997,-19.907499499999997,0.0,19.907499499999997,19.907499499999997
Ref-01B-B-0p10mps,4.213,0.17905,0.1,0.0,0.0,0.0,0.0,0.0,19.907499499999997,-19.907499499999997,0.0,19.907499499999997,19.907499499999997
Ref-01B-B-0p10mps,4.214,0.17915000000000003,0.1,0.0,0.0,0.0,0.0,0.0,19.907499499999997,-19.907499499999997,0.0,19.907499499999997,19.907499499999997
Ref-01B-B-0p10mps,4.215,0.17924999999999996,0.1,0.0,0.0,0.0,0.0,0.0,19.907499499999997,-19.907499499999997,0.0,19.907499499999997,19.907499499999997
Ref-01B-B-0p10mps,4.216,0.17935,0.1,0.0,0.0,0.0,0.0,0.0,19.907499499999997,-19.907499499999997,0.0,19.907499499999997,19.907499499999997
Ref-01B-B-0p10mps,4.2170000000000005,0.17945000000000005,0.1,0.0,0.0,0.0,0.0,0.0,19.907499499999997,-19.907499499999997,0.0,19.907499499999997,19.907499499999997
Ref-01B-B-0p10mps,4.218,0.17955,0.1,0.0,0.0,0.0,0.0,0.0,19.907499499999997,-19.907499499999997,0.0,19.907499499999997,19.907499499999997
Ref-01B-B-0p10mps,4.219,0.17965000000000003,0.1,0.0,0.0,0.0,0.0,0.0,19.907499499999997,-19.907499499999997,0.0,19.907499499999997,19.907499499999997
Ref-01B-B-0p10mps,4.22,0.17974999999999997,0.1,0.0,0.0,0.0,0.0,0.0,19.907499499999997,-19.907499499999997,0.0,19.907499499999997,19.907499499999997
Ref-01B-B-0p10mps,4.221,0.17985,0.1,0.0,0.0,0.0,0.0,0.0,19.907499499999997,-19.907499499999997,0.0,19.907499499999997,19.907499499999997
Ref-01B-B-0p10mps,4.222,0.17995000000000005,0.1,0.0,0.0,0.0,0.0,0.0,19.907499499999997,-19.907499499999997,0.0,19.907499499999997,19.907499499999997
Ref-01B-B-0p10mps,4.223,0.18005,0.1,0.0,0.0,0.0,0.0,0.0,19.907499499999997,-19.907499499999997,0.0,19.907499499999997,19.907499499999997
Ref-01B-B-0p10mps,4.224,0.18015000000000003,0.1,0.0,0.0,0.0,0.0,0.0,19.907499499999997,-19.907499499999997,0.0,19.907499499999997,19.907499499999997
Ref-01B-B-0p10mps,4.225,0.18024999999999997,0.1,0.0,0.0,0.0,0.0,0.0,19.907499499999997,-19.907499499999997,0.0,19.907499499999997,19.907499499999997
Ref-01B-B-0p10mps,4.226,0.18035,0.1,0.0,0.0,0.0,0.0,0.0,19.907499499999997,-19.907499499999997,0.0,19.907499499999997,19.907499499999997
Ref-01B-B-0p10mps,4.227,0.18045000000000005,0.1,0.0,0.0,0.0,0.0,0.0,19.907499499999997,-19.907499499999997,0.0,19.907499499999997,19.907499499999997
Ref-01B-B-0p10mps,4.228,0.18055,0.1,0.0,0.0,0.0,0.0,0.0,19.907499499999997,-19.907499499999997,0.0,19.907499499999997,19.907499499999997
Ref-01B-B-0p10mps,4.229,0.18065000000000003,0.1,0.0,0.0,0.0,0.0,0.0,19.907499499999997,-19.907499499999997,0.0,19.907499499999997,19.907499499999997
Ref-01B-B-0p10mps,4.2299999999999995,0.18074999999999997,0.1,0.0,0.0,0.0,0.0,0.0,19.907499499999997,-19.907499499999997,0.0,19.907499499999997,19.907499499999997
Ref-01B-B-0p10mps,4.231,0.18085,0.1,0.0,0.0,0.0,0.0,0.0,19.907499499999997,-19.907499499999997,0.0,19.907499499999997,19.907499499999997
Ref-01B-B-0p10mps,4.232,0.18095000000000006,0.1,0.0,0.0,0.0,0.0,0.0,19.907499499999997,-19.907499499999997,0.0,19.907499499999997,19.907499499999997
Ref-01B-B-0p10mps,4.233,0.18105,0.1,0.0,0.0,0.0,0.0,0.0,19.907499499999997,-19.907499499999997,0.0,19.907499499999997,19.907499499999997
Ref-01B-B-0p10mps,4.234,0.18115000000000003,0.1,0.0,0.0,0.0,0.0,0.0,19.907499499999997,-19.907499499999997,0.0,19.907499499999997,19.907499499999997
Ref-01B-B-0p10mps,4.234999999999999,0.18124999999999997,0.1,0.0,0.0,0.0,0.0,0.0,19.907499499999997,-19.907499499999997,0.0,19.907499499999997,19.907499499999997
Ref-01B-B-0p10mps,4.236,0.18135,0.1,0.0,0.0,0.0,0.0,0.0,19.907499499999997,-19.907499499999997,0.0,19.907499499999997,19.907499499999997
Ref-01B-B-0p10mps,4.237,0.18145000000000006,0.1,0.0,0.0,0.0,0.0,0.0,19.907499499999997,-19.907499499999997,0.0,19.907499499999997,19.907499499999997
Ref-01B-B-0p10mps,4.2379999999999995,0.18155,0.1,0.0,0.0,0.0,0.0,0.0,19.907499499999997,-19.907499499999997,0.0,19.907499499999997,19.907499499999997
Ref-01B-B-0p10mps,4.239,0.18165000000000003,0.1,0.0,0.0,0.0,0.0,0.0,19.907499499999997,-19.907499499999997,0.0,19.907499499999997,19.907499499999997
Ref-01B-B-0p10mps,4.239999999999999,0.18174999999999997,0.1,0.0,0.0,0.0,0.0,0.0,19.907499499999997,-19.907499499999997,0.0,19.907499499999997,19.907499499999997
Ref-01B-B-0p10mps,4.241,0.18185,0.1,0.0,0.0,0.0,0.0,0.0,19.907499499999997,-19.907499499999997,0.0,19.907499499999997,19.907499499999997
Ref-01B-B-0p10mps,4.242000000000001,0.18195000000000006,0.1,0.0,0.0,0.0,0.0,0.0,19.907499499999997,-19.907499499999997,0.0,19.907499499999997,19.907499499999997
Ref-01B-B-0p10mps,4.242999999999999,0.18205,0.1,0.0,0.0,0.0,0.0,0.0,19.907499499999997,-19.907499499999997,0.0,19.907499499999997,19.907499499999997
Ref-01B-B-0p10mps,4.244000000000001,0.18215000000000003,0.1,0.0,0.0,0.0,0.0,0.0,19.907499499999997,-19.907499499999997,0.0,19.907499499999997,19.907499499999997
Ref-01B-B-0p10mps,4.244999999999999,0.18224999999999997,0.1,0.0,0.0,0.0,0.0,0.0,19.907499499999997,-19.907499499999997,0.0,19.907499499999997,19.907499499999997
Ref-01B-B-0p10mps,4.246,0.18235,0.1,0.0,0.0,0.0,0.0,0.0,19.907499499999997,-19.907499499999997,0.0,19.907499499999997,19.907499499999997
Ref-01B-B-0p10mps,4.247000000000001,0.18245000000000006,0.1,0.0,0.0,0.0,0.0,0.0,19.907499499999997,-19.907499499999997,0.0,19.907499499999997,19.907499499999997
Ref-01B-B-0p10mps,4.248,0.18255,0.1,0.0,0.0,0.0,0.0,0.0,19.907499499999997,-19.907499499999997,0.0,19.907499499999997,19.907499499999997
Ref-01B-B-0p10mps,4.2490000000000006,0.18265000000000003,0.1,0.0,0.0,0.0,0.0,0.0,19.907499499999997,-19.907499499999997,0.0,19.907499499999997,19.907499499999997
Ref-01B-B-0p10mps,4.25,0.18274999999999997,0.1,0.0,0.0,0.0,0.0,0.0,19.907499499999997,-19.907499499999997,0.0,19.907499499999997,19.907499499999997
Ref-01B-B-0p10mps,4.251,0.18285,0.1,0.0,0.0,0.0,0.0,0.0,19.907499499999997,-19.907499499999997,0.0,19.907499499999997,19.907499499999997
Ref-01B-B-0p10mps,4.252000000000001,0.18295000000000006,0.1,0.0,0.0,0.0,0.0,0.0,19.907499499999997,-19.907499499999997,0.0,19.907499499999997,19.907499499999997
Ref-01B-B-0p10mps,4.253,0.18305,0.1,0.0,0.0,0.0,0.0,0.0,19.907499499999997,-19.907499499999997,0.0,19.907499499999997,19.907499499999997
Ref-01B-B-0p10mps,4.2540000000000004,0.18315000000000003,0.1,0.0,0.0,0.0,0.0,0.0,19.907499499999997,-19.907499499999997,0.0,19.907499499999997,19.907499499999997
Ref-01B-B-0p10mps,4.255,0.18324999999999997,0.1,0.0,0.0,0.0,0.0,0.0,19.907499499999997,-19.907499499999997,0.0,19.907499499999997,19.907499499999997
Ref-01B-B-0p10mps,4.256,0.18335,0.1,0.0,0.0,0.0,0.0,0.0,19.907499499999997,-19.907499499999997,0.0,19.907499499999997,19.907499499999997
Ref-01B-B-0p10mps,4.257000000000001,0.18345000000000006,0.1,0.0,0.0,0.0,0.0,0.0,19.907499499999997,-19.907499499999997,0.0,19.907499499999997,19.907499499999997
Ref-01B-B-0p10mps,4.258,0.18355,0.1,0.0,0.0,0.0,0.0,0.0,19.907499499999997,-19.907499499999997,0.0,19.907499499999997,19.907499499999997
Ref-01B-B-0p10mps,4.259,0.18365000000000004,0.1,0.0,0.0,0.0,0.0,0.0,19.907499499999997,-19.907499499999997,0.0,19.907499499999997,19.907499499999997
Ref-01B-B-0p10mps,4.26,0.18374999999999997,0.1,0.0,0.0,0.0,0.0,0.0,19.907499499999997,-19.907499499999997,0.0,19.907499499999997,19.907499499999997
Ref-01B-B-0p10mps,4.261,0.18385,0.1,0.0,0.0,0.0,0.0,0.0,19.907499499999997,-19.907499499999997,0.0,19.907499499999997,19.907499499999997
Ref-01B-B-0p10mps,4.2620000000000005,0.18395000000000006,0.1,0.0,0.0,0.0,0.0,0.0,19.907499499999997,-19.907499499999997,0.0,19.907499499999997,19.907499499999997
Ref-01B-B-0p10mps,4.263,0.18405,0.1,0.0,0.0,0.0,0.0,0.0,19.907499499999997,-19.907499499999997,0.0,19.907499499999997,19.907499499999997
Ref-01B-B-0p10mps,4.264,0.18415000000000004,0.1,0.0,0.0,0.0,0.0,0.0,19.907499499999997,-19.907499499999997,0.0,19.907499499999997,19.907499499999997
Ref-01B-B-0p10mps,4.265,0.18424999999999997,0.1,0.0,0.0,0.0,0.0,0.0,19.907499499999997,-19.907499499999997,0.0,19.907499499999997,19.907499499999997
Ref-01B-B-0p10mps,4.266,0.18435,0.1,0.0,0.0,0.0,0.0,0.0,19.907499499999997,-19.907499499999997,0.0,19.907499499999997,19.907499499999997
Ref-01B-B-0p10mps,4.267,0.18445000000000006,0.1,0.0,0.0,0.0,0.0,0.0,19.907499499999997,-19.907499499999997,0.0,19.907499499999997,19.907499499999997
Ref-01B-B-0p10mps,4.268,0.18455,0.1,0.0,0.0,0.0,0.0,0.0,19.907499499999997,-19.907499499999997,0.0,19.907499499999997,19.907499499999997
Ref-01B-B-0p10mps,4.269,0.18465000000000004,0.1,0.0,0.0,0.0,0.0,0.0,19.907499499999997,-19.907499499999997,0.0,19.907499499999997,19.907499499999997
Ref-01B-B-0p10mps,4.27,0.18474999999999997,0.1,0.0,0.0,0.0,0.0,0.0,19.907499499999997,-19.907499499999997,0.0,19.907499499999997,19.907499499999997
Ref-01B-B-0p10mps,4.271,0.18485000000000001,0.1,0.0,0.0,0.0,0.0,0.0,19.907499499999997,-19.907499499999997,0.0,19.907499499999997,19.907499499999997
Ref-01B-B-0p10mps,4.272,0.18495000000000006,0.1,0.0,0.0,0.0,0.0,0.0,19.907499499999997,-19.907499499999997,0.0,19.907499499999997,19.907499499999997
Ref-01B-B-0p10mps,4.273,0.18505,0.1,0.0,0.0,0.0,0.0,0.0,19.907499499999997,-19.907499499999997,0.0,19.907499499999997,19.907499499999997
Ref-01B-B-0p10mps,4.274,0.18515000000000004,0.1,0.0,0.0,0.0,0.0,0.0,19.907499499999997,-19.907499499999997,0.0,19.907499499999997,19.907499499999997
Ref-01B-B-0p10mps,4.2749999999999995,0.18524999999999997,0.1,0.0,0.0,0.0,0.0,0.0,19.907499499999997,-19.907499499999997,0.0,19.907499499999997,19.907499499999997
Ref-01B-B-0p10mps,4.276,0.18535000000000001,0.1,0.0,0.0,0.0,0.0,0.0,19.907499499999997,-19.907499499999997,0.0,19.907499499999997,19.907499499999997
Ref-01B-B-0p10mps,4.277,0.18545000000000006,0.1,0.0,0.0,0.0,0.0,0.0,19.907499499999997,-19.907499499999997,0.0,19.907499499999997,19.907499499999997
Ref-01B-B-0p10mps,4.278,0.18555,0.1,0.0,0.0,0.0,0.0,0.0,19.907499499999997,-19.907499499999997,0.0,19.907499499999997,19.907499499999997
Ref-01B-B-0p10mps,4.279,0.18565000000000004,0.1,0.0,0.0,0.0,0.0,0.0,19.907499499999997,-19.907499499999997,0.0,19.907499499999997,19.907499499999997
Ref-01B-B-0p10mps,4.279999999999999,0.18574999999999997,0.1,0.0,0.0,0.0,0.0,0.0,19.907499499999997,-19.907499499999997,0.0,19.907499499999997,19.907499499999997
Ref-01B-B-0p10mps,4.281,0.18585000000000002,0.1,0.0,0.0,0.0,0.0,0.0,19.907499499999997,-19.907499499999997,0.0,19.907499499999997,19.907499499999997
Ref-01B-B-0p10mps,4.282000000000001,0.18595000000000006,0.1,0.0,0.0,0.0,0.0,0.0,19.907499499999997,-19.907499499999997,0.0,19.907499499999997,19.907499499999997
Ref-01B-B-0p10mps,4.2829999999999995,0.18605,0.1,0.0,0.0,0.0,0.0,0.0,19.907499499999997,-19.907499499999997,0.0,19.907499499999997,19.907499499999997
Ref-01B-B-0p10mps,4.284000000000001,0.18615000000000004,0.1,0.0,0.0,0.0,0.0,0.0,19.907499499999997,-19.907499499999997,0.0,19.907499499999997,19.907499499999997
Ref-01B-B-0p10mps,4.284999999999999,0.18624999999999997,0.1,0.0,0.0,0.0,0.0,0.0,19.907499499999997,-19.907499499999997,0.0,19.907499499999997,19.907499499999997
Ref-01B-B-0p10mps,4.2860000000000005,0.18635000000000002,0.1,0.0,0.0,0.0,0.0,0.0,19.907499499999997,-19.907499499999997,0.0,19.907499499999997,19.907499499999997
Ref-01B-B-0p10mps,4.287000000000001,0.18645000000000006,0.1,0.0,0.0,0.0,0.0,0.0,19.907499499999997,-19.907499499999997,0.0,19.907499499999997,19.907499499999997
Ref-01B-B-0p10mps,4.288,0.18655,0.1,0.0,0.0,0.0,0.0,0.0,19.907499499999997,-19.907499499999997,0.0,19.907499499999997,19.907499499999997
Ref-01B-B-0p10mps,4.289000000000001,0.18665000000000004,0.1,0.0,0.0,0.0,0.0,0.0,19.907499499999997,-19.907499499999997,0.0,19.907499499999997,19.907499499999997
Ref-01B-B-0p10mps,4.29,0.18674999999999997,0.1,0.0,0.0,0.0,0.0,0.0,19.907499499999997,-19.907499499999997,0.0,19.907499499999997,19.907499499999997
Ref-01B-B-0p10mps,4.291,0.18685000000000002,0.1,0.0,0.0,0.0,0.0,0.0,19.907499499999997,-19.907499499999997,0.0,19.907499499999997,19.907499499999997
Ref-01B-B-0p10mps,4.292000000000001,0.18695000000000006,0.1,0.0,0.0,0.0,0.0,0.0,19.907499499999997,-19.907499499999997,0.0,19.907499499999997,19.907499499999997
Ref-01B-B-0p10mps,4.293,0.18705,0.1,0.0,0.0,0.0,0.0,0.0,19.907499499999997,-19.907499499999997,0.0,19.907499499999997,19.907499499999997
Ref-01B-B-0p10mps,4.2940000000000005,0.18715000000000004,0.1,0.0,0.0,0.0,0.0,0.0,19.907499499999997,-19.907499499999997,0.0,19.907499499999997,19.907499499999997
Ref-01B-B-0p10mps,4.295,0.18724999999999997,0.1,0.0,0.0,0.0,0.0,0.0,19.907499499999997,-19.907499499999997,0.0,19.907499499999997,19.907499499999997
Ref-01B-B-0p10mps,4.296,0.18735000000000002,0.1,0.0,0.0,0.0,0.0,0.0,19.907499499999997,-19.907499499999997,0.0,19.907499499999997,19.907499499999997
Ref-01B-B-0p10mps,4.297000000000001,0.18745000000000006,0.1,0.0,0.0,0.0,0.0,0.0,19.907499499999997,-19.907499499999997,0.0,19.907499499999997,19.907499499999997
Ref-01B-B-0p10mps,4.298,0.18755,0.1,0.0,0.0,0.0,0.0,0.0,19.907499499999997,-19.907499499999997,0.0,19.907499499999997,19.907499499999997
Ref-01B-B-0p10mps,4.299,0.18765000000000004,0.1,0.0,0.0,0.0,0.0,0.0,19.907499499999997,-19.907499499999997,0.0,19.907499499999997,19.907499499999997
Ref-01B-B-0p10mps,4.3,0.18774999999999997,0.1,0.0,0.0,0.0,0.0,0.0,19.907499499999997,-19.907499499999997,0.0,19.907499499999997,19.907499499999997
Ref-01B-B-0p10mps,4.301,0.18785000000000002,0.1,0.0,0.0,0.0,0.0,0.0,19.907499499999997,-19.907499499999997,0.0,19.907499499999997,19.907499499999997
Ref-01B-B-0p10mps,4.302,0.18795,0.1,0.0,0.0,0.0,0.0,0.0,19.907499499999997,-19.907499499999997,0.0,19.907499499999997,19.907499499999997
Ref-01B-B-0p10mps,4.303,0.18805,0.1,0.0,0.0,0.0,0.0,0.0,19.907499499999997,-19.907499499999997,0.0,19.907499499999997,19.907499499999997
Ref-01B-B-0p10mps,4.304,0.18815000000000004,0.1,0.0,0.0,0.0,0.0,0.0,19.907499499999997,-19.907499499999997,0.0,19.907499499999997,19.907499499999997
Ref-01B-B-0p10mps,4.305,0.18824999999999997,0.1,0.0,0.0,0.0,0.0,0.0,19.907499499999997,-19.907499499999997,0.0,19.907499499999997,19.907499499999997
Ref-01B-B-0p10mps,4.306,0.18835000000000002,0.1,0.0,0.0,0.0,0.0,0.0,19.907499499999997,-19.907499499999997,0.0,19.907499499999997,19.907499499999997
Ref-01B-B-0p10mps,4.307,0.18845,0.1,0.0,0.0,0.0,0.0,0.0,19.907499499999997,-19.907499499999997,0.0,19.907499499999997,19.907499499999997
Ref-01B-B-0p10mps,4.308,0.18855,0.1,0.0,0.0,0.0,0.0,0.0,19.907499499999997,-19.907499499999997,0.0,19.907499499999997,19.907499499999997
Ref-01B-B-0p10mps,4.309,0.18865000000000004,0.1,0.0,0.0,0.0,0.0,0.0,19.907499499999997,-19.907499499999997,0.0,19.907499499999997,19.907499499999997
Ref-01B-B-0p10mps,4.31,0.18874999999999997,0.1,0.0,0.0,0.0,0.0,0.0,19.907499499999997,-19.907499499999997,0.0,19.907499499999997,19.907499499999997
Ref-01B-B-0p10mps,4.311,0.18885000000000002,0.1,0.0,0.0,0.0,0.0,0.0,19.907499499999997,-19.907499499999997,0.0,19.907499499999997,19.907499499999997
Ref-01B-B-0p10mps,4.312,0.18895,0.1,0.0,0.0,0.0,0.0,0.0,19.907499499999997,-19.907499499999997,0.0,19.907499499999997,19.907499499999997
Ref-01B-B-0p10mps,4.313,0.18905,0.1,0.0,0.0,0.0,0.0,0.0,19.907499499999997,-19.907499499999997,0.0,19.907499499999997,19.907499499999997
Ref-01B-B-0p10mps,4.314,0.18915000000000004,0.1,0.0,0.0,0.0,0.0,0.0,19.907499499999997,-19.907499499999997,0.0,19.907499499999997,19.907499499999997
Ref-01B-B-0p10mps,4.3149999999999995,0.18924999999999997,0.1,0.0,0.0,0.0,0.0,0.0,19.907499499999997,-19.907499499999997,0.0,19.907499499999997,19.907499499999997
Ref-01B-B-0p10mps,4.316,0.18935000000000002,0.1,0.0,0.0,0.0,0.0,0.0,19.907499499999997,-19.907499499999997,0.0,19.907499499999997,19.907499499999997
Ref-01B-B-0p10mps,4.317,0.18945,0.1,0.0,0.0,0.0,0.0,0.0,19.907499499999997,-19.907499499999997,0.0,19.907499499999997,19.907499499999997
Ref-01B-B-0p10mps,4.318,0.18955,0.1,0.0,0.0,0.0,0.0,0.0,19.907499499999997,-19.907499499999997,0.0,19.907499499999997,19.907499499999997
Ref-01B-B-0p10mps,4.319,0.18965000000000004,0.1,0.0,0.0,0.0,0.0,0.0,19.907499499999997,-19.907499499999997,0.0,19.907499499999997,19.907499499999997
Ref-01B-B-0p10mps,4.319999999999999,0.18974999999999997,0.1,0.0,0.0,0.0,0.0,0.0,19.907499499999997,-19.907499499999997,0.0,19.907499499999997,19.907499499999997
Ref-01B-B-0p10mps,4.321,0.18985000000000002,0.1,0.0,0.0,0.0,0.0,0.0,19.907499499999997,-19.907499499999997,0.0,19.907499499999997,19.907499499999997
Ref-01B-B-0p10mps,4.322,0.18995,0.1,0.0,0.0,0.0,0.0,0.0,19.907499499999997,-19.907499499999997,0.0,19.907499499999997,19.907499499999997
Ref-01B-B-0p10mps,4.3229999999999995,0.19005,0.1,0.0,0.0,0.0,0.0,0.0,19.907499499999997,-19.907499499999997,0.0,19.907499499999997,19.907499499999997
Ref-01B-B-0p10mps,4.324000000000001,0.19015000000000004,0.1,0.0,0.0,0.0,0.0,0.0,19.907499499999997,-19.907499499999997,0.0,19.907499499999997,19.907499499999997
Ref-01B-B-0p10mps,4.324999999999999,0.19024999999999997,0.1,0.0,0.0,0.0,0.0,0.0,19.907499499999997,-19.907499499999997,0.0,19.907499499999997,19.907499499999997
Ref-01B-B-0p10mps,4.3260000000000005,0.19035000000000002,0.1,0.0,0.0,0.0,0.0,0.0,19.907499499999997,-19.907499499999997,0.0,19.907499499999997,19.907499499999997
Ref-01B-B-0p10mps,4.327,0.19045,0.1,0.0,0.0,0.0,0.0,0.0,19.907499499999997,-19.907499499999997,0.0,19.907499499999997,19.907499499999997
Ref-01B-B-0p10mps,4.328,0.19055,0.1,0.0,0.0,0.0,0.0,0.0,19.907499499999997,-19.907499499999997,0.0,19.907499499999997,19.907499499999997
Ref-01B-B-0p10mps,4.329000000000001,0.19065000000000004,0.1,0.0,0.0,0.0,0.0,0.0,19.907499499999997,-19.907499499999997,0.0,19.907499499999997,19.907499499999997
Ref-01B-B-0p10mps,4.33,0.19074999999999998,0.1,0.0,0.0,0.0,0.0,0.0,19.907499499999997,-19.907499499999997,0.0,19.907499499999997,19.907499499999997
Ref-01B-B-0p10mps,4.331,0.19085000000000002,0.1,0.0,0.0,0.0,0.0,0.0,19.907499499999997,-19.907499499999997,0.0,19.907499499999997,19.907499499999997
Ref-01B-B-0p10mps,4.332,0.19095,0.1,0.0,0.0,0.0,0.0,0.0,19.907499499999997,-19.907499499999997,0.0,19.907499499999997,19.907499499999997
Ref-01B-B-0p10mps,4.333,0.19105,0.1,0.0,0.0,0.0,0.0,0.0,19.907499499999997,-19.907499499999997,0.0,19.907499499999997,19.907499499999997
Ref-01B-B-0p10mps,4.3340000000000005,0.19115000000000004,0.1,0.0,0.0,0.0,0.0,0.0,19.907499499999997,-19.907499499999997,0.0,19.907499499999997,19.907499499999997
Ref-01B-B-0p10mps,4.335,0.19124999999999998,0.1,0.0,0.0,0.0,0.0,0.0,19.907499499999997,-19.907499499999997,0.0,19.907499499999997,19.907499499999997
Ref-01B-B-0p10mps,4.336,0.19135000000000002,0.1,0.0,0.0,0.0,0.0,0.0,19.907499499999997,-19.907499499999997,0.0,19.907499499999997,19.907499499999997
Ref-01B-B-0p10mps,4.337,0.19145,0.1,0.0,0.0,0.0,0.0,0.0,19.907499499999997,-19.907499499999997,0.0,19.907499499999997,19.907499499999997
Ref-01B-B-0p10mps,4.338,0.19155,0.1,0.0,0.0,0.0,0.0,0.0,19.907499499999997,-19.907499499999997,0.0,19.907499499999997,19.907499499999997
Ref-01B-B-0p10mps,4.339,0.19165000000000004,0.1,0.0,0.0,0.0,0.0,0.0,19.907499499999997,-19.907499499999997,0.0,19.907499499999997,19.907499499999997
Ref-01B-B-0p10mps,4.34,0.19174999999999998,0.1,0.0,0.0,0.0,0.0,0.0,19.907499499999997,-19.907499499999997,0.0,19.907499499999997,19.907499499999997
Ref-01B-B-0p10mps,4.341,0.19185000000000002,0.1,0.0,0.0,0.0,0.0,0.0,19.907499499999997,-19.907499499999997,0.0,19.907499499999997,19.907499499999997
Ref-01B-B-0p10mps,4.342,0.19195,0.1,0.0,0.0,0.0,0.0,0.0,19.907499499999997,-19.907499499999997,0.0,19.907499499999997,19.907499499999997
Ref-01B-B-0p10mps,4.343,0.19205,0.1,0.0,0.0,0.0,0.0,0.0,19.907499499999997,-19.907499499999997,0.0,19.907499499999997,19.907499499999997
Ref-01B-B-0p10mps,4.344,0.19215000000000004,0.1,0.0,0.0,0.0,0.0,0.0,19.907499499999997,-19.907499499999997,0.0,19.907499499999997,19.907499499999997
Ref-01B-B-0p10mps,4.345,0.19224999999999998,0.1,0.0,0.0,0.0,0.0,0.0,19.907499499999997,-19.907499499999997,0.0,19.907499499999997,19.907499499999997
Ref-01B-B-0p10mps,4.346,0.19235000000000002,0.1,0.0,0.0,0.0,0.0,0.0,19.907499499999997,-19.907499499999997,0.0,19.907499499999997,19.907499499999997
Ref-01B-B-0p10mps,4.347,0.19245,0.1,0.0,0.0,0.0,0.0,0.0,19.907499499999997,-19.907499499999997,0.0,19.907499499999997,19.907499499999997
Ref-01B-B-0p10mps,4.348,0.19255,0.1,0.0,0.0,0.0,0.0,0.0,19.907499499999997,-19.907499499999997,0.0,19.907499499999997,19.907499499999997
Ref-01B-B-0p10mps,4.349,0.19265000000000004,0.1,0.0,0.0,0.0,0.0,0.0,19.907499499999997,-19.907499499999997,0.0,19.907499499999997,19.907499499999997
Ref-01B-B-0p10mps,4.35,0.19274999999999998,0.1,0.0,0.0,0.0,0.0,0.0,19.907499499999997,-19.907499499999997,0.0,19.907499499999997,19.907499499999997
Ref-01B-B-0p10mps,4.351,0.19285000000000002,0.1,0.0,0.0,0.0,0.0,0.0,19.907499499999997,-19.907499499999997,0.0,19.907499499999997,19.907499499999997
Ref-01B-B-0p10mps,4.352,0.19295,0.1,0.0,0.0,0.0,0.0,0.0,19.907499499999997,-19.907499499999997,0.0,19.907499499999997,19.907499499999997
Ref-01B-B-0p10mps,4.353,0.19305,0.1,0.0,0.0,0.0,0.0,0.0,19.907499499999997,-19.907499499999997,0.0,19.907499499999997,19.907499499999997
Ref-01B-B-0p10mps,4.354,0.19315000000000004,0.1,0.0,0.0,0.0,0.0,0.0,19.907499499999997,-19.907499499999997,0.0,19.907499499999997,19.907499499999997
Ref-01B-B-0p10mps,4.3549999999999995,0.19324999999999998,0.1,0.0,0.0,0.0,0.0,0.0,19.907499499999997,-19.907499499999997,0.0,19.907499499999997,19.907499499999997
Ref-01B-B-0p10mps,4.356,0.19335000000000002,0.1,0.0,0.0,0.0,0.0,0.0,19.907499499999997,-19.907499499999997,0.0,19.907499499999997,19.907499499999997
Ref-01B-B-0p10mps,4.357,0.19345,0.1,0.0,0.0,0.0,0.0,0.0,19.907499499999997,-19.907499499999997,0.0,19.907499499999997,19.907499499999997
Ref-01B-B-0p10mps,4.358,0.19355,0.1,0.0,0.0,0.0,0.0,0.0,19.907499499999997,-19.907499499999997,0.0,19.907499499999997,19.907499499999997
Ref-01B-B-0p10mps,4.359,0.19365000000000004,0.1,0.0,0.0,0.0,0.0,0.0,19.907499499999997,-19.907499499999997,0.0,19.907499499999997,19.907499499999997
Ref-01B-B-0p10mps,4.359999999999999,0.19374999999999998,0.1,0.0,0.0,0.0,0.0,0.0,19.907499499999997,-19.907499499999997,0.0,19.907499499999997,19.907499499999997
Ref-01B-B-0p10mps,4.361,0.19385000000000002,0.1,0.0,0.0,0.0,0.0,0.0,19.907499499999997,-19.907499499999997,0.0,19.907499499999997,19.907499499999997
Ref-01B-B-0p10mps,4.362,0.19395,0.1,0.0,0.0,0.0,0.0,0.0,19.907499499999997,-19.907499499999997,0.0,19.907499499999997,19.907499499999997
Ref-01B-B-0p10mps,4.3629999999999995,0.19405,0.1,0.0,0.0,0.0,0.0,0.0,19.907499499999997,-19.907499499999997,0.0,19.907499499999997,19.907499499999997
Ref-01B-B-0p10mps,4.364000000000001,0.19415000000000004,0.1,0.0,0.0,0.0,0.0,0.0,19.907499499999997,-19.907499499999997,0.0,19.907499499999997,19.907499499999997
Ref-01B-B-0p10mps,4.364999999999999,0.19424999999999998,0.1,0.0,0.0,0.0,0.0,0.0,19.907499499999997,-19.907499499999997,0.0,19.907499499999997,19.907499499999997
Ref-01B-B-0p10mps,4.3660000000000005,0.19435000000000002,0.1,0.0,0.0,0.0,0.0,0.0,19.907499499999997,-19.907499499999997,0.0,19.907499499999997,19.907499499999997
Ref-01B-B-0p10mps,4.367,0.19445,0.1,0.0,0.0,0.0,0.0,0.0,19.907499499999997,-19.907499499999997,0.0,19.907499499999997,19.907499499999997
Ref-01B-B-0p10mps,4.368,0.19455,0.1,0.0,0.0,0.0,0.0,0.0,19.907499499999997,-19.907499499999997,0.0,19.907499499999997,19.907499499999997
Ref-01B-B-0p10mps,4.369000000000001,0.19465000000000005,0.1,0.0,0.0,0.0,0.0,0.0,19.907499499999997,-19.907499499999997,0.0,19.907499499999997,19.907499499999997
Ref-01B-B-0p10mps,4.37,0.19474999999999998,0.1,0.0,0.0,0.0,0.0,0.0,19.907499499999997,-19.907499499999997,0.0,19.907499499999997,19.907499499999997
Ref-01B-B-0p10mps,4.371,0.19485000000000002,0.1,0.0,0.0,0.0,0.0,0.0,19.907499499999997,-19.907499499999997,0.0,19.907499499999997,19.907499499999997
Ref-01B-B-0p10mps,4.372,0.19495,0.1,0.0,0.0,0.0,0.0,0.0,19.907499499999997,-19.907499499999997,0.0,19.907499499999997,19.907499499999997
Ref-01B-B-0p10mps,4.373,0.19505,0.1,0.0,0.0,0.0,0.0,0.0,19.907499499999997,-19.907499499999997,0.0,19.907499499999997,19.907499499999997
Ref-01B-B-0p10mps,4.3740000000000006,0.19515000000000005,0.1,0.0,0.0,0.0,0.0,0.0,19.907499499999997,-19.907499499999997,0.0,19.907499499999997,19.907499499999997
Ref-01B-B-0p10mps,4.375,0.19524999999999998,0.1,0.0,0.0,0.0,0.0,0.0,19.907499499999997,-19.907499499999997,0.0,19.907499499999997,19.907499499999997
Ref-01B-B-0p10mps,4.376,0.19535000000000002,0.1,0.0,0.0,0.0,0.0,0.0,19.907499499999997,-19.907499499999997,0.0,19.907499499999997,19.907499499999997
Ref-01B-B-0p10mps,4.377,0.19545,0.1,0.0,0.0,0.0,0.0,0.0,19.907499499999997,-19.907499499999997,0.0,19.907499499999997,19.907499499999997
Ref-01B-B-0p10mps,4.378,0.19555,0.1,0.0,0.0,0.0,0.0,0.0,19.907499499999997,-19.907499499999997,0.0,19.907499499999997,19.907499499999997
Ref-01B-B-0p10mps,4.3790000000000004,0.19565000000000005,0.1,0.0,0.0,0.0,0.0,0.0,19.907499499999997,-19.907499499999997,0.0,19.907499499999997,19.907499499999997
Ref-01B-B-0p10mps,4.38,0.19574999999999998,0.1,0.0,0.0,0.0,0.0,0.0,19.907499499999997,-19.907499499999997,0.0,19.907499499999997,19.907499499999997
Ref-01B-B-0p10mps,4.381,0.19585000000000002,0.1,0.0,0.0,0.0,0.0,0.0,19.907499499999997,-19.907499499999997,0.0,19.907499499999997,19.907499499999997
Ref-01B-B-0p10mps,4.382,0.19595,0.1,0.0,0.0,0.0,0.0,0.0,19.907499499999997,-19.907499499999997,0.0,19.907499499999997,19.907499499999997
Ref-01B-B-0p10mps,4.383,0.19605,0.1,0.0,0.0,0.0,0.0,0.0,19.907499499999997,-19.907499499999997,0.0,19.907499499999997,19.907499499999997
Ref-01B-B-0p10mps,4.384,0.19615000000000005,0.1,0.0,0.0,0.0,0.0,0.0,19.907499499999997,-19.907499499999997,0.0,19.907499499999997,19.907499499999997
Ref-01B-B-0p10mps,4.385,0.19624999999999998,0.1,0.0,0.0,0.0,0.0,0.0,19.907499499999997,-19.907499499999997,0.0,19.907499499999997,19.907499499999997
Ref-01B-B-0p10mps,4.386,0.19635000000000002,0.1,0.0,0.0,0.0,0.0,0.0,19.907499499999997,-19.907499499999997,0.0,19.907499499999997,19.907499499999997
Ref-01B-B-0p10mps,4.3870000000000005,0.19645,0.1,0.0,0.0,0.0,0.0,0.0,19.907499499999997,-19.907499499999997,0.0,19.907499499999997,19.907499499999997
Ref-01B-B-0p10mps,4.388,0.19655,0.1,0.0,0.0,0.0,0.0,0.0,19.907499499999997,-19.907499499999997,0.0,19.907499499999997,19.907499499999997
Ref-01B-B-0p10mps,4.389,0.19665000000000005,0.1,0.0,0.0,0.0,0.0,0.0,19.907499499999997,-19.907499499999997,0.0,19.907499499999997,19.907499499999997
Ref-01B-B-0p10mps,4.39,0.19674999999999998,0.1,0.0,0.0,0.0,0.0,0.0,19.907499499999997,-19.907499499999997,0.0,19.907499499999997,19.907499499999997
Ref-01B-B-0p10mps,4.391,0.19685000000000002,0.1,0.0,0.0,0.0,0.0,0.0,19.907499499999997,-19.907499499999997,0.0,19.907499499999997,19.907499499999997
Ref-01B-B-0p10mps,4.392,0.19695000000000001,0.1,0.0,0.0,0.0,0.0,0.0,19.907499499999997,-19.907499499999997,0.0,19.907499499999997,19.907499499999997
Ref-01B-B-0p10mps,4.393,0.19705,0.1,0.0,0.0,0.0,0.0,0.0,19.907499499999997,-19.907499499999997,0.0,19.907499499999997,19.907499499999997
Ref-01B-B-0p10mps,4.394,0.19715000000000005,0.1,0.0,0.0,0.0,0.0,0.0,19.907499499999997,-19.907499499999997,0.0,19.907499499999997,19.907499499999997
Ref-01B-B-0p10mps,4.395,0.19724999999999998,0.1,0.0,0.0,0.0,0.0,0.0,19.907499499999997,-19.907499499999997,0.0,19.907499499999997,19.907499499999997
Ref-01B-B-0p10mps,4.396,0.19735000000000003,0.1,0.0,0.0,0.0,0.0,0.0,19.907499499999997,-19.907499499999997,0.0,19.907499499999997,19.907499499999997
Ref-01B-B-0p10mps,4.397,0.19745000000000001,0.1,0.0,0.0,0.0,0.0,0.0,19.907499499999997,-19.907499499999997,0.0,19.907499499999997,19.907499499999997
Ref-01B-B-0p10mps,4.398,0.19755,0.1,0.0,0.0,0.0,0.0,0.0,19.907499499999997,-19.907499499999997,0.0,19.907499499999997,19.907499499999997
Ref-01B-B-0p10mps,4.399,0.19765000000000005,0.1,0.0,0.0,0.0,0.0,0.0,19.907499499999997,-19.907499499999997,0.0,19.907499499999997,19.907499499999997
Ref-01B-B-0p10mps,4.3999999999999995,0.19774999999999998,0.1,0.0,0.0,0.0,0.0,0.0,19.907499499999997,-19.907499499999997,0.0,19.907499499999997,19.907499499999997
Ref-01B-B-0p10mps,4.401,0.19785000000000003,0.1,0.0,0.0,0.0,0.0,0.0,19.907499499999997,-19.907499499999997,0.0,19.907499499999997,19.907499499999997
Ref-01B-B-0p10mps,4.402,0.19795000000000001,0.1,0.0,0.0,0.0,0.0,0.0,19.907499499999997,-19.907499499999997,0.0,19.907499499999997,19.907499499999997
Ref-01B-B-0p10mps,4.403,0.19805,0.1,0.0,0.0,0.0,0.0,0.0,19.907499499999997,-19.907499499999997,0.0,19.907499499999997,19.907499499999997
Ref-01B-B-0p10mps,4.404000000000001,0.19815000000000005,0.1,0.0,0.0,0.0,0.0,0.0,19.907499499999997,-19.907499499999997,0.0,19.907499499999997,19.907499499999997
Ref-01B-B-0p10mps,4.404999999999999,0.19824999999999998,0.1,0.0,0.0,0.0,0.0,0.0,19.907499499999997,-19.907499499999997,0.0,19.907499499999997,19.907499499999997
Ref-01B-B-0p10mps,4.406000000000001,0.19835000000000003,0.1,0.0,0.0,0.0,0.0,0.0,19.907499499999997,-19.907499499999997,0.0,19.907499499999997,19.907499499999997
Ref-01B-B-0p10mps,4.407,0.19845000000000002,0.1,0.0,0.0,0.0,0.0,0.0,19.907499499999997,-19.907499499999997,0.0,19.907499499999997,19.907499499999997
Ref-01B-B-0p10mps,4.408,0.19855,0.1,0.0,0.0,0.0,0.0,0.0,19.907499499999997,-19.907499499999997,0.0,19.907499499999997,19.907499499999997
Ref-01B-B-0p10mps,4.409000000000001,0.19865000000000005,0.1,0.0,0.0,0.0,0.0,0.0,19.907499499999997,-19.907499499999997,0.0,19.907499499999997,19.907499499999997
Ref-01B-B-0p10mps,4.41,0.19874999999999998,0.1,0.0,0.0,0.0,0.0,0.0,19.907499499999997,-19.907499499999997,0.0,19.907499499999997,19.907499499999997
Ref-01B-B-0p10mps,4.4110000000000005,0.19885000000000003,0.1,0.0,0.0,0.0,0.0,0.0,19.907499499999997,-19.907499499999997,0.0,19.907499499999997,19.907499499999997
Ref-01B-B-0p10mps,4.412,0.19895000000000002,0.1,0.0,0.0,0.0,0.0,0.0,19.907499499999997,-19.907499499999997,0.0,19.907499499999997,19.907499499999997
Ref-01B-B-0p10mps,4.413,0.19905,0.1,0.0,0.0,0.0,0.0,0.0,19.907499499999997,-19.907499499999997,0.0,19.907499499999997,19.907499499999997
Ref-01B-B-0p10mps,4.414000000000001,0.19915000000000005,0.1,0.0,0.0,0.0,0.0,0.0,19.907499499999997,-19.907499499999997,0.0,19.907499499999997,19.907499499999997
Ref-01B-B-0p10mps,4.415,0.19924999999999998,0.1,0.0,0.0,0.0,0.0,0.0,19.907499499999997,-19.907499499999997,0.0,19.907499499999997,19.907499499999997
Ref-01B-B-0p10mps,4.416,0.19935000000000003,0.1,0.0,0.0,0.0,0.0,0.0,19.907499499999997,-19.907499499999997,0.0,19.907499499999997,19.907499499999997
Ref-01B-B-0p10mps,4.417,0.19945000000000002,0.1,0.0,0.0,0.0,0.0,0.0,19.907499499999997,-19.907499499999997,0.0,19.907499499999997,19.907499499999997
Ref-01B-B-0p10mps,4.418,0.19955,0.1,0.0,0.0,0.0,0.0,0.0,19.907499499999997,-19.907499499999997,0.0,19.907499499999997,19.907499499999997
Ref-01B-B-0p10mps,4.4190000000000005,0.19965000000000005,0.1,0.0,0.0,0.0,0.0,0.0,19.907499499999997,-19.907499499999997,0.0,19.907499499999997,19.907499499999997
Ref-01B-B-0p10mps,4.42,0.19974999999999998,0.1,0.0,0.0,0.0,0.0,0.0,19.907499499999997,-19.907499499999997,0.0,19.907499499999997,19.907499499999997
Ref-01B-B-0p10mps,4.421,0.19985000000000003,0.1,0.0,0.0,0.0,0.0,0.0,19.907499499999997,-19.907499499999997,0.0,19.907499499999997,19.907499499999997
Ref-01B-B-0p10mps,4.422,0.19995000000000002,0.1,0.0,0.0,0.0,0.0,0.0,19.907499499999997,-19.907499499999997,0.0,19.907499499999997,19.907499499999997
Ref-01B-B-0p10mps,4.423,0.20005,0.1,0.0,0.0,0.0,0.0,0.0,19.907499499999997,-19.907499499999997,0.0,19.907499499999997,19.907499499999997
Ref-01B-B-0p10mps,4.424,0.20015000000000005,0.1,0.0,0.0,0.0,0.0,0.0,19.907499499999997,-19.907499499999997,0.0,19.907499499999997,19.907499499999997
Ref-01B-B-0p10mps,4.425,0.20024999999999998,0.1,0.0,0.0,0.0,0.0,0.0,19.907499499999997,-19.907499499999997,0.0,19.907499499999997,19.907499499999997
Ref-01B-B-0p10mps,4.426,0.20035000000000003,0.1,0.0,0.0,0.0,0.0,0.0,19.907499499999997,-19.907499499999997,0.0,19.907499499999997,19.907499499999997
Ref-01B-B-0p10mps,4.4270000000000005,0.20045000000000002,0.1,0.0,0.0,0.0,0.0,0.0,19.907499499999997,-19.907499499999997,0.0,19.907499499999997,19.907499499999997
Ref-01B-B-0p10mps,4.428,0.20055,0.1,0.0,0.0,0.0,0.0,0.0,19.907499499999997,-19.907499499999997,0.0,19.907499499999997,19.907499499999997
Ref-01B-B-0p10mps,4.429,0.20065,0.1,0.0,0.0,0.0,0.0,0.0,19.907499499999997,-19.907499499999997,0.0,19.907499499999997,19.907499499999997
Ref-01B-B-0p10mps,4.43,0.20074999999999998,0.1,0.0,0.0,0.0,0.0,0.0,19.907499499999997,-19.907499499999997,0.0,19.907499499999997,19.907499499999997
Ref-01B-B-0p10mps,4.431,0.20085000000000003,0.1,0.0,0.0,0.0,0.0,0.0,19.907499499999997,-19.907499499999997,0.0,19.907499499999997,19.907499499999997
Ref-01B-B-0p10mps,4.432,0.20095000000000002,0.1,0.0,0.0,0.0,0.0,0.0,19.907499499999997,-19.907499499999997,0.0,19.907499499999997,19.907499499999997
Ref-01B-B-0p10mps,4.433,0.20105,0.1,0.0,0.0,0.0,0.0,0.0,19.907499499999997,-19.907499499999997,0.0,19.907499499999997,19.907499499999997
Ref-01B-B-0p10mps,4.434,0.20115,0.1,0.0,0.0,0.0,0.0,0.0,19.907499499999997,-19.907499499999997,0.0,19.907499499999997,19.907499499999997
Ref-01B-B-0p10mps,4.435,0.20124999999999998,0.1,0.0,0.0,0.0,0.0,0.0,19.907499499999997,-19.907499499999997,0.0,19.907499499999997,19.907499499999997
Ref-01B-B-0p10mps,4.436,0.20135000000000003,0.1,0.0,0.0,0.0,0.0,0.0,19.907499499999997,-19.907499499999997,0.0,19.907499499999997,19.907499499999997
Ref-01B-B-0p10mps,4.437,0.20145000000000002,0.1,0.0,0.0,0.0,0.0,0.0,19.907499499999997,-19.907499499999997,0.0,19.907499499999997,19.907499499999997
Ref-01B-B-0p10mps,4.438,0.20155,0.1,0.0,0.0,0.0,0.0,0.0,19.907499499999997,-19.907499499999997,0.0,19.907499499999997,19.907499499999997
Ref-01B-B-0p10mps,4.439,0.20165,0.1,0.0,0.0,0.0,0.0,0.0,19.907499499999997,-19.907499499999997,0.0,19.907499499999997,19.907499499999997
Ref-01B-B-0p10mps,4.4399999999999995,0.20174999999999998,0.1,0.0,0.0,0.0,0.0,0.0,19.907499499999997,-19.907499499999997,0.0,19.907499499999997,19.907499499999997
Ref-01B-B-0p10mps,4.441,0.20185000000000003,0.1,0.0,0.0,0.0,0.0,0.0,19.907499499999997,-19.907499499999997,0.0,19.907499499999997,19.907499499999997
Ref-01B-B-0p10mps,4.442,0.20195000000000002,0.1,0.0,0.0,0.0,0.0,0.0,19.907499499999997,-19.907499499999997,0.0,19.907499499999997,19.907499499999997
Ref-01B-B-0p10mps,4.443,0.20205,0.1,0.0,0.0,0.0,0.0,0.0,19.907499499999997,-19.907499499999997,0.0,19.907499499999997,19.907499499999997
Ref-01B-B-0p10mps,4.444,0.20215,0.1,0.0,0.0,0.0,0.0,0.0,19.907499499999997,-19.907499499999997,0.0,19.907499499999997,19.907499499999997
Ref-01B-B-0p10mps,4.444999999999999,0.20224999999999999,0.1,0.0,0.0,0.0,0.0,0.0,19.907499499999997,-19.907499499999997,0.0,19.907499499999997,19.907499499999997
Ref-01B-B-0p10mps,4.446000000000001,0.20235000000000003,0.1,0.0,0.0,0.0,0.0,0.0,19.907499499999997,-19.907499499999997,0.0,19.907499499999997,19.907499499999997
Ref-01B-B-0p10mps,4.447,0.20245000000000002,0.1,0.0,0.0,0.0,0.0,0.0,19.907499499999997,-19.907499499999997,0.0,19.907499499999997,19.907499499999997
Ref-01B-B-0p10mps,4.448,0.20255,0.1,0.0,0.0,0.0,0.0,0.0,19.907499499999997,-19.907499499999997,0.0,19.907499499999997,19.907499499999997
Ref-01B-B-0p10mps,4.449,0.20265,0.1,0.0,0.0,0.0,0.0,0.0,19.907499499999997,-19.907499499999997,0.0,19.907499499999997,19.907499499999997
Ref-01B-B-0p10mps,4.45,0.20274999999999999,0.1,0.0,0.0,0.0,0.0,0.0,19.907499499999997,-19.907499499999997,0.0,19.907499499999997,19.907499499999997
Ref-01B-B-0p10mps,4.4510000000000005,0.20285000000000003,0.1,0.0,0.0,0.0,0.0,0.0,19.907499499999997,-19.907499499999997,0.0,19.907499499999997,19.907499499999997
Ref-01B-B-0p10mps,4.452,0.20295000000000002,0.1,0.0,0.0,0.0,0.0,0.0,19.907499499999997,-19.907499499999997,0.0,19.907499499999997,19.907499499999997
Ref-01B-B-0p10mps,4.453,0.20305,0.1,0.0,0.0,0.0,0.0,0.0,19.907499499999997,-19.907499499999997,0.0,19.907499499999997,19.907499499999997
Ref-01B-B-0p10mps,4.454,0.20315,0.1,0.0,0.0,0.0,0.0,0.0,19.907499499999997,-19.907499499999997,0.0,19.907499499999997,19.907499499999997
Ref-01B-B-0p10mps,4.455,0.20325,0.1,0.0,0.0,0.0,0.0,0.0,19.907499499999997,-19.907499499999997,0.0,19.907499499999997,19.907499499999997
Ref-01B-B-0p10mps,4.456,0.20335000000000003,0.1,0.0,0.0,0.0,0.0,0.0,19.907499499999997,-19.907499499999997,0.0,19.907499499999997,19.907499499999997
Ref-01B-B-0p10mps,4.457,0.20345000000000002,0.1,0.0,0.0,0.0,0.0,0.0,19.907499499999997,-19.907499499999997,0.0,19.907499499999997,19.907499499999997
Ref-01B-B-0p10mps,4.458,0.20355,0.1,0.0,0.0,0.0,0.0,0.0,19.907499499999997,-19.907499499999997,0.0,19.907499499999997,19.907499499999997
Ref-01B-B-0p10mps,4.459,0.20365,0.1,0.0,0.0,0.0,0.0,0.0,19.907499499999997,-19.907499499999997,0.0,19.907499499999997,19.907499499999997
Ref-01B-B-0p10mps,4.46,0.20375,0.1,0.0,0.0,0.0,0.0,0.0,19.907499499999997,-19.907499499999997,0.0,19.907499499999997,19.907499499999997
Ref-01B-B-0p10mps,4.461,0.20385000000000003,0.1,0.0,0.0,0.0,0.0,0.0,19.907499499999997,-19.907499499999997,0.0,19.907499499999997,19.907499499999997
Ref-01B-B-0p10mps,4.462,0.20395000000000002,0.1,0.0,0.0,0.0,0.0,0.0,19.907499499999997,-19.907499499999997,0.0,19.907499499999997,19.907499499999997
Ref-01B-B-0p10mps,4.463,0.20405,0.1,0.0,0.0,0.0,0.0,0.0,19.907499499999997,-19.907499499999997,0.0,19.907499499999997,19.907499499999997
Ref-01B-B-0p10mps,4.4639999999999995,0.20415,0.1,0.0,0.0,0.0,0.0,0.0,19.907499499999997,-19.907499499999997,0.0,19.907499499999997,19.907499499999997
Ref-01B-B-0p10mps,4.465,0.20425,0.1,0.0,0.0,0.0,0.0,0.0,19.907499499999997,-19.907499499999997,0.0,19.907499499999997,19.907499499999997
Ref-01B-B-0p10mps,4.466,0.20435000000000003,0.1,0.0,0.0,0.0,0.0,0.0,19.907499499999997,-19.907499499999997,0.0,19.907499499999997,19.907499499999997
Ref-01B-B-0p10mps,4.4670000000000005,0.20445000000000002,0.1,0.0,0.0,0.0,0.0,0.0,19.907499499999997,-19.907499499999997,0.0,19.907499499999997,19.907499499999997
Ref-01B-B-0p10mps,4.468,0.20455,0.1,0.0,0.0,0.0,0.0,0.0,19.907499499999997,-19.907499499999997,0.0,19.907499499999997,19.907499499999997
Ref-01B-B-0p10mps,4.469,0.20465,0.1,0.0,0.0,0.0,0.0,0.0,19.907499499999997,-19.907499499999997,0.0,19.907499499999997,19.907499499999997
Ref-01B-B-0p10mps,4.47,0.20475,0.1,0.0,0.0,0.0,0.0,0.0,19.907499499999997,-19.907499499999997,0.0,19.907499499999997,19.907499499999997
Ref-01B-B-0p10mps,4.471,0.20485000000000003,0.1,0.0,0.0,0.0,0.0,0.0,19.907499499999997,-19.907499499999997,0.0,19.907499499999997,19.907499499999997
Ref-01B-B-0p10mps,4.472,0.20495000000000002,0.1,0.0,0.0,0.0,0.0,0.0,19.907499499999997,-19.907499499999997,0.0,19.907499499999997,19.907499499999997
Ref-01B-B-0p10mps,4.473,0.20505,0.1,0.0,0.0,0.0,0.0,0.0,19.907499499999997,-19.907499499999997,0.0,19.907499499999997,19.907499499999997
Ref-01B-B-0p10mps,4.474,0.20515,0.1,0.0,0.0,0.0,0.0,0.0,19.907499499999997,-19.907499499999997,0.0,19.907499499999997,19.907499499999997
Ref-01B-B-0p10mps,4.475,0.20525,0.1,0.0,0.0,0.0,0.0,0.0,19.907499499999997,-19.907499499999997,0.0,19.907499499999997,19.907499499999997
Ref-01B-B-0p10mps,4.476,0.20535000000000003,0.1,0.0,0.0,0.0,0.0,0.0,19.907499499999997,-19.907499499999997,0.0,19.907499499999997,19.907499499999997
Ref-01B-B-0p10mps,4.477,0.20545000000000002,0.1,0.0,0.0,0.0,0.0,0.0,19.907499499999997,-19.907499499999997,0.0,19.907499499999997,19.907499499999997
Ref-01B-B-0p10mps,4.478,0.20555,0.1,0.0,0.0,0.0,0.0,0.0,19.907499499999997,-19.907499499999997,0.0,19.907499499999997,19.907499499999997
Ref-01B-B-0p10mps,4.479,0.20565,0.1,0.0,0.0,0.0,0.0,0.0,19.907499499999997,-19.907499499999997,0.0,19.907499499999997,19.907499499999997
Ref-01B-B-0p10mps,4.4799999999999995,0.20575,0.1,0.0,0.0,0.0,0.0,0.0,19.907499499999997,-19.907499499999997,0.0,19.907499499999997,19.907499499999997
Ref-01B-B-0p10mps,4.481,0.20585000000000003,0.1,0.0,0.0,0.0,0.0,0.0,19.907499499999997,-19.907499499999997,0.0,19.907499499999997,19.907499499999997
Ref-01B-B-0p10mps,4.482,0.20595000000000002,0.1,0.0,0.0,0.0,0.0,0.0,19.907499499999997,-19.907499499999997,0.0,19.907499499999997,19.907499499999997
Ref-01B-B-0p10mps,4.483,0.20605,0.1,0.0,0.0,0.0,0.0,0.0,19.907499499999997,-19.907499499999997,0.0,19.907499499999997,19.907499499999997
Ref-01B-B-0p10mps,4.484,0.20615,0.1,0.0,0.0,0.0,0.0,0.0,19.907499499999997,-19.907499499999997,0.0,19.907499499999997,19.907499499999997
Ref-01B-B-0p10mps,4.484999999999999,0.20625,0.1,0.0,0.0,0.0,0.0,0.0,19.907499499999997,-19.907499499999997,0.0,19.907499499999997,19.907499499999997
Ref-01B-B-0p10mps,4.486000000000001,0.20635000000000003,0.1,0.0,0.0,0.0,0.0,0.0,19.907499499999997,-19.907499499999997,0.0,19.907499499999997,19.907499499999997
Ref-01B-B-0p10mps,4.487,0.20645000000000002,0.1,0.0,0.0,0.0,0.0,0.0,19.907499499999997,-19.907499499999997,0.0,19.907499499999997,19.907499499999997
Ref-01B-B-0p10mps,4.488,0.20655,0.1,0.0,0.0,0.0,0.0,0.0,19.907499499999997,-19.907499499999997,0.0,19.907499499999997,19.907499499999997
Ref-01B-B-0p10mps,4.489,0.20665,0.1,0.0,0.0,0.0,0.0,0.0,19.907499499999997,-19.907499499999997,0.0,19.907499499999997,19.907499499999997
Ref-01B-B-0p10mps,4.49,0.20675,0.1,0.0,0.0,0.0,0.0,0.0,19.907499499999997,-19.907499499999997,0.0,19.907499499999997,19.907499499999997
Ref-01B-B-0p10mps,4.4910000000000005,0.20685000000000003,0.1,0.0,0.0,0.0,0.0,0.0,19.907499499999997,-19.907499499999997,0.0,19.907499499999997,19.907499499999997
Ref-01B-B-0p10mps,4.492,0.20695000000000002,0.1,0.0,0.0,0.0,0.0,0.0,19.907499499999997,-19.907499499999997,0.0,19.907499499999997,19.907499499999997
Ref-01B-B-0p10mps,4.493,0.20705,0.1,0.0,0.0,0.0,0.0,0.0,19.907499499999997,-19.907499499999997,0.0,19.907499499999997,19.907499499999997
Ref-01B-B-0p10mps,4.494,0.20715,0.1,0.0,0.0,0.0,0.0,0.0,19.907499499999997,-19.907499499999997,0.0,19.907499499999997,19.907499499999997
Ref-01B-B-0p10mps,4.495,0.20725,0.1,0.0,0.0,0.0,0.0,0.0,19.907499499999997,-19.907499499999997,0.0,19.907499499999997,19.907499499999997
Ref-01B-B-0p10mps,4.496,0.20735000000000003,0.1,0.0,0.0,0.0,0.0,0.0,19.907499499999997,-19.907499499999997,0.0,19.907499499999997,19.907499499999997
Ref-01B-B-0p10mps,4.497,0.20745000000000002,0.1,0.0,0.0,0.0,0.0,0.0,19.907499499999997,-19.907499499999997,0.0,19.907499499999997,19.907499499999997
Ref-01B-B-0p10mps,4.498,0.20755,0.1,0.0,0.0,0.0,0.0,0.0,19.907499499999997,-19.907499499999997,0.0,19.907499499999997,19.907499499999997
Ref-01B-B-0p10mps,4.499,0.20765,0.1,0.0,0.0,0.0,0.0,0.0,19.907499499999997,-19.907499499999997,0.0,19.907499499999997,19.907499499999997
Ref-01B-B-0p10mps,4.5,0.20775,0.1,0.0,0.0,0.0,0.0,0.0,19.907499499999997,-19.907499499999997,0.0,19.907499499999997,19.907499499999997
Ref-01B-B-0p10mps,4.501,0.20785000000000003,0.1,0.0,0.0,0.0,0.0,0.0,19.907499499999997,-19.907499499999997,0.0,19.907499499999997,19.907499499999997
Ref-01B-B-0p10mps,4.502,0.20795000000000002,0.1,0.0,0.0,0.0,0.0,0.0,19.907499499999997,-19.907499499999997,0.0,19.907499499999997,19.907499499999997
Ref-01B-B-0p10mps,4.503,0.20805,0.1,0.0,0.0,0.0,0.0,0.0,19.907499499999997,-19.907499499999997,0.0,19.907499499999997,19.907499499999997
Ref-01B-B-0p10mps,4.504,0.20815,0.1,0.0,0.0,0.0,0.0,0.0,19.907499499999997,-19.907499499999997,0.0,19.907499499999997,19.907499499999997
Ref-01B-B-0p10mps,4.505,0.20825,0.1,0.0,0.0,0.0,0.0,0.0,19.907499499999997,-19.907499499999997,0.0,19.907499499999997,19.907499499999997
Ref-01B-B-0p10mps,4.506,0.20835000000000004,0.1,0.0,0.0,0.0,0.0,0.0,19.907499499999997,-19.907499499999997,0.0,19.907499499999997,19.907499499999997
Ref-01B-B-0p10mps,4.507000000000001,0.20845000000000002,0.1,0.0,0.0,0.0,0.0,0.0,19.907499499999997,-19.907499499999997,0.0,19.907499499999997,19.907499499999997
Ref-01B-B-0p10mps,4.508,0.20855,0.1,0.0,0.0,0.0,0.0,0.0,19.907499499999997,-19.907499499999997,0.0,19.907499499999997,19.907499499999997
Ref-01B-B-0p10mps,4.509,0.20865,0.1,0.0,0.0,0.0,0.0,0.0,19.907499499999997,-19.907499499999997,0.0,19.907499499999997,19.907499499999997
Ref-01B-B-0p10mps,4.51,0.20875,0.1,0.0,0.0,0.0,0.0,0.0,19.907499499999997,-19.907499499999997,0.0,19.907499499999997,19.907499499999997
Ref-01B-B-0p10mps,4.511,0.20885000000000004,0.1,0.0,0.0,0.0,0.0,0.0,19.907499499999997,-19.907499499999997,0.0,19.907499499999997,19.907499499999997
Ref-01B-B-0p10mps,4.5120000000000005,0.20895000000000002,0.1,0.0,0.0,0.0,0.0,0.0,19.907499499999997,-19.907499499999997,0.0,19.907499499999997,19.907499499999997
Ref-01B-B-0p10mps,4.513,0.20905,0.1,0.0,0.0,0.0,0.0,0.0,19.907499499999997,-19.907499499999997,0.0,19.907499499999997,19.907499499999997
Ref-01B-B-0p10mps,4.514,0.20915,0.1,0.0,0.0,0.0,0.0,0.0,19.907499499999997,-19.907499499999997,0.0,19.907499499999997,19.907499499999997
Ref-01B-B-0p10mps,4.515,0.20925,0.1,0.0,0.0,0.0,0.0,0.0,19.907499499999997,-19.907499499999997,0.0,19.907499499999997,19.907499499999997
Ref-01B-B-0p10mps,4.516,0.20935000000000004,0.1,0.0,0.0,0.0,0.0,0.0,19.907499499999997,-19.907499499999997,0.0,19.907499499999997,19.907499499999997
Ref-01B-B-0p10mps,4.517,0.20945000000000003,0.1,0.0,0.0,0.0,0.0,0.0,19.907499499999997,-19.907499499999997,0.0,19.907499499999997,19.907499499999997
Ref-01B-B-0p10mps,4.518,0.20955000000000001,0.1,0.0,0.0,0.0,0.0,0.0,19.907499499999997,-19.907499499999997,0.0,19.907499499999997,19.907499499999997
Ref-01B-B-0p10mps,4.519,0.20965,0.1,0.0,0.0,0.0,0.0,0.0,19.907499499999997,-19.907499499999997,0.0,19.907499499999997,19.907499499999997
Ref-01B-B-0p10mps,4.52,0.20975,0.1,0.0,0.0,0.0,0.0,0.0,19.907499499999997,-19.907499499999997,0.0,19.907499499999997,19.907499499999997
Ref-01B-B-0p10mps,4.521,0.20985000000000004,0.1,0.0,0.0,0.0,0.0,0.0,19.907499499999997,-19.907499499999997,0.0,19.907499499999997,19.907499499999997
Ref-01B-B-0p10mps,4.522,0.20995000000000003,0.1,0.0,0.0,0.0,0.0,0.0,19.907499499999997,-19.907499499999997,0.0,19.907499499999997,19.907499499999997
Ref-01B-B-0p10mps,4.523,0.21005000000000001,0.1,0.0,0.0,0.0,0.0,0.0,19.907499499999997,-19.907499499999997,0.0,19.907499499999997,19.907499499999997
Ref-01B-B-0p10mps,4.524,0.21015,0.1,0.0,0.0,0.0,0.0,0.0,19.907499499999997,-19.907499499999997,0.0,19.907499499999997,19.907499499999997
Ref-01B-B-0p10mps,4.5249999999999995,0.21025,0.1,0.0,0.0,0.0,0.0,0.0,19.907499499999997,-19.907499499999997,0.0,19.907499499999997,19.907499499999997
Ref-01B-B-0p10mps,4.526000000000001,0.21035000000000004,0.1,0.0,0.0,0.0,0.0,0.0,19.907499499999997,-19.907499499999997,0.0,19.907499499999997,19.907499499999997
Ref-01B-B-0p10mps,4.527,0.21045000000000003,0.1,0.0,0.0,0.0,0.0,0.0,19.907499499999997,-19.907499499999997,0.0,19.907499499999997,19.907499499999997
Ref-01B-B-0p10mps,4.5280000000000005,0.21055000000000001,0.1,0.0,0.0,0.0,0.0,0.0,19.907499499999997,-19.907499499999997,0.0,19.907499499999997,19.907499499999997
Ref-01B-B-0p10mps,4.529,0.21065,0.1,0.0,0.0,0.0,0.0,0.0,19.907499499999997,-19.907499499999997,0.0,19.907499499999997,19.907499499999997
Ref-01B-B-0p10mps,4.53,0.21075,0.1,0.0,0.0,0.0,0.0,0.0,19.907499499999997,-19.907499499999997,0.0,19.907499499999997,19.907499499999997
Ref-01B-B-0p10mps,4.531000000000001,0.21085000000000004,0.1,0.0,0.0,0.0,0.0,0.0,19.907499499999997,-19.907499499999997,0.0,19.907499499999997,19.907499499999997
Ref-01B-B-0p10mps,4.532,0.21095000000000003,0.1,0.0,0.0,0.0,0.0,0.0,19.907499499999997,-19.907499499999997,0.0,19.907499499999997,19.907499499999997
Ref-01B-B-0p10mps,4.533,0.21105000000000002,0.1,0.0,0.0,0.0,0.0,0.0,19.907499499999997,-19.907499499999997,0.0,19.907499499999997,19.907499499999997
Ref-01B-B-0p10mps,4.534,0.21115,0.1,0.0,0.0,0.0,0.0,0.0,19.907499499999997,-19.907499499999997,0.0,19.907499499999997,19.907499499999997
Ref-01B-B-0p10mps,4.535,0.21125,0.1,0.0,0.0,0.0,0.0,0.0,19.907499499999997,-19.907499499999997,0.0,19.907499499999997,19.907499499999997
Ref-01B-B-0p10mps,4.5360000000000005,0.21135000000000004,0.1,0.0,0.0,0.0,0.0,0.0,19.907499499999997,-19.907499499999997,0.0,19.907499499999997,19.907499499999997
Ref-01B-B-0p10mps,4.537,0.21145000000000003,0.1,0.0,0.0,0.0,0.0,0.0,19.907499499999997,-19.907499499999997,0.0,19.907499499999997,19.907499499999997
Ref-01B-B-0p10mps,4.538,0.21155000000000002,0.1,0.0,0.0,0.0,0.0,0.0,19.907499499999997,-19.907499499999997,0.0,19.907499499999997,19.907499499999997
Ref-01B-B-0p10mps,4.539,0.21165,0.1,0.0,0.0,0.0,0.0,0.0,19.907499499999997,-19.907499499999997,0.0,19.907499499999997,19.907499499999997
Ref-01B-B-0p10mps,4.54,0.21175,0.1,0.0,0.0,0.0,0.0,0.0,19.907499499999997,-19.907499499999997,0.0,19.907499499999997,19.907499499999997
Ref-01B-B-0p10mps,4.541,0.21185000000000004,0.1,0.0,0.0,0.0,0.0,0.0,19.907499499999997,-19.907499499999997,0.0,19.907499499999997,19.907499499999997
Ref-01B-B-0p10mps,4.542,0.21195000000000003,0.1,0.0,0.0,0.0,0.0,0.0,19.907499499999997,-19.907499499999997,0.0,19.907499499999997,19.907499499999997
Ref-01B-B-0p10mps,4.543,0.21205000000000002,0.1,0.0,0.0,0.0,0.0,0.0,19.907499499999997,-19.907499499999997,0.0,19.907499499999997,19.907499499999997
Ref-01B-B-0p10mps,4.544,0.21215,0.1,0.0,0.0,0.0,0.0,0.0,19.907499499999997,-19.907499499999997,0.0,19.907499499999997,19.907499499999997
Ref-01B-B-0p10mps,4.545,0.21225,0.1,0.0,0.0,0.0,0.0,0.0,19.907499499999997,-19.907499499999997,0.0,19.907499499999997,19.907499499999997
Ref-01B-B-0p10mps,4.546,0.21235000000000004,0.1,0.0,0.0,0.0,0.0,0.0,19.907499499999997,-19.907499499999997,0.0,19.907499499999997,19.907499499999997
Ref-01B-B-0p10mps,4.547000000000001,0.21245000000000003,0.1,0.0,0.0,0.0,0.0,0.0,19.907499499999997,-19.907499499999997,0.0,19.907499499999997,19.907499499999997
Ref-01B-B-0p10mps,4.548,0.21255000000000002,0.1,0.0,0.0,0.0,0.0,0.0,19.907499499999997,-19.907499499999997,0.0,19.907499499999997,19.907499499999997
Ref-01B-B-0p10mps,4.549,0.21265,0.1,0.0,0.0,0.0,0.0,0.0,19.907499499999997,-19.907499499999997,0.0,19.907499499999997,19.907499499999997
Ref-01B-B-0p10mps,4.55,0.21275,0.1,0.0,0.0,0.0,0.0,0.0,19.907499499999997,-19.907499499999997,0.0,19.907499499999997,19.907499499999997
Ref-01B-B-0p10mps,4.551,0.21284999999999998,0.1,0.0,0.0,0.0,0.0,0.0,19.907499499999997,-19.907499499999997,0.0,19.907499499999997,19.907499499999997
Ref-01B-B-0p10mps,4.5520000000000005,0.21295000000000003,0.1,0.0,0.0,0.0,0.0,0.0,19.907499499999997,-19.907499499999997,0.0,19.907499499999997,19.907499499999997
Ref-01B-B-0p10mps,4.553,0.21305000000000002,0.1,0.0,0.0,0.0,0.0,0.0,19.907499499999997,-19.907499499999997,0.0,19.907499499999997,19.907499499999997
Ref-01B-B-0p10mps,4.554,0.21315,0.1,0.0,0.0,0.0,0.0,0.0,19.907499499999997,-19.907499499999997,0.0,19.907499499999997,19.907499499999997
Ref-01B-B-0p10mps,4.555,0.21325,0.1,0.0,0.0,0.0,0.0,0.0,19.907499499999997,-19.907499499999997,0.0,19.907499499999997,19.907499499999997
Ref-01B-B-0p10mps,4.556,0.21334999999999998,0.1,0.0,0.0,0.0,0.0,0.0,19.907499499999997,-19.907499499999997,0.0,19.907499499999997,19.907499499999997
Ref-01B-B-0p10mps,4.557,0.21345000000000003,0.1,0.0,0.0,0.0,0.0,0.0,19.907499499999997,-19.907499499999997,0.0,19.907499499999997,19.907499499999997
Ref-01B-B-0p10mps,4.558,0.21355000000000002,0.1,0.0,0.0,0.0,0.0,0.0,19.907499499999997,-19.907499499999997,0.0,19.907499499999997,19.907499499999997
Ref-01B-B-0p10mps,4.559,0.21365,0.1,0.0,0.0,0.0,0.0,0.0,19.907499499999997,-19.907499499999997,0.0,19.907499499999997,19.907499499999997
Ref-01B-B-0p10mps,4.56,0.21375,0.1,0.0,0.0,0.0,0.0,0.0,19.907499499999997,-19.907499499999997,0.0,19.907499499999997,19.907499499999997
Ref-01B-B-0p10mps,4.561,0.21384999999999998,0.1,0.0,0.0,0.0,0.0,0.0,19.907499499999997,-19.907499499999997,0.0,19.907499499999997,19.907499499999997
Ref-01B-B-0p10mps,4.562,0.21395000000000003,0.1,0.0,0.0,0.0,0.0,0.0,19.907499499999997,-19.907499499999997,0.0,19.907499499999997,19.907499499999997
Ref-01B-B-0p10mps,4.563,0.21405000000000002,0.1,0.0,0.0,0.0,0.0,0.0,19.907499499999997,-19.907499499999997,0.0,19.907499499999997,19.907499499999997
Ref-01B-B-0p10mps,4.564,0.21415,0.1,0.0,0.0,0.0,0.0,0.0,19.907499499999997,-19.907499499999997,0.0,19.907499499999997,19.907499499999997
Ref-01B-B-0p10mps,4.5649999999999995,0.21425,0.1,0.0,0.0,0.0,0.0,0.0,19.907499499999997,-19.907499499999997,0.0,19.907499499999997,19.907499499999997
Ref-01B-B-0p10mps,4.566,0.21434999999999998,0.1,0.0,0.0,0.0,0.0,0.0,19.907499499999997,-19.907499499999997,0.0,19.907499499999997,19.907499499999997
Ref-01B-B-0p10mps,4.567,0.21445000000000003,0.1,0.0,0.0,0.0,0.0,0.0,19.907499499999997,-19.907499499999997,0.0,19.907499499999997,19.907499499999997
Ref-01B-B-0p10mps,4.5680000000000005,0.21455000000000002,0.1,0.0,0.0,0.0,0.0,0.0,19.907499499999997,-19.907499499999997,0.0,19.907499499999997,19.907499499999997
Ref-01B-B-0p10mps,4.569,0.21465,0.1,0.0,0.0,0.0,0.0,0.0,19.907499499999997,-19.907499499999997,0.0,19.907499499999997,19.907499499999997
Ref-01B-B-0p10mps,4.57,0.21475,0.1,0.0,0.0,0.0,0.0,0.0,19.907499499999997,-19.907499499999997,0.0,19.907499499999997,19.907499499999997
Ref-01B-B-0p10mps,4.571,0.21484999999999999,0.1,0.0,0.0,0.0,0.0,0.0,19.907499499999997,-19.907499499999997,0.0,19.907499499999997,19.907499499999997
Ref-01B-B-0p10mps,4.572,0.21495000000000003,0.1,0.0,0.0,0.0,0.0,0.0,19.907499499999997,-19.907499499999997,0.0,19.907499499999997,19.907499499999997
Ref-01B-B-0p10mps,4.573,0.21505000000000002,0.1,0.0,0.0,0.0,0.0,0.0,19.907499499999997,-19.907499499999997,0.0,19.907499499999997,19.907499499999997
Ref-01B-B-0p10mps,4.574,0.21515,0.1,0.0,0.0,0.0,0.0,0.0,19.907499499999997,-19.907499499999997,0.0,19.907499499999997,19.907499499999997
Ref-01B-B-0p10mps,4.575,0.21525,0.1,0.0,0.0,0.0,0.0,0.0,19.907499499999997,-19.907499499999997,0.0,19.907499499999997,19.907499499999997
Ref-01B-B-0p10mps,4.576,0.21534999999999999,0.1,0.0,0.0,0.0,0.0,0.0,19.907499499999997,-19.907499499999997,0.0,19.907499499999997,19.907499499999997
Ref-01B-B-0p10mps,4.577,0.21545000000000003,0.1,0.0,0.0,0.0,0.0,0.0,19.907499499999997,-19.907499499999997,0.0,19.907499499999997,19.907499499999997
Ref-01B-B-0p10mps,4.578,0.21555000000000002,0.1,0.0,0.0,0.0,0.0,0.0,19.907499499999997,-19.907499499999997,0.0,19.907499499999997,19.907499499999997
Ref-01B-B-0p10mps,4.579,0.21565,0.1,0.0,0.0,0.0,0.0,0.0,19.907499499999997,-19.907499499999997,0.0,19.907499499999997,19.907499499999997
Ref-01B-B-0p10mps,4.58,0.21575,0.1,0.0,0.0,0.0,0.0,0.0,19.907499499999997,-19.907499499999997,0.0,19.907499499999997,19.907499499999997
Ref-01B-B-0p10mps,4.5809999999999995,0.21585,0.1,0.0,0.0,0.0,0.0,0.0,19.907499499999997,-19.907499499999997,0.0,19.907499499999997,19.907499499999997
Ref-01B-B-0p10mps,4.582,0.21595000000000003,0.1,0.0,0.0,0.0,0.0,0.0,19.907499499999997,-19.907499499999997,0.0,19.907499499999997,19.907499499999997
Ref-01B-B-0p10mps,4.583,0.21605000000000002,0.1,0.0,0.0,0.0,0.0,0.0,19.907499499999997,-19.907499499999997,0.0,19.907499499999997,19.907499499999997
Ref-01B-B-0p10mps,4.584,0.21615,0.1,0.0,0.0,0.0,0.0,0.0,19.907499499999997,-19.907499499999997,0.0,19.907499499999997,19.907499499999997
Ref-01B-B-0p10mps,4.585,0.21625,0.1,0.0,0.0,0.0,0.0,0.0,19.907499499999997,-19.907499499999997,0.0,19.907499499999997,19.907499499999997
Ref-01B-B-0p10mps,4.585999999999999,0.21635,0.1,0.0,0.0,0.0,0.0,0.0,19.907499499999997,-19.907499499999997,0.0,19.907499499999997,19.907499499999997
Ref-01B-B-0p10mps,4.587000000000001,0.21645000000000003,0.1,0.0,0.0,0.0,0.0,0.0,19.907499499999997,-19.907499499999997,0.0,19.907499499999997,19.907499499999997
Ref-01B-B-0p10mps,4.588,0.21655000000000002,0.1,0.0,0.0,0.0,0.0,0.0,19.907499499999997,-19.907499499999997,0.0,19.907499499999997,19.907499499999997
Ref-01B-B-0p10mps,4.589,0.21665,0.1,0.0,0.0,0.0,0.0,0.0,19.907499499999997,-19.907499499999997,0.0,19.907499499999997,19.907499499999997
Ref-01B-B-0p10mps,4.59,0.21675,0.1,0.0,0.0,0.0,0.0,0.0,19.907499499999997,-19.907499499999997,0.0,19.907499499999997,19.907499499999997
Ref-01B-B-0p10mps,4.591,0.21685,0.1,0.0,0.0,0.0,0.0,0.0,19.907499499999997,-19.907499499999997,0.0,19.907499499999997,19.907499499999997
Ref-01B-B-0p10mps,4.5920000000000005,0.21695000000000003,0.1,0.0,0.0,0.0,0.0,0.0,19.907499499999997,-19.907499499999997,0.0,19.907499499999997,19.907499499999997
Ref-01B-B-0p10mps,4.593,0.21705000000000002,0.1,0.0,0.0,0.0,0.0,0.0,19.907499499999997,-19.907499499999997,0.0,19.907499499999997,19.907499499999997
Ref-01B-B-0p10mps,4.594,0.21715,0.1,0.0,0.0,0.0,0.0,0.0,19.907499499999997,-19.907499499999997,0.0,19.907499499999997,19.907499499999997
Ref-01B-B-0p10mps,4.595,0.21725,0.1,0.0,0.0,0.0,0.0,0.0,19.907499499999997,-19.907499499999997,0.0,19.907499499999997,19.907499499999997
Ref-01B-B-0p10mps,4.596,0.21735,0.1,0.0,0.0,0.0,0.0,0.0,19.907499499999997,-19.907499499999997,0.0,19.907499499999997,19.907499499999997
Ref-01B-B-0p10mps,4.597,0.21745000000000003,0.1,0.0,0.0,0.0,0.0,0.0,19.907499499999997,-19.907499499999997,0.0,19.907499499999997,19.907499499999997
Ref-01B-B-0p10mps,4.598,0.21755000000000002,0.1,0.0,0.0,0.0,0.0,0.0,19.907499499999997,-19.907499499999997,0.0,19.907499499999997,19.907499499999997
Ref-01B-B-0p10mps,4.599,0.21765,0.1,0.0,0.0,0.0,0.0,0.0,19.907499499999997,-19.907499499999997,0.0,19.907499499999997,19.907499499999997
Ref-01B-B-0p10mps,4.6,0.21775,0.1,0.0,0.0,0.0,0.0,0.0,19.907499499999997,-19.907499499999997,0.0,19.907499499999997,19.907499499999997
Ref-01B-B-0p10mps,4.601,0.21785,0.1,0.0,0.0,0.0,0.0,0.0,19.907499499999997,-19.907499499999997,0.0,19.907499499999997,19.907499499999997
Ref-01B-B-0p10mps,4.602,0.21795000000000003,0.1,0.0,0.0,0.0,0.0,0.0,19.907499499999997,-19.907499499999997,0.0,19.907499499999997,19.907499499999997
Ref-01B-B-0p10mps,4.603,0.21805000000000002,0.1,0.0,0.0,0.0,0.0,0.0,19.907499499999997,-19.907499499999997,0.0,19.907499499999997,19.907499499999997
Ref-01B-B-0p10mps,4.604,0.21815,0.1,0.0,0.0,0.0,0.0,0.0,19.907499499999997,-19.907499499999997,0.0,19.907499499999997,19.907499499999997
Ref-01B-B-0p10mps,4.6049999999999995,0.21825,0.1,0.0,0.0,0.0,0.0,0.0,19.907499499999997,-19.907499499999997,0.0,19.907499499999997,19.907499499999997
Ref-01B-B-0p10mps,4.606,0.21835,0.1,0.0,0.0,0.0,0.0,0.0,19.907499499999997,-19.907499499999997,0.0,19.907499499999997,19.907499499999997
Ref-01B-B-0p10mps,4.607,0.21845000000000003,0.1,0.0,0.0,0.0,0.0,0.0,19.907499499999997,-19.907499499999997,0.0,19.907499499999997,19.907499499999997
Ref-01B-B-0p10mps,4.6080000000000005,0.21855000000000002,0.1,0.0,0.0,0.0,0.0,0.0,19.907499499999997,-19.907499499999997,0.0,19.907499499999997,19.907499499999997
Ref-01B-B-0p10mps,4.609,0.21865,0.1,0.0,0.0,0.0,0.0,0.0,19.907499499999997,-19.907499499999997,0.0,19.907499499999997,19.907499499999997
Ref-01B-B-0p10mps,4.61,0.21875,0.1,0.0,0.0,0.0,0.0,0.0,19.907499499999997,-19.907499499999997,0.0,19.907499499999997,19.907499499999997
Ref-01B-B-0p10mps,4.611,0.21885,0.1,0.0,0.0,0.0,0.0,0.0,19.907499499999997,-19.907499499999997,0.0,19.907499499999997,19.907499499999997
Ref-01B-B-0p10mps,4.612,0.21895000000000003,0.1,0.0,0.0,0.0,0.0,0.0,19.907499499999997,-19.907499499999997,0.0,19.907499499999997,19.907499499999997
Ref-01B-B-0p10mps,4.613,0.21905000000000002,0.1,0.0,0.0,0.0,0.0,0.0,19.907499499999997,-19.907499499999997,0.0,19.907499499999997,19.907499499999997
Ref-01B-B-0p10mps,4.614,0.21915,0.1,0.0,0.0,0.0,0.0,0.0,19.907499499999997,-19.907499499999997,0.0,19.907499499999997,19.907499499999997
Ref-01B-B-0p10mps,4.615,0.21925,0.1,0.0,0.0,0.0,0.0,0.0,19.907499499999997,-19.907499499999997,0.0,19.907499499999997,19.907499499999997
Ref-01B-B-0p10mps,4.616,0.21935,0.1,0.0,0.0,0.0,0.0,0.0,19.907499499999997,-19.907499499999997,0.0,19.907499499999997,19.907499499999997
Ref-01B-B-0p10mps,4.617,0.21945000000000003,0.1,0.0,0.0,0.0,0.0,0.0,19.907499499999997,-19.907499499999997,0.0,19.907499499999997,19.907499499999997
Ref-01B-B-0p10mps,4.618,0.21955000000000002,0.1,0.0,0.0,0.0,0.0,0.0,19.907499499999997,-19.907499499999997,0.0,19.907499499999997,19.907499499999997
Ref-01B-B-0p10mps,4.619,0.21965,0.1,0.0,0.0,0.0,0.0,0.0,19.907499499999997,-19.907499499999997,0.0,19.907499499999997,19.907499499999997
Ref-01B-B-0p10mps,4.62,0.21975,0.1,0.0,0.0,0.0,0.0,0.0,19.907499499999997,-19.907499499999997,0.0,19.907499499999997,19.907499499999997
Ref-01B-B-0p10mps,4.6209999999999996,0.21985,0.1,0.0,0.0,0.0,0.0,0.0,19.907499499999997,-19.907499499999997,0.0,19.907499499999997,19.907499499999997
Ref-01B-B-0p10mps,4.622,0.21995000000000003,0.1,0.0,0.0,0.0,0.0,0.0,19.907499499999997,-19.907499499999997,0.0,19.907499499999997,19.907499499999997
Ref-01B-B-0p10mps,4.623,0.22005000000000002,0.1,0.0,0.0,0.0,0.0,0.0,19.907499499999997,-19.907499499999997,0.0,19.907499499999997,19.907499499999997
Ref-01B-B-0p10mps,4.624,0.22015,0.1,0.0,0.0,0.0,0.0,0.0,19.907499499999997,-19.907499499999997,0.0,19.907499499999997,19.907499499999997
Ref-01B-B-0p10mps,4.625,0.22025,0.1,0.0,0.0,0.0,0.0,0.0,19.907499499999997,-19.907499499999997,0.0,19.907499499999997,19.907499499999997
Ref-01B-B-0p10mps,4.6259999999999994,0.22035,0.1,0.0,0.0,0.0,0.0,0.0,19.907499499999997,-19.907499499999997,0.0,19.907499499999997,19.907499499999997
Ref-01B-B-0p10mps,4.627000000000001,0.22045000000000003,0.1,0.0,0.0,0.0,0.0,0.0,19.907499499999997,-19.907499499999997,0.0,19.907499499999997,19.907499499999997
Ref-01B-B-0p10mps,4.628,0.22055000000000002,0.1,0.0,0.0,0.0,0.0,0.0,19.907499499999997,-19.907499499999997,0.0,19.907499499999997,19.907499499999997
Ref-01B-B-0p10mps,4.6290000000000004,0.22065,0.1,0.0,0.0,0.0,0.0,0.0,19.907499499999997,-19.907499499999997,0.0,19.907499499999997,19.907499499999997
Ref-01B-B-0p10mps,4.63,0.22075,0.1,0.0,0.0,0.0,0.0,0.0,19.907499499999997,-19.907499499999997,0.0,19.907499499999997,19.907499499999997
Ref-01B-B-0p10mps,4.631,0.22085,0.1,0.0,0.0,0.0,0.0,0.0,19.907499499999997,-19.907499499999997,0.0,19.907499499999997,19.907499499999997
Ref-01B-B-0p10mps,4.632000000000001,0.22095000000000004,0.1,0.0,0.0,0.0,0.0,0.0,19.907499499999997,-19.907499499999997,0.0,19.907499499999997,19.907499499999997
Ref-01B-B-0p10mps,4.633,0.22105000000000002,0.1,0.0,0.0,0.0,0.0,0.0,19.907499499999997,-19.907499499999997,0.0,19.907499499999997,19.907499499999997
Ref-01B-B-0p10mps,4.634,0.22115,0.1,0.0,0.0,0.0,0.0,0.0,19.907499499999997,-19.907499499999997,0.0,19.907499499999997,19.907499499999997
Ref-01B-B-0p10mps,4.635,0.22125,0.1,0.0,0.0,0.0,0.0,0.0,19.907499499999997,-19.907499499999997,0.0,19.907499499999997,19.907499499999997
Ref-01B-B-0p10mps,4.636,0.22135,0.1,0.0,0.0,0.0,0.0,0.0,19.907499499999997,-19.907499499999997,0.0,19.907499499999997,19.907499499999997
Ref-01B-B-0p10mps,4.6370000000000005,0.22145000000000004,0.1,0.0,0.0,0.0,0.0,0.0,19.907499499999997,-19.907499499999997,0.0,19.907499499999997,19.907499499999997
Ref-01B-B-0p10mps,4.638,0.22155000000000002,0.1,0.0,0.0,0.0,0.0,0.0,19.907499499999997,-19.907499499999997,0.0,19.907499499999997,19.907499499999997
Ref-01B-B-0p10mps,4.639,0.22165,0.1,0.0,0.0,0.0,0.0,0.0,19.907499499999997,-19.907499499999997,0.0,19.907499499999997,19.907499499999997
Ref-01B-B-0p10mps,4.64,0.22175,0.1,0.0,0.0,0.0,0.0,0.0,19.907499499999997,-19.907499499999997,0.0,19.907499499999997,19.907499499999997
Ref-01B-B-0p10mps,4.641,0.22185,0.1,0.0,0.0,0.0,0.0,0.0,19.907499499999997,-19.907499499999997,0.0,19.907499499999997,19.907499499999997
Ref-01B-B-0p10mps,4.642,0.22195000000000004,0.1,0.0,0.0,0.0,0.0,0.0,19.907499499999997,-19.907499499999997,0.0,19.907499499999997,19.907499499999997
Ref-01B-B-0p10mps,4.643,0.22205000000000003,0.1,0.0,0.0,0.0,0.0,0.0,19.907499499999997,-19.907499499999997,0.0,19.907499499999997,19.907499499999997
Ref-01B-B-0p10mps,4.644,0.22215000000000001,0.1,0.0,0.0,0.0,0.0,0.0,19.907499499999997,-19.907499499999997,0.0,19.907499499999997,19.907499499999997
Ref-01B-B-0p10mps,4.645,0.22225,0.1,0.0,0.0,0.0,0.0,0.0,19.907499499999997,-19.907499499999997,0.0,19.907499499999997,19.907499499999997
Ref-01B-B-0p10mps,4.646,0.22235,0.1,0.0,0.0,0.0,0.0,0.0,19.907499499999997,-19.907499499999997,0.0,19.907499499999997,19.907499499999997
Ref-01B-B-0p10mps,4.647,0.22245000000000004,0.1,0.0,0.0,0.0,0.0,0.0,19.907499499999997,-19.907499499999997,0.0,19.907499499999997,19.907499499999997
Ref-01B-B-0p10mps,4.648000000000001,0.22255000000000003,0.1,0.0,0.0,0.0,0.0,0.0,19.907499499999997,-19.907499499999997,0.0,19.907499499999997,19.907499499999997
Ref-01B-B-0p10mps,4.649,0.22265000000000001,0.1,0.0,0.0,0.0,0.0,0.0,19.907499499999997,-19.907499499999997,0.0,19.907499499999997,19.907499499999997
Ref-01B-B-0p10mps,4.65,0.22275,0.1,0.0,0.0,0.0,0.0,0.0,19.907499499999997,-19.907499499999997,0.0,19.907499499999997,19.907499499999997
Ref-01B-B-0p10mps,4.651,0.22285,0.1,0.0,0.0,0.0,0.0,0.0,19.907499499999997,-19.907499499999997,0.0,19.907499499999997,19.907499499999997
Ref-01B-B-0p10mps,4.652,0.22295000000000004,0.1,0.0,0.0,0.0,0.0,0.0,19.907499499999997,-19.907499499999997,0.0,19.907499499999997,19.907499499999997
Ref-01B-B-0p10mps,4.6530000000000005,0.22305000000000003,0.1,0.0,0.0,0.0,0.0,0.0,19.907499499999997,-19.907499499999997,0.0,19.907499499999997,19.907499499999997
Ref-01B-B-0p10mps,4.654,0.22315000000000002,0.1,0.0,0.0,0.0,0.0,0.0,19.907499499999997,-19.907499499999997,0.0,19.907499499999997,19.907499499999997
Ref-01B-B-0p10mps,4.655,0.22325,0.1,0.0,0.0,0.0,0.0,0.0,19.907499499999997,-19.907499499999997,0.0,19.907499499999997,19.907499499999997
Ref-01B-B-0p10mps,4.656,0.22335,0.1,0.0,0.0,0.0,0.0,0.0,19.907499499999997,-19.907499499999997,0.0,19.907499499999997,19.907499499999997
Ref-01B-B-0p10mps,4.657,0.22345000000000004,0.1,0.0,0.0,0.0,0.0,0.0,19.907499499999997,-19.907499499999997,0.0,19.907499499999997,19.907499499999997
Ref-01B-B-0p10mps,4.658,0.22355000000000003,0.1,0.0,0.0,0.0,0.0,0.0,19.907499499999997,-19.907499499999997,0.0,19.907499499999997,19.907499499999997
Ref-01B-B-0p10mps,4.659,0.22365000000000002,0.1,0.0,0.0,0.0,0.0,0.0,19.907499499999997,-19.907499499999997,0.0,19.907499499999997,19.907499499999997
Ref-01B-B-0p10mps,4.66,0.22375,0.1,0.0,0.0,0.0,0.0,0.0,19.907499499999997,-19.907499499999997,0.0,19.907499499999997,19.907499499999997
Ref-01B-B-0p10mps,4.661,0.22385,0.1,0.0,0.0,0.0,0.0,0.0,19.907499499999997,-19.907499499999997,0.0,19.907499499999997,19.907499499999997
Ref-01B-B-0p10mps,4.662,0.22395000000000004,0.1,0.0,0.0,0.0,0.0,0.0,19.907499499999997,-19.907499499999997,0.0,19.907499499999997,19.907499499999997
Ref-01B-B-0p10mps,4.663,0.22405000000000003,0.1,0.0,0.0,0.0,0.0,0.0,19.907499499999997,-19.907499499999997,0.0,19.907499499999997,19.907499499999997
Ref-01B-B-0p10mps,4.664,0.22415000000000002,0.1,0.0,0.0,0.0,0.0,0.0,19.907499499999997,-19.907499499999997,0.0,19.907499499999997,19.907499499999997
Ref-01B-B-0p10mps,4.665,0.22425,0.1,0.0,0.0,0.0,0.0,0.0,19.907499499999997,-19.907499499999997,0.0,19.907499499999997,19.907499499999997
Ref-01B-B-0p10mps,4.6659999999999995,0.22435,0.1,0.0,0.0,0.0,0.0,0.0,19.907499499999997,-19.907499499999997,0.0,19.907499499999997,19.907499499999997
Ref-01B-B-0p10mps,4.667000000000001,0.22445000000000004,0.1,0.0,0.0,0.0,0.0,0.0,19.907499499999997,-19.907499499999997,0.0,19.907499499999997,19.907499499999997
Ref-01B-B-0p10mps,4.668,0.22455000000000003,0.1,0.0,0.0,0.0,0.0,0.0,19.907499499999997,-19.907499499999997,0.0,19.907499499999997,19.907499499999997
Ref-01B-B-0p10mps,4.6690000000000005,0.22465000000000002,0.1,0.0,0.0,0.0,0.0,0.0,19.907499499999997,-19.907499499999997,0.0,19.907499499999997,19.907499499999997
Ref-01B-B-0p10mps,4.67,0.22475,0.1,0.0,0.0,0.0,0.0,0.0,19.907499499999997,-19.907499499999997,0.0,19.907499499999997,19.907499499999997
Ref-01B-B-0p10mps,4.671,0.22485,0.1,0.0,0.0,0.0,0.0,0.0,19.907499499999997,-19.907499499999997,0.0,19.907499499999997,19.907499499999997
Ref-01B-B-0p10mps,4.672000000000001,0.22495000000000004,0.1,0.0,0.0,0.0,0.0,0.0,19.907499499999997,-19.907499499999997,0.0,19.907499499999997,19.907499499999997
Ref-01B-B-0p10mps,4.673,0.22505000000000003,0.1,0.0,0.0,0.0,0.0,0.0,19.907499499999997,-19.907499499999997,0.0,19.907499499999997,19.907499499999997
Ref-01B-B-0p10mps,4.674,0.22515000000000002,0.1,0.0,0.0,0.0,0.0,0.0,19.907499499999997,-19.907499499999997,0.0,19.907499499999997,19.907499499999997
Ref-01B-B-0p10mps,4.675,0.22525,0.1,0.0,0.0,0.0,0.0,0.0,19.907499499999997,-19.907499499999997,0.0,19.907499499999997,19.907499499999997
Ref-01B-B-0p10mps,4.676,0.22535,0.1,0.0,0.0,0.0,0.0,0.0,19.907499499999997,-19.907499499999997,0.0,19.907499499999997,19.907499499999997
Ref-01B-B-0p10mps,4.6770000000000005,0.22545000000000004,0.1,0.0,0.0,0.0,0.0,0.0,19.907499499999997,-19.907499499999997,0.0,19.907499499999997,19.907499499999997
Ref-01B-B-0p10mps,4.678,0.22554999999999997,0.1,0.0,0.0,0.0,0.0,0.0,19.907499499999997,-19.907499499999997,0.0,19.907499499999997,19.907499499999997
Ref-01B-B-0p10mps,4.679,0.22565000000000002,0.1,0.0,0.0,0.0,0.0,0.0,19.907499499999997,-19.907499499999997,0.0,19.907499499999997,19.907499499999997
Ref-01B-B-0p10mps,4.68,0.22575,0.1,0.0,0.0,0.0,0.0,0.0,19.907499499999997,-19.907499499999997,0.0,19.907499499999997,19.907499499999997
Ref-01B-B-0p10mps,4.681,0.22585,0.1,0.0,0.0,0.0,0.0,0.0,19.907499499999997,-19.907499499999997,0.0,19.907499499999997,19.907499499999997
Ref-01B-B-0p10mps,4.682,0.22595000000000004,0.1,0.0,0.0,0.0,0.0,0.0,19.907499499999997,-19.907499499999997,0.0,19.907499499999997,19.907499499999997
Ref-01B-B-0p10mps,4.683,0.22604999999999997,0.1,0.0,0.0,0.0,0.0,0.0,19.907499499999997,-19.907499499999997,0.0,19.907499499999997,19.907499499999997
Ref-01B-B-0p10mps,4.684,0.22615000000000002,0.1,0.0,0.0,0.0,0.0,0.0,19.907499499999997,-19.907499499999997,0.0,19.907499499999997,19.907499499999997
Ref-01B-B-0p10mps,4.685,0.22625,0.1,0.0,0.0,0.0,0.0,0.0,19.907499499999997,-19.907499499999997,0.0,19.907499499999997,19.907499499999997
Ref-01B-B-0p10mps,4.686,0.22635,0.1,0.0,0.0,0.0,0.0,0.0,19.907499499999997,-19.907499499999997,0.0,19.907499499999997,19.907499499999997
Ref-01B-B-0p10mps,4.687,0.22645000000000004,0.1,0.0,0.0,0.0,0.0,0.0,19.907499499999997,-19.907499499999997,0.0,19.907499499999997,19.907499499999997
Ref-01B-B-0p10mps,4.688,0.22654999999999997,0.1,0.0,0.0,0.0,0.0,0.0,19.907499499999997,-19.907499499999997,0.0,19.907499499999997,19.907499499999997
Ref-01B-B-0p10mps,4.689,0.22665000000000002,0.1,0.0,0.0,0.0,0.0,0.0,19.907499499999997,-19.907499499999997,0.0,19.907499499999997,19.907499499999997
Ref-01B-B-0p10mps,4.69,0.22675,0.1,0.0,0.0,0.0,0.0,0.0,19.907499499999997,-19.907499499999997,0.0,19.907499499999997,19.907499499999997
Ref-01B-B-0p10mps,4.691,0.22685,0.1,0.0,0.0,0.0,0.0,0.0,19.907499499999997,-19.907499499999997,0.0,19.907499499999997,19.907499499999997
Ref-01B-B-0p10mps,4.692,0.22695000000000004,0.1,0.0,0.0,0.0,0.0,0.0,19.907499499999997,-19.907499499999997,0.0,19.907499499999997,19.907499499999997
Ref-01B-B-0p10mps,4.693,0.22704999999999997,0.1,0.0,0.0,0.0,0.0,0.0,19.907499499999997,-19.907499499999997,0.0,19.907499499999997,19.907499499999997
Ref-01B-B-0p10mps,4.694,0.22715000000000002,0.1,0.0,0.0,0.0,0.0,0.0,19.907499499999997,-19.907499499999997,0.0,19.907499499999997,19.907499499999997
Ref-01B-B-0p10mps,4.695,0.22725,0.1,0.0,0.0,0.0,0.0,0.0,19.907499499999997,-19.907499499999997,0.0,19.907499499999997,19.907499499999997
Ref-01B-B-0p10mps,4.696,0.22735,0.1,0.0,0.0,0.0,0.0,0.0,19.907499499999997,-19.907499499999997,0.0,19.907499499999997,19.907499499999997
Ref-01B-B-0p10mps,4.697,0.22745000000000004,0.1,0.0,0.0,0.0,0.0,0.0,19.907499499999997,-19.907499499999997,0.0,19.907499499999997,19.907499499999997
Ref-01B-B-0p10mps,4.6979999999999995,0.22754999999999997,0.1,0.0,0.0,0.0,0.0,0.0,19.907499499999997,-19.907499499999997,0.0,19.907499499999997,19.907499499999997
Ref-01B-B-0p10mps,4.699,0.22765000000000002,0.1,0.0,0.0,0.0,0.0,0.0,19.907499499999997,-19.907499499999997,0.0,19.907499499999997,19.907499499999997
Ref-01B-B-0p10mps,4.7,0.22775,0.1,0.0,0.0,0.0,0.0,0.0,19.907499499999997,-19.907499499999997,0.0,19.907499499999997,19.907499499999997
Ref-01B-B-0p10mps,4.701,0.22785,0.1,0.0,0.0,0.0,0.0,0.0,19.907499499999997,-19.907499499999997,0.0,19.907499499999997,19.907499499999997
Ref-01B-B-0p10mps,4.702,0.22795000000000004,0.1,0.0,0.0,0.0,0.0,0.0,19.907499499999997,-19.907499499999997,0.0,19.907499499999997,19.907499499999997
Ref-01B-B-0p10mps,4.702999999999999,0.22804999999999997,0.1,0.0,0.0,0.0,0.0,0.0,19.907499499999997,-19.907499499999997,0.0,19.907499499999997,19.907499499999997
Ref-01B-B-0p10mps,4.704,0.22815000000000002,0.1,0.0,0.0,0.0,0.0,0.0,19.907499499999997,-19.907499499999997,0.0,19.907499499999997,19.907499499999997
Ref-01B-B-0p10mps,4.705,0.22825,0.1,0.0,0.0,0.0,0.0,0.0,19.907499499999997,-19.907499499999997,0.0,19.907499499999997,19.907499499999997
Ref-01B-B-0p10mps,4.7059999999999995,0.22835,0.1,0.0,0.0,0.0,0.0,0.0,19.907499499999997,-19.907499499999997,0.0,19.907499499999997,19.907499499999997
Ref-01B-B-0p10mps,4.707000000000001,0.22845000000000004,0.1,0.0,0.0,0.0,0.0,0.0,19.907499499999997,-19.907499499999997,0.0,19.907499499999997,19.907499499999997
Ref-01B-B-0p10mps,4.707999999999999,0.22854999999999998,0.1,0.0,0.0,0.0,0.0,0.0,19.907499499999997,-19.907499499999997,0.0,19.907499499999997,19.907499499999997
Ref-01B-B-0p10mps,4.7090000000000005,0.22865000000000002,0.1,0.0,0.0,0.0,0.0,0.0,19.907499499999997,-19.907499499999997,0.0,19.907499499999997,19.907499499999997
Ref-01B-B-0p10mps,4.71,0.22875,0.1,0.0,0.0,0.0,0.0,0.0,19.907499499999997,-19.907499499999997,0.0,19.907499499999997,19.907499499999997
Ref-01B-B-0p10mps,4.711,0.22885,0.1,0.0,0.0,0.0,0.0,0.0,19.907499499999997,-19.907499499999997,0.0,19.907499499999997,19.907499499999997
Ref-01B-B-0p10mps,4.712000000000001,0.22895000000000004,0.1,0.0,0.0,0.0,0.0,0.0,19.907499499999997,-19.907499499999997,0.0,19.907499499999997,19.907499499999997
Ref-01B-B-0p10mps,4.713,0.22904999999999998,0.1,0.0,0.0,0.0,0.0,0.0,19.907499499999997,-19.907499499999997,0.0,19.907499499999997,19.907499499999997
Ref-01B-B-0p10mps,4.714,0.22915000000000002,0.1,0.0,0.0,0.0,0.0,0.0,19.907499499999997,-19.907499499999997,0.0,19.907499499999997,19.907499499999997
Ref-01B-B-0p10mps,4.715,0.22925,0.1,0.0,0.0,0.0,0.0,0.0,19.907499499999997,-19.907499499999997,0.0,19.907499499999997,19.907499499999997
Ref-01B-B-0p10mps,4.716,0.22935,0.1,0.0,0.0,0.0,0.0,0.0,19.907499499999997,-19.907499499999997,0.0,19.907499499999997,19.907499499999997
Ref-01B-B-0p10mps,4.7170000000000005,0.22945000000000004,0.1,0.0,0.0,0.0,0.0,0.0,19.907499499999997,-19.907499499999997,0.0,19.907499499999997,19.907499499999997
Ref-01B-B-0p10mps,4.718,0.22954999999999998,0.1,0.0,0.0,0.0,0.0,0.0,19.907499499999997,-19.907499499999997,0.0,19.907499499999997,19.907499499999997
Ref-01B-B-0p10mps,4.719,0.22965000000000002,0.1,0.0,0.0,0.0,0.0,0.0,19.907499499999997,-19.907499499999997,0.0,19.907499499999997,19.907499499999997
Ref-01B-B-0p10mps,4.72,0.22975,0.1,0.0,0.0,0.0,0.0,0.0,19.907499499999997,-19.907499499999997,0.0,19.907499499999997,19.907499499999997
Ref-01B-B-0p10mps,4.721,0.22985,0.1,0.0,0.0,0.0,0.0,0.0,19.907499499999997,-19.907499499999997,0.0,19.907499499999997,19.907499499999997
Ref-01B-B-0p10mps,4.722,0.22995000000000004,0.1,0.0,0.0,0.0,0.0,0.0,19.907499499999997,-19.907499499999997,0.0,19.907499499999997,19.907499499999997
Ref-01B-B-0p10mps,4.723,0.23004999999999998,0.1,0.0,0.0,0.0,0.0,0.0,19.907499499999997,-19.907499499999997,0.0,19.907499499999997,19.907499499999997
Ref-01B-B-0p10mps,4.724,0.23015000000000002,0.1,0.0,0.0,0.0,0.0,0.0,19.907499499999997,-19.907499499999997,0.0,19.907499499999997,19.907499499999997
Ref-01B-B-0p10mps,4.725,0.23025,0.1,0.0,0.0,0.0,0.0,0.0,19.907499499999997,-19.907499499999997,0.0,19.907499499999997,19.907499499999997
Ref-01B-B-0p10mps,4.726,0.23035,0.1,0.0,0.0,0.0,0.0,0.0,19.907499499999997,-19.907499499999997,0.0,19.907499499999997,19.907499499999997
Ref-01B-B-0p10mps,4.727,0.23045000000000004,0.1,0.0,0.0,0.0,0.0,0.0,19.907499499999997,-19.907499499999997,0.0,19.907499499999997,19.907499499999997
Ref-01B-B-0p10mps,4.728,0.23054999999999998,0.1,0.0,0.0,0.0,0.0,0.0,19.907499499999997,-19.907499499999997,0.0,19.907499499999997,19.907499499999997
Ref-01B-B-0p10mps,4.729,0.23065000000000002,0.1,0.0,0.0,0.0,0.0,0.0,19.907499499999997,-19.907499499999997,0.0,19.907499499999997,19.907499499999997
Ref-01B-B-0p10mps,4.73,0.23075,0.1,0.0,0.0,0.0,0.0,0.0,19.907499499999997,-19.907499499999997,0.0,19.907499499999997,19.907499499999997
Ref-01B-B-0p10mps,4.731,0.23085,0.1,0.0,0.0,0.0,0.0,0.0,19.907499499999997,-19.907499499999997,0.0,19.907499499999997,19.907499499999997
Ref-01B-B-0p10mps,4.732,0.23095000000000004,0.1,0.0,0.0,0.0,0.0,0.0,19.907499499999997,-19.907499499999997,0.0,19.907499499999997,19.907499499999997
Ref-01B-B-0p10mps,4.733,0.23104999999999998,0.1,0.0,0.0,0.0,0.0,0.0,19.907499499999997,-19.907499499999997,0.0,19.907499499999997,19.907499499999997
Ref-01B-B-0p10mps,4.734,0.23115000000000002,0.1,0.0,0.0,0.0,0.0,0.0,19.907499499999997,-19.907499499999997,0.0,19.907499499999997,19.907499499999997
Ref-01B-B-0p10mps,4.735,0.23125,0.1,0.0,0.0,0.0,0.0,0.0,19.907499499999997,-19.907499499999997,0.0,19.907499499999997,19.907499499999997
Ref-01B-B-0p10mps,4.736,0.23135,0.1,0.0,0.0,0.0,0.0,0.0,19.907499499999997,-19.907499499999997,0.0,19.907499499999997,19.907499499999997
Ref-01B-B-0p10mps,4.737,0.23145000000000004,0.1,0.0,0.0,0.0,0.0,0.0,19.907499499999997,-19.907499499999997,0.0,19.907499499999997,19.907499499999997
Ref-01B-B-0p10mps,4.7379999999999995,0.23154999999999998,0.1,0.0,0.0,0.0,0.0,0.0,19.907499499999997,-19.907499499999997,0.0,19.907499499999997,19.907499499999997
Ref-01B-B-0p10mps,4.739,0.23165000000000002,0.1,0.0,0.0,0.0,0.0,0.0,19.907499499999997,-19.907499499999997,0.0,19.907499499999997,19.907499499999997
Ref-01B-B-0p10mps,4.74,0.23175,0.1,0.0,0.0,0.0,0.0,0.0,19.907499499999997,-19.907499499999997,0.0,19.907499499999997,19.907499499999997
Ref-01B-B-0p10mps,4.741,0.23185,0.1,0.0,0.0,0.0,0.0,0.0,19.907499499999997,-19.907499499999997,0.0,19.907499499999997,19.907499499999997
Ref-01B-B-0p10mps,4.742,0.23195000000000005,0.1,0.0,0.0,0.0,0.0,0.0,19.907499499999997,-19.907499499999997,0.0,19.907499499999997,19.907499499999997
Ref-01B-B-0p10mps,4.742999999999999,0.23204999999999998,0.1,0.0,0.0,0.0,0.0,0.0,19.907499499999997,-19.907499499999997,0.0,19.907499499999997,19.907499499999997
Ref-01B-B-0p10mps,4.744,0.23215000000000002,0.1,0.0,0.0,0.0,0.0,0.0,19.907499499999997,-19.907499499999997,0.0,19.907499499999997,19.907499499999997
Ref-01B-B-0p10mps,4.745,0.23225,0.1,0.0,0.0,0.0,0.0,0.0,19.907499499999997,-19.907499499999997,0.0,19.907499499999997,19.907499499999997
Ref-01B-B-0p10mps,4.7459999999999996,0.23235,0.1,0.0,0.0,0.0,0.0,0.0,19.907499499999997,-19.907499499999997,0.0,19.907499499999997,19.907499499999997
Ref-01B-B-0p10mps,4.747000000000001,0.23245000000000005,0.1,0.0,0.0,0.0,0.0,0.0,19.907499499999997,-19.907499499999997,0.0,19.907499499999997,19.907499499999997
Ref-01B-B-0p10mps,4.747999999999999,0.23254999999999998,0.1,0.0,0.0,0.0,0.0,0.0,19.907499499999997,-19.907499499999997,0.0,19.907499499999997,19.907499499999997
Ref-01B-B-0p10mps,4.7490000000000006,0.23265000000000002,0.1,0.0,0.0,0.0,0.0,0.0,19.907499499999997,-19.907499499999997,0.0,19.907499499999997,19.907499499999997
Ref-01B-B-0p10mps,4.75,0.23275,0.1,0.0,0.0,0.0,0.0,0.0,19.907499499999997,-19.907499499999997,0.0,19.907499499999997,19.907499499999997
Ref-01B-B-0p10mps,4.751,0.23285,0.1,0.0,0.0,0.0,0.0,0.0,19.907499499999997,-19.907499499999997,0.0,19.907499499999997,19.907499499999997
Ref-01B-B-0p10mps,4.752000000000001,0.23295000000000005,0.1,0.0,0.0,0.0,0.0,0.0,19.907499499999997,-19.907499499999997,0.0,19.907499499999997,19.907499499999997
Ref-01B-B-0p10mps,4.753,0.23304999999999998,0.1,0.0,0.0,0.0,0.0,0.0,19.907499499999997,-19.907499499999997,0.0,19.907499499999997,19.907499499999997
Ref-01B-B-0p10mps,4.7540000000000004,0.23315000000000002,0.1,0.0,0.0,0.0,0.0,0.0,19.907499499999997,-19.907499499999997,0.0,19.907499499999997,19.907499499999997
Ref-01B-B-0p10mps,4.755,0.23325,0.1,0.0,0.0,0.0,0.0,0.0,19.907499499999997,-19.907499499999997,0.0,19.907499499999997,19.907499499999997
Ref-01B-B-0p10mps,4.756,0.23335,0.1,0.0,0.0,0.0,0.0,0.0,19.907499499999997,-19.907499499999997,0.0,19.907499499999997,19.907499499999997
Ref-01B-B-0p10mps,4.757000000000001,0.23345000000000005,0.1,0.0,0.0,0.0,0.0,0.0,19.907499499999997,-19.907499499999997,0.0,19.907499499999997,19.907499499999997
Ref-01B-B-0p10mps,4.758,0.23354999999999998,0.1,0.0,0.0,0.0,0.0,0.0,19.907499499999997,-19.907499499999997,0.0,19.907499499999997,19.907499499999997
Ref-01B-B-0p10mps,4.759,0.23365000000000002,0.1,0.0,0.0,0.0,0.0,0.0,19.907499499999997,-19.907499499999997,0.0,19.907499499999997,19.907499499999997
Ref-01B-B-0p10mps,4.76,0.23375,0.1,0.0,0.0,0.0,0.0,0.0,19.907499499999997,-19.907499499999997,0.0,19.907499499999997,19.907499499999997
Ref-01B-B-0p10mps,4.761,0.23385,0.1,0.0,0.0,0.0,0.0,0.0,19.907499499999997,-19.907499499999997,0.0,19.907499499999997,19.907499499999997
Ref-01B-B-0p10mps,4.7620000000000005,0.23395000000000005,0.1,0.0,0.0,0.0,0.0,0.0,19.907499499999997,-19.907499499999997,0.0,19.907499499999997,19.907499499999997
Ref-01B-B-0p10mps,4.763,0.23404999999999998,0.1,0.0,0.0,0.0,0.0,0.0,19.907499499999997,-19.907499499999997,0.0,19.907499499999997,19.907499499999997
Ref-01B-B-0p10mps,4.764,0.23415000000000002,0.1,0.0,0.0,0.0,0.0,0.0,19.907499499999997,-19.907499499999997,0.0,19.907499499999997,19.907499499999997
Ref-01B-B-0p10mps,4.765,0.23425,0.1,0.0,0.0,0.0,0.0,0.0,19.907499499999997,-19.907499499999997,0.0,19.907499499999997,19.907499499999997
Ref-01B-B-0p10mps,4.766,0.23435,0.1,0.0,0.0,0.0,0.0,0.0,19.907499499999997,-19.907499499999997,0.0,19.907499499999997,19.907499499999997
Ref-01B-B-0p10mps,4.767,0.23445000000000005,0.1,0.0,0.0,0.0,0.0,0.0,19.907499499999997,-19.907499499999997,0.0,19.907499499999997,19.907499499999997
Ref-01B-B-0p10mps,4.768,0.23454999999999998,0.1,0.0,0.0,0.0,0.0,0.0,19.907499499999997,-19.907499499999997,0.0,19.907499499999997,19.907499499999997
Ref-01B-B-0p10mps,4.769,0.23465000000000003,0.1,0.0,0.0,0.0,0.0,0.0,19.907499499999997,-19.907499499999997,0.0,19.907499499999997,19.907499499999997
Ref-01B-B-0p10mps,4.7700000000000005,0.23475000000000001,0.1,0.0,0.0,0.0,0.0,0.0,19.907499499999997,-19.907499499999997,0.0,19.907499499999997,19.907499499999997
Ref-01B-B-0p10mps,4.771,0.23485,0.1,0.0,0.0,0.0,0.0,0.0,19.907499499999997,-19.907499499999997,0.0,19.907499499999997,19.907499499999997
Ref-01B-B-0p10mps,4.772,0.23495000000000005,0.1,0.0,0.0,0.0,0.0,0.0,19.907499499999997,-19.907499499999997,0.0,19.907499499999997,19.907499499999997
Ref-01B-B-0p10mps,4.773,0.23504999999999998,0.1,0.0,0.0,0.0,0.0,0.0,19.907499499999997,-19.907499499999997,0.0,19.907499499999997,19.907499499999997
Ref-01B-B-0p10mps,4.774,0.23515000000000003,0.1,0.0,0.0,0.0,0.0,0.0,19.907499499999997,-19.907499499999997,0.0,19.907499499999997,19.907499499999997
Ref-01B-B-0p10mps,4.775,0.23525000000000001,0.1,0.0,0.0,0.0,0.0,0.0,19.907499499999997,-19.907499499999997,0.0,19.907499499999997,19.907499499999997
Ref-01B-B-0p10mps,4.776,0.23535,0.1,0.0,0.0,0.0,0.0,0.0,19.907499499999997,-19.907499499999997,0.0,19.907499499999997,19.907499499999997
Ref-01B-B-0p10mps,4.777,0.23545000000000005,0.1,0.0,0.0,0.0,0.0,0.0,19.907499499999997,-19.907499499999997,0.0,19.907499499999997,19.907499499999997
Ref-01B-B-0p10mps,4.778,0.23554999999999998,0.1,0.0,0.0,0.0,0.0,0.0,19.907499499999997,-19.907499499999997,0.0,19.907499499999997,19.907499499999997
Ref-01B-B-0p10mps,4.779,0.23565000000000003,0.1,0.0,0.0,0.0,0.0,0.0,19.907499499999997,-19.907499499999997,0.0,19.907499499999997,19.907499499999997
Ref-01B-B-0p10mps,4.78,0.23575000000000002,0.1,0.0,0.0,0.0,0.0,0.0,19.907499499999997,-19.907499499999997,0.0,19.907499499999997,19.907499499999997
Ref-01B-B-0p10mps,4.781,0.23585,0.1,0.0,0.0,0.0,0.0,0.0,19.907499499999997,-19.907499499999997,0.0,19.907499499999997,19.907499499999997
Ref-01B-B-0p10mps,4.782,0.23595000000000005,0.1,0.0,0.0,0.0,0.0,0.0,19.907499499999997,-19.907499499999997,0.0,19.907499499999997,19.907499499999997
Ref-01B-B-0p10mps,4.7829999999999995,0.23604999999999998,0.1,0.0,0.0,0.0,0.0,0.0,19.907499499999997,-19.907499499999997,0.0,19.907499499999997,19.907499499999997
Ref-01B-B-0p10mps,4.784,0.23615000000000003,0.1,0.0,0.0,0.0,0.0,0.0,19.907499499999997,-19.907499499999997,0.0,19.907499499999997,19.907499499999997
Ref-01B-B-0p10mps,4.785,0.23625000000000002,0.1,0.0,0.0,0.0,0.0,0.0,19.907499499999997,-19.907499499999997,0.0,19.907499499999997,19.907499499999997
Ref-01B-B-0p10mps,4.786,0.23635,0.1,0.0,0.0,0.0,0.0,0.0,19.907499499999997,-19.907499499999997,0.0,19.907499499999997,19.907499499999997
Ref-01B-B-0p10mps,4.787000000000001,0.23645000000000005,0.1,0.0,0.0,0.0,0.0,0.0,19.907499499999997,-19.907499499999997,0.0,19.907499499999997,19.907499499999997
Ref-01B-B-0p10mps,4.787999999999999,0.23654999999999998,0.1,0.0,0.0,0.0,0.0,0.0,19.907499499999997,-19.907499499999997,0.0,19.907499499999997,19.907499499999997
Ref-01B-B-0p10mps,4.789000000000001,0.23665000000000003,0.1,0.0,0.0,0.0,0.0,0.0,19.907499499999997,-19.907499499999997,0.0,19.907499499999997,19.907499499999997
Ref-01B-B-0p10mps,4.79,0.23675000000000002,0.1,0.0,0.0,0.0,0.0,0.0,19.907499499999997,-19.907499499999997,0.0,19.907499499999997,19.907499499999997
Ref-01B-B-0p10mps,4.791,0.23685,0.1,0.0,0.0,0.0,0.0,0.0,19.907499499999997,-19.907499499999997,0.0,19.907499499999997,19.907499499999997
Ref-01B-B-0p10mps,4.792000000000001,0.23695000000000005,0.1,0.0,0.0,0.0,0.0,0.0,19.907499499999997,-19.907499499999997,0.0,19.907499499999997,19.907499499999997
Ref-01B-B-0p10mps,4.793,0.23704999999999998,0.1,0.0,0.0,0.0,0.0,0.0,19.907499499999997,-19.907499499999997,0.0,19.907499499999997,19.907499499999997
Ref-01B-B-0p10mps,4.7940000000000005,0.23715000000000003,0.1,0.0,0.0,0.0,0.0,0.0,19.907499499999997,-19.907499499999997,0.0,19.907499499999997,19.907499499999997
Ref-01B-B-0p10mps,4.795,0.23725000000000002,0.1,0.0,0.0,0.0,0.0,0.0,19.907499499999997,-19.907499499999997,0.0,19.907499499999997,19.907499499999997
Ref-01B-B-0p10mps,4.796,0.23735,0.1,0.0,0.0,0.0,0.0,0.0,19.907499499999997,-19.907499499999997,0.0,19.907499499999997,19.907499499999997
Ref-01B-B-0p10mps,4.797000000000001,0.23745000000000005,0.1,0.0,0.0,0.0,0.0,0.0,19.907499499999997,-19.907499499999997,0.0,19.907499499999997,19.907499499999997
Ref-01B-B-0p10mps,4.798,0.23754999999999998,0.1,0.0,0.0,0.0,0.0,0.0,19.907499499999997,-19.907499499999997,0.0,19.907499499999997,19.907499499999997
Ref-01B-B-0p10mps,4.799,0.23765000000000003,0.1,0.0,0.0,0.0,0.0,0.0,19.907499499999997,-19.907499499999997,0.0,19.907499499999997,19.907499499999997
Ref-01B-B-0p10mps,4.8,0.23774999999999996,0.1,0.0,0.0,0.0,0.0,0.0,19.907499499999997,-19.907499499999997,0.0,19.907499499999997,19.907499499999997
Ref-01B-B-0p10mps,4.801,0.23785,0.1,0.0,0.0,0.0,0.0,0.0,19.907499499999997,-19.907499499999997,0.0,19.907499499999997,19.907499499999997
Ref-01B-B-0p10mps,4.8020000000000005,0.23795000000000005,0.1,0.0,0.0,0.0,0.0,0.0,19.907499499999997,-19.907499499999997,0.0,19.907499499999997,19.907499499999997
Ref-01B-B-0p10mps,4.803,0.23804999999999998,0.1,0.0,0.0,0.0,0.0,0.0,19.907499499999997,-19.907499499999997,0.0,19.907499499999997,19.907499499999997
Ref-01B-B-0p10mps,4.804,0.23815000000000003,0.1,0.0,0.0,0.0,0.0,0.0,19.907499499999997,-19.907499499999997,0.0,19.907499499999997,19.907499499999997
Ref-01B-B-0p10mps,4.805,0.23824999999999996,0.1,0.0,0.0,0.0,0.0,0.0,19.907499499999997,-19.907499499999997,0.0,19.907499499999997,19.907499499999997
Ref-01B-B-0p10mps,4.806,0.23835,0.1,0.0,0.0,0.0,0.0,0.0,19.907499499999997,-19.907499499999997,0.0,19.907499499999997,19.907499499999997
Ref-01B-B-0p10mps,4.807,0.23845000000000005,0.1,0.0,0.0,0.0,0.0,0.0,19.907499499999997,-19.907499499999997,0.0,19.907499499999997,19.907499499999997
Ref-01B-B-0p10mps,4.808,0.23854999999999998,0.1,0.0,0.0,0.0,0.0,0.0,19.907499499999997,-19.907499499999997,0.0,19.907499499999997,19.907499499999997
Ref-01B-B-0p10mps,4.809,0.23865000000000003,0.1,0.0,0.0,0.0,0.0,0.0,19.907499499999997,-19.907499499999997,0.0,19.907499499999997,19.907499499999997
Ref-01B-B-0p10mps,4.81,0.23874999999999996,0.1,0.0,0.0,0.0,0.0,0.0,19.907499499999997,-19.907499499999997,0.0,19.907499499999997,19.907499499999997
Ref-01B-B-0p10mps,4.811,0.23885,0.1,0.0,0.0,0.0,0.0,0.0,19.907499499999997,-19.907499499999997,0.0,19.907499499999997,19.907499499999997
Ref-01B-B-0p10mps,4.812,0.23895000000000005,0.1,0.0,0.0,0.0,0.0,0.0,19.907499499999997,-19.907499499999997,0.0,19.907499499999997,19.907499499999997
Ref-01B-B-0p10mps,4.813,0.23904999999999998,0.1,0.0,0.0,0.0,0.0,0.0,19.907499499999997,-19.907499499999997,0.0,19.907499499999997,19.907499499999997
Ref-01B-B-0p10mps,4.814,0.23915000000000003,0.1,0.0,0.0,0.0,0.0,0.0,19.907499499999997,-19.907499499999997,0.0,19.907499499999997,19.907499499999997
Ref-01B-B-0p10mps,4.8149999999999995,0.23924999999999996,0.1,0.0,0.0,0.0,0.0,0.0,19.907499499999997,-19.907499499999997,0.0,19.907499499999997,19.907499499999997
Ref-01B-B-0p10mps,4.816,0.23935,0.1,0.0,0.0,0.0,0.0,0.0,19.907499499999997,-19.907499499999997,0.0,19.907499499999997,19.907499499999997
Ref-01B-B-0p10mps,4.817,0.23945000000000005,0.1,0.0,0.0,0.0,0.0,0.0,19.907499499999997,-19.907499499999997,0.0,19.907499499999997,19.907499499999997
Ref-01B-B-0p10mps,4.818,0.23954999999999999,0.1,0.0,0.0,0.0,0.0,0.0,19.907499499999997,-19.907499499999997,0.0,19.907499499999997,19.907499499999997
Ref-01B-B-0p10mps,4.819,0.23965000000000003,0.1,0.0,0.0,0.0,0.0,0.0,19.907499499999997,-19.907499499999997,0.0,19.907499499999997,19.907499499999997
Ref-01B-B-0p10mps,4.819999999999999,0.23974999999999996,0.1,0.0,0.0,0.0,0.0,0.0,19.907499499999997,-19.907499499999997,0.0,19.907499499999997,19.907499499999997
Ref-01B-B-0p10mps,4.821,0.23985,0.1,0.0,0.0,0.0,0.0,0.0,19.907499499999997,-19.907499499999997,0.0,19.907499499999997,19.907499499999997
Ref-01B-B-0p10mps,4.822,0.23995000000000005,0.1,0.0,0.0,0.0,0.0,0.0,19.907499499999997,-19.907499499999997,0.0,19.907499499999997,19.907499499999997
Ref-01B-B-0p10mps,4.8229999999999995,0.24004999999999999,0.1,0.0,0.0,0.0,0.0,0.0,19.907499499999997,-19.907499499999997,0.0,19.907499499999997,19.907499499999997
Ref-01B-B-0p10mps,4.824,0.24015000000000003,0.1,0.0,0.0,0.0,0.0,0.0,19.907499499999997,-19.907499499999997,0.0,19.907499499999997,19.907499499999997
Ref-01B-B-0p10mps,4.824999999999999,0.24024999999999996,0.1,0.0,0.0,0.0,0.0,0.0,19.907499499999997,-19.907499499999997,0.0,19.907499499999997,19.907499499999997
Ref-01B-B-0p10mps,4.826,0.24035,0.1,0.0,0.0,0.0,0.0,0.0,19.907499499999997,-19.907499499999997,0.0,19.907499499999997,19.907499499999997
Ref-01B-B-0p10mps,4.827000000000001,0.24045000000000005,0.1,0.0,0.0,0.0,0.0,0.0,19.907499499999997,-19.907499499999997,0.0,19.907499499999997,19.907499499999997
Ref-01B-B-0p10mps,4.827999999999999,0.24054999999999999,0.1,0.0,0.0,0.0,0.0,0.0,19.907499499999997,-19.907499499999997,0.0,19.907499499999997,19.907499499999997
Ref-01B-B-0p10mps,4.829000000000001,0.24065000000000003,0.1,0.0,0.0,0.0,0.0,0.0,19.907499499999997,-19.907499499999997,0.0,19.907499499999997,19.907499499999997
Ref-01B-B-0p10mps,4.829999999999999,0.24074999999999996,0.1,0.0,0.0,0.0,0.0,0.0,19.907499499999997,-19.907499499999997,0.0,19.907499499999997,19.907499499999997
Ref-01B-B-0p10mps,4.831,0.24085,0.1,0.0,0.0,0.0,0.0,0.0,19.907499499999997,-19.907499499999997,0.0,19.907499499999997,19.907499499999997
Ref-01B-B-0p10mps,4.832000000000001,0.24095000000000005,0.1,0.0,0.0,0.0,0.0,0.0,19.907499499999997,-19.907499499999997,0.0,19.907499499999997,19.907499499999997
Ref-01B-B-0p10mps,4.833,0.24105,0.1,0.0,0.0,0.0,0.0,0.0,19.907499499999997,-19.907499499999997,0.0,19.907499499999997,19.907499499999997
Ref-01B-B-0p10mps,4.8340000000000005,0.24115000000000003,0.1,0.0,0.0,0.0,0.0,0.0,19.907499499999997,-19.907499499999997,0.0,19.907499499999997,19.907499499999997
Ref-01B-B-0p10mps,4.835,0.24124999999999996,0.1,0.0,0.0,0.0,0.0,0.0,19.907499499999997,-19.907499499999997,0.0,19.907499499999997,19.907499499999997
Ref-01B-B-0p10mps,4.836,0.24135,0.1,0.0,0.0,0.0,0.0,0.0,19.907499499999997,-19.907499499999997,0.0,19.907499499999997,19.907499499999997
Ref-01B-B-0p10mps,4.837000000000001,0.24145000000000005,0.1,0.0,0.0,0.0,0.0,0.0,19.907499499999997,-19.907499499999997,0.0,19.907499499999997,19.907499499999997
Ref-01B-B-0p10mps,4.838,0.24155,0.1,0.0,0.0,0.0,0.0,0.0,19.907499499999997,-19.907499499999997,0.0,19.907499499999997,19.907499499999997
Ref-01B-B-0p10mps,4.839,0.24165000000000003,0.1,0.0,0.0,0.0,0.0,0.0,19.907499499999997,-19.907499499999997,0.0,19.907499499999997,19.907499499999997
Ref-01B-B-0p10mps,4.84,0.24174999999999996,0.1,0.0,0.0,0.0,0.0,0.0,19.907499499999997,-19.907499499999997,0.0,19.907499499999997,19.907499499999997
Ref-01B-B-0p10mps,4.841,0.24185,0.1,0.0,0.0,0.0,0.0,0.0,19.907499499999997,-19.907499499999997,0.0,19.907499499999997,19.907499499999997
Ref-01B-B-0p10mps,4.8420000000000005,0.24195000000000005,0.1,0.0,0.0,0.0,0.0,0.0,19.907499499999997,-19.907499499999997,0.0,19.907499499999997,19.907499499999997
Ref-01B-B-0p10mps,4.843,0.24205,0.1,0.0,0.0,0.0,0.0,0.0,19.907499499999997,-19.907499499999997,0.0,19.907499499999997,19.907499499999997
Ref-01B-B-0p10mps,4.844,0.24215000000000003,0.1,0.0,0.0,0.0,0.0,0.0,19.907499499999997,-19.907499499999997,0.0,19.907499499999997,19.907499499999997
Ref-01B-B-0p10mps,4.845,0.24224999999999997,0.1,0.0,0.0,0.0,0.0,0.0,19.907499499999997,-19.907499499999997,0.0,19.907499499999997,19.907499499999997
